lib1Key,lib1Title,twinTitle,decision,notes
ZI9DL79A,Spectacles for the short sighted. 1. Masks as agents of social control,Spectacles for the short sighted : 1. masks as agents of social control,same,
25B2EUK7,Metamorfosis,Metamorphosis,unsure,if by Pablos in 2020 it is the same book and the libtitle spelling is correct but it is a common title in art related books
GT82LS4U,Ron's world,Ron's world,same,
B9X5MTPV,Hover,Hover,same,
SEHLKI4V,Avalanche.,Avalanche,same,
6XUUG9TX,Holy holy art cards : fancy assorted Christmas selection,Holy holy art cards [realia] : fancy assorted Christmas selection,same,libtitle correct
VY22TT3H,La felicidad : America Latina,La felicidad : America Latina,,
RYZJVH45,Ohio,Ohio,same,
57SFZM92,Room : O-MI Motel,Room : O-MI Motel,,
WA4E2BQF,"Three valleys : the valleys of Silicon, San Joaquin, and Death, February 12-26","Three valleys : the valleys of Silicon, San Joaquin, and Death, February 12-26",,
VFM823G8,Upstate,Upstate,,
EB82UPEB,Michigan,Michigan,,
BHKESI49,The anatomy of business,The anatomy of business,,
W6ZKNF2N,"III, Self publish, be happy book club","III, Self publish, be happy book club",,
TBSWMXFY,War cut,War cut,,
XIVAMUV4,The tonalities of grief : Kirov's notes for his fall 2008 lectures on stoicism,The tonalities of grief : Kirov's notes for his fall 2008 lectures on stoicism,,
CFMRJ8E5,"Patterns : divided, mirrored, repeated","Patterns : divided, mirrored, repeated",,
DIJW9DJP,Elvis Road,Elvis Road,,
BJ3JHZL4,María ríe por dentro : un relato,María ríe por dentro : un relato,,
X3YPGDHF,Descendant,Descendant,same,
I6MG6652,Odios falsos,Odios falsos,,
S2J565HG,"El Tambor de Ayapá ; y, Nokán y el Maíz","El Tambor de Ayapá ; y, Nokán y el Maíz",,
Z72XVV7K,"Bicentenaire, Trouillot","Bicentenaire, Trouillot",,
WNP5J3KM,Glorieta sin agua,Glorieta sin agua,,
KDRDUZLM,The complex of all of these,The complex of all of these,,
88A8V9DI,Time i$,Time i$,,
XQERHAH7,Heath course pak rfc,Heath course pak rfc,,
LEXZ7EP2,The bowl and the book,The bowl and the book,same,
PX2H4BDY,James Franco : the dangerous book four boys,James Franco : the dangerous book four boys,,
AYSA8R9B,To place. Haraldsdóttir. Part two,To place. Haraldsdóttir. Part two,,
GGZNZJ8A,Color codes,Color codes,,
ESWIXCA6,Etceteras,Etceteras,,
S44L2ZCK,"Query, quest, & quasi","Query, quest, & quasi",,
8YCFRFW8,Addresses,Addresses,,
P95PLJW5,Gone fishing.,Gone fishing.,,
V8KPNIKP,Redheaded Peckerwood,Redheaded Peckerwood,,
HUYC2TBK,Everything I kept = Todo lo que guarde,Everything I kept = Todo lo que guarde,,
33JWVV7Q,The myth of the airborne warrior,The myth of the airborne warrior,,
75ID8547,"Fatima, o, el Parque de la Fraternidad = Fatima of Fraternity Park","Fatima, o, el Parque de la Fraternidad = Fatima of Fraternity Park",,
385EZZS9,Lexicon,Lexicon,,
F3GWMWBB,Tulips,Tulips,,
KW8IIK8K,One family of objects = Jedna skupina předmětů,One family of objects = Jedna skupina předmětů,,
UWECJBE9,Feria congelada,Feria congelada,,
PJNQPYA5,Alicia en el país de la danza,Alicia en el país de la danza,,
XXAAB5RL,Motivos persas,Motivos persas,,
AZLNYTA7,Jet master : a visual strategy,Jet master : a visual strategy,,
HSPHNPJG,Nox,Nox,same,
8RRG74G4,Walking through : meditations on the ordinary,Walking through : meditations on the ordinary,,
AJF59VWN,Portable document format,Portable document format,,
ABSVKV2A,Postcards,Postcards,same,if author is Alys
SEG3BXNC,Wrong size fits all : miracles and mishaps,Wrong size fits all : miracles and mishaps,,
6J8FLDSD,Gravity,Gravity,,
3XMSAG9I,Vaivén,Vaivén,,
FGIBFTSV,Haiku book I,Haiku book I,,
Z7GYGWFP,Visual poems,Visual poems,,
LUKVYP4Q,Museums,Museums,,
FIRZHXH6,Mood : potential.,Mood : potential.,,
L7IVZW42,Sweethearts,Sweethearts,,
LQF4G7KG,Es una historia negra,Es una historia negra,,
F329C33W,Manual de supervivencia para los días del gran desastre : un libro de autoayuda para los sobreviventes de la especie humana,Manual de supervivencia para los días del gran desastre : un libro de autoayuda para los sobreviventes de la especie humana,,
39I6WP85,Kidnapping mountains,Kidnapping mountains / by Slavs and Tatars.,same,
DAJ63WE5,"Wiederholung ist was ich liebe, nun also = Repeating is what I am loving, so then","Wiederholung ist was ich liebe, nun also = Repeating is what I am loving, so then",,
WDXCLLBJ,Ingres and other parables.,Ingres and other parables.,same,
7GI4KT7B,"George and Gilbert : the living sculptors, London : catalogue for their 1973 Australian visit.","George and Gilbert : the living sculptors, London : catalogue for their 1973 Australian visit.",,
PSR69JFR,It is... it isn't...,It is... it isn't...,,
Q6966ZEK,Kex.,Kex.,,
7ZDEDDST,"Tea, c, d&c : cycles interrupted","Tea, c, d&c : cycles interrupted",,
LLBP3IUB,My 9 migraine cures,My 9 migraine cures,,
QZI8KM7C,Then what? : photographs and folklore,Then what? : photographs and folklore,,
ZIBCI6YN,Libro quemado = Burnt book,Libro quemado = Burnt book,,
KNQTK6HU,Light in the head,Light in the head,,
SFWQ6TR9,Mine fields,Mine fields,,
C8BMD28G,Escape,Escape,,
QJ3T4MCD,Heavenly bodies,Heavenly bodies,,
XDT53MWF,Genre,Genre,same,
E7EA28MC,Unmatched halves,Unmatched halves,,
S3KSCVWU,"Carl Andre, Robert Barry, Douglas Huebler, Joseph Kosuth, Sol Lewitt, Robert Morris, Lawrence Weiner.","Carl Andre, Robert Barry, Douglas Huebler, Joseph Kosuth, Sol Lewitt, Robert Morris, Lawrence Weiner.",same,
F4HK99Z3,The David Park Scroll,The David Park Scroll,,
2NH7FQV4,Rondo : an artist book,Rondo : an artist book,,
ZZ4K95WR,Lines in two directions and in five colors on five colors with all their combinations,Lines in two directions and in five colors on five colors with all their combinations,,
TXIQ8XKT,A journey to the Far Canine Range and the unexplored territory beyond Terrier Pass,A journey to the Far Canine Range and the unexplored territory beyond Terrier Pass,,
U2MF224T,I want to take picture,I want to take picture,,
M98I24JJ,Homo futurus,Homo futurus,,
8M7R4N4L,"Heads bowed, eyes closed, no one looking around","Heads bowed, eyes closed, no one looking around",,
RURBWNX5,Talismans and signifiers with sphere into cube,Talismans and signifiers with sphere into cube,,
42CU6NPN,The case for the burial of ancestors,"The case for the burial of ancestors, Book I",no,we catalog them together with a note but this is incorrect practice; they are books 1 and 2 of a series of 3; book one is The case for the burial of ancestors: Geography and book 2 is The case for the burial of ancestors:Genealogy; book 3 which we don't have at unc is subtitled The history of the H Tabernacle in Exile
AZ27E8TR,Sensations,Sensations,same,
7NQTY9J3,Two pieces.,Two pieces.,,
BBKPIAK8,How to commit suicide in South Africa,How to commit suicide in South Africa,,
CX95PR5D,Picture/Readings,Picture/Readings,,
PG4L9B6A,128 details from a picture (Halifax 1978),128 details from a picture (Halifax 1978),,
4V7VXXUQ,AS in DS : an eye on the road,AS in DS : an eye on the road,,
8NA97YKF,In celebration of the discovery of the abandoned star factory,In celebration of the discovery of the abandoned star factory,,
RG6PMUM7,Seattle subtext,Seattle subtext,,
BT9S9S3C,Quincy book.,Quincy book.,,
86YAACKX,"""A declaration of dependence""","""A declaration of dependence""",,
XUVN7Z84,Clinkscale.,Clinkscale.,,
CMVN8WDV,"955,000 : an exhibition","955,000 : an exhibition",,
7SDSLPJQ,Changing license,Changing license,,
9566N2AN,"Richard Long : South America, 1972.","South America, 1972.",same,proper title should be South America
BHZT8DG4,"January 5-31, 1969","January 5-31, 1969",,
YKNYU9HC,11 excerpts (1967-1970) = 11 [i.e. onze] extraits (1967-1970),11 excerpts (1967-1970) = 11 [i.e. onze] extraits (1967-1970),,
5L2TAD4P,The queen of wands,The queen of wands,,
2G2XDJXS,Home,Home,unsure,"many works with this title, if authors match it is same"
P2EF5MPR,Eight.,Eight,,
V9GG5ER6,AT lanta 1945+50,AT lanta 1945 50,,
V4KYQD7L,Vie impossible,Vie impossible,,
J8E6CK4D,Get your war on,Get your war on,,
38QRZLWU,Aunt Sallie's lament,Aunt Sallie's lament,,
RXHBT3BK,The contemporary picturesque,The contemporary picturesque,,
DB86D3LW,Stereo,Stereo,,
UXJCPNTE,"Punzocortante : a sharp object with ability to cut, generally used as a weapon","Punzocortante : a sharp object with ability to cut, generally used as a weapon",,
PZAIVR4Z,Soul & psyche,Soul & psyche,,
R8CCCWWJ,Animal proverbs of the Grebo people of Liberia.,Animal proverbs of the Grebo people of Liberia.,,
B76AVV9G,When we were ten : a photo/text story of a mother and her son,When we were ten : a photo/text story of a mother and her son,,
RJYCBIDD,"13 books : (notes on the design, construction & marketing of my last--)","13 books : (notes on the design, construction & marketing of my last--)",,
H9RXTD3X,The practical speller : a manual of instruction in the rudiments of the English language,The practical speller : a manual of instruction in the rudiments of the English language,same,
JLY4R37H,The fourth day : destruction of birds,The fourth day : destruction of birds,,
L9UBUAFB,A tourist map to Japan : major air routes in Japan : voyage(r),A tourist map to Japan : major air routes in Japan  / voyage(r) by Clarissa Sligh.,,
WT3LJVAP,Double game,Double game,,
8HI9LLCQ,To a fragmented world-- a poetics = a un mundo fragmentado-- una poética,To a fragmented world-- a poetics = a un mundo fragmentado-- una poética,,
RCB8SFZ7,Line form color,Line form color,same,
FEUU4JSU,Dinosaurs,Dinosaurs,same,
G4CPAXVL,Twenty-five years ago,Twenty-five years ago,,
TPYQ6DEA,Diplomatic passport : United States of America.,Diplomatic passport : United States of America.,,
ZSX4EAAX,Tender tearful spaces,Tender tearful spaces,,
HWY669W3,The Art/Life Institute handbook,The Art/Life Institute handbook,same,
RMIU5AMJ,Looking.,Looking.,same,
YDQWE48C,A nuclear atlas,A nuclear atlas,,
DNVLI4KM,Ten isometric drawings for ten vertical constructions,Ten isometric drawings for ten vertical constructions,,
YTGTDPVI,Coming and going : (a life-like dismissal),Coming and going : (a life-like dismissal),,
X8ZYSC4C,"Art and life, or, Fairies have their place","Art and life, or, Fairies have their place",,
B4BBDBEF,"Pistol, pistil : botanical ballistics","Pistol, pistil : botanical ballistics",,
KNRYI9SX,Libro volante,Libro volante,,
2RFFS5BN,Arbitra,Arbitra,same,needs unique material tag
VLALFDAI,Poética involuntaria,Poética involuntaria,,
7ZETKSU7,Saca la cabeza y respira,Saca la cabeza y respira,,
437HJJRW,"En tierra, hilando vientos","En tierra, hilando vientos",same,
LKBCYY6R,Pequeñas cosas vuelven a ser insignificantes,Pequeñas cosas vuelven a ser insignificantes,,
35RT26RN,051272,051272,,
VLKEXY4L,Drowning.,Drowning.,,
BNX4NZCG,Escenario múltiple,Escenario múltiple,,
EZXJR27I,Problemas,Problemas,,
3475W58I,Googled English frontier deedbook,Googled English frontier deedbook,same,needs unique material tag
3YQT4G2T,An atlas of radical cartography,An atlas of radical cartography,,
NHG3LVCB,Time outs,Time outs,,
Z8XTQ87C,La veritat sobre el cas Manbaa Mokfhi = la verdad sobre el caso Manbaa Mokfhi = toute la vérité sur le cas Manbaa Mokfhi =the truth about the case of Manbaa Mokfhi,La veritat sobre el cas Manbaa Mokfhi = la verdad sobre el caso Manbaa Mokfhi = toute la vérité sur le cas Manbaa Mokfhi =the truth about the case of Manbaa Mokfhi,,
GR63RUQT,Los signos del zodiaco : doce textos,Los signos del zodiaco : doce textos,,
YTMMPSV5,The story of o.,The story of o.,,
MYI3QKVP,Retrospective,Retrospective,,
Y674F2JV,Paula Rae Gibson (fear I know not) I'll always walk away,Paula Rae Gibson (fear I know not) I'll always walk away,,
54B9KKC3,The king of things = El rey de las cosas,The king of things = El rey de las cosas,,
PGMABZSS,Corners,Corners,,
3L36U9YX,Memory loss,Memory loss,no,unless same author
NYLUKXKE,Complexities,Complexities,,
2XLRZGND,Grace's daughter,Grace's daughter,,
DXHKFESU,Knights of Assisi : a journey through the tarot,Knights of Assisi : a journey through the tarot,,
F95AQ7S7,Bad,Bad,,
6STZMJ5M,My constant companion,My constant companion,,
5IMTCWXD,Seasonal turns : four accordion books,Seasonal turns : four accordion books,,
24ICFDNJ,Mountain dream tarot : a deck of 78 photographic cards,Mountain dream tarot [flash card] : a deck of 78 photographic cards,,
W2E83SS4,Turning fifty,Turning fifty,,
5HEDP9TN,Flamingo in the dark : images,Flamingo in the dark : images,,
D9VQPSUU,Bobby : book nr. 100,Bobby : book number 100,same,
Z7E9RQD8,Analemmic : an equation of time,Analemmic : an equation of time,same,
P3N2IHVX,Otherspace : Martian ty/opography,Otherspace : martian ty/opography,,
S3PRV2XI,The circular ruins,The circular ruins,,
DP5Q7J4G,Nineteen nights in San Francisco,Nineteen nights in San Francisco,,
Q9FVYBSE,Groar! : (14 poemas-fósforo),Groar! : (14 poemas-fósforo),same,
GAD4GLLL,Si fueras--,Si fueras--,,
FGQXA465,Paulette me había dejado una nota en el buzón,Paulette me había dejado una nota en el buzón,,
RTHTYZE9,Mi niña veneno en el jardin de las baladas del recuerdo : (2000-1996),Mi niña veneno en el jardin de las baladas del recuerdo : (2000-1996),,
6QD6LFLP,Pirozzi : un invento argentino.,Pirozzi : un invento argentino.,,
U6KEP6KP,Siesta argentina,Siesta argentina,,
S42V8EBK,Caído del cielo,Caído del cielo,,
NXFZ7UE4,Adán,Adán,,
CLACMR53,"El cuello de tres picos, dos patos y pico ; La mesa está servida : ¿nos sentamos a la mesa? ; El desnudo entre tanto se mantiene ; Las visiones del hornero el cielo, alas","El cuello de tres picos, dos patos y pico ; La mesa está servida : ¿nos sentamos a la mesa? ; El desnudo entre tanto se mantiene ; Las visiones del hornero el cielo, alas",,
AJE8UGW7,"Versos sencillos, IX : (La niña de Guatemala)","Versos sencillos, IX : (La niña de Guatemala)",,
YUIPWEIK,Baja presión,Baja presión,,
5JVN6K8F,Serie anomalías,Serie anomalías,,
NI3UZLKS,Lotería fotográfica mexicana : cantada con refranes y coplas de la lírica popular,Lotería fotográfica mexicana : cantada con refranes y coplas de la lírica popular,,
C3KU9PZ5,Unravelling the ripple,Unravelling the ripple,,
WJI3MS2X,Rex reason,Rex reason,,
XSZNK8DL,Make everything new : a project on communism,Make everything new : a project on communism,,
7MFURWM7,It wasn't Little Rock,It wasn't Little Rock,,
6M5DVI7W,Shadowed memory,Shadowed memory,unsure,same if author is Grant or Hill
G4T6UY2M,Gray's brain,Gray's brain,same,
L3TS5FQB,The mission,The mission,,
3BQCQGHP,Das Lamm,Das Lamm,,
EJGSE7FM,The index,The index,,
QQE5ACCC,Trawling my North Shore mind,Trawling my North Shore mind,,
8S2NDJKF,Hours,Hours,,
7X2BWWRD,The jumblies,The jumblies,,
77LCCKPR,A reminder : an open book test,A reminder : an open book test,,
VLVKFL26,Lissen here!,Lissen here!,,
78ATIMKR,Ponderance,Ponderance,,
GGCQLDFC,Love,Love,,
9LQCEIZA,Auschwitz.,Auschwitz.,same,
8L8MVWM2,Primary faces,Primary faces,,
E8JN5ASB,"Gabriel Gárcia Márquez, Chronicle of a death foretold : a typographic narrative.","Gabriel Gárcia Márquez, Chronicle of a death foretold : a typographic narrative.",,
DW5PRAEB,Come again,Come again,same,
JY9Y4AXX,"Gaby y el amor : seguido por, El pobre Rodríguez","Gaby y el amor : seguido por, El pobre Rodríguez",,
6BBVES93,Llamado por los malos poetas ; Lo cristalino,Llamado por los malos poetas ; Lo cristalino,,
XPFDFL9C,Umbanda Jackson,Umbanda Jackson,,
NVRCGSWV,Aún soltera,Aún soltera,,
ZCP4MY98,Delirios líricos,Delirios líricos,,
TDI6UIIQ,Anotaciones para una cumbia,Anotaciones para una cumbia,,
9TN9ELNF,Seudónimos de la muerte 1973-1983,Seudónimos de la muerte 1973-1983,,
KVC8CGLL,The far country,The far country,,
96994UU5,Words of Chan K'in : Lacandon jungle,Words of Chan K'in : Lacandon jungle,same,english language version other version has different title
KDYM4HVW,Invocation to the water spirits,Invocation to the water spirits,,
RP5H9K4J,The people's portraits of Bush.,The people's portraits of Bush.,,
TP48X73P,The stars,The stars,same,
F3QBXGRS,Pit's letter,Pit's letter,,
IUIAF2BG,Me a mound,Me a mound,,
EZHEFCGQ,The purification of fagus sylvatica var pendula,The purification of fagus sylvatica var pendula,,
3M7S4K3S,For the voice,For the voice,,
YJJPTV8A,The 24 hour self portrait.,The 24 hour self portrait,same,
4KEA7MUE,[I love you].,[I love you].,same,
9JB7XNFQ,Identity.,Identity,same,
GE5LNEJX,Making stuff and doing things.,Making stuff and doing things.,same,
GNEJCRC6,Retórica erótica,Retórica erótica,,
PSIY8T9P,Buenos Aires tour,Buenos Aires tour,same,
LRRPVEM6,Wonderwater (Alice Offshore),Wonderwater (Alice Offshore),,
ZE2MCHZ5,Telegrafías,Telegrafías,,
E26WR9FM,Pinturas en el cielo,Pinturas en el cielo,,
4EPKWKUP,Bully!,Bully!,,
P9KVEARW,Women,Women,same,
H98IN98U,Para ver antes de ir a la cama : (tædium vitæ),Para ver antes de ir a la cama : (tædium vitæ),,
2N8GIG9N,Colección Golosina.,Colección Golosina.,,
WHXWVCZV,El libro del fin del mundo,El libro del fin del mundo,,
E4K7PL4T,Artists' book,Artists' book,unsure,we have two books with the same title with and without apostrophe and even more where that is the title but in paraentheticals
XVHLYVHD,Fer : una fábula encendida y atolandrada.,Fer : una fábula encendida y atolandrada.,,
BBS6NWT3,War cut,War cut,,
KDU6G368,Stupa : construit et non construit = Stupa : built and unbuilt,Stupa : construit et non construit = Stupa : built and unbuilt,,
ZR3EVKZK,The Tower of the Winds.,The Tower of the Winds,,
Q9FZABYB,Zelda reflects.,Zelda reflects.,,
SBH8W73W,Turn over darling--,Turn over darling--,,
DFWYZM67,Will happiness find me?,Will happiness find me?,,
7BDVQGI4,Nets,Nets,,
3B5FYHRQ,En el último sendero el iniciado piensa,En el último sendero el iniciado piensa,,
V9XTTKYM,Well-heeled,Well-heeled,,
A92FKJZ9,Inside world.,Inside world.,,
XP8Q896Z,American English,American English,,
QJXCBLUI,Worldwise,Worldwise,,
CIMEKKTL,How Havana stole from New York the idea of Cuban art,How Havana stole from New York the idea of Cuban art,,
W8GSJ37L,Jerk,Jerk,,
SJWFU36R,Romanov,Romanov,,
PCWAH9NG,"Scott Joplin, Maple leaf rag","Scott Joplin, Maple leaf rag",,
2D9PRTRQ,Serif im,Serif im,,
US4EHVZK,Dr. Ameisenhaufen's fauna,Dr. Ameisenhaufen's fauna,,
ITFVWI5E,Boundless,Boundless,,
29L4MT3D,Insomnia.,Insomnia.,,
7J8ECK32,"The Pigs : Portugal, Italy, Greece and Spain through the eyes of the economists = Portugal, Italia, Grecia y España vistas por los economistas","The Pigs : Portugal, Italy, Greece and Spain through the eyes of the economists = Portugal, Italia, Grecia y España vistas por los economistas",,
JTVT9FA6,2013,2013,,
MFS2JKMD,Broken streets of my city = Las calles rotas de mi ciudad,Broken streets of my city = Las calles rotas de mi ciudad,,
S72T3HKR,Paisajes históricos urbanos de la ciudad de Matanzas,Paisajes históricos urbanos de la ciudad de Matanzas,,
UKQCWQW5,De la memoria : glosa para Eliseo Diego,De la memoria : glosa para Eliseo Diego,,
6AHEL62E,El partido de José Marti,El partido de José Marti,,
IS69FLWZ,Opus ciudad,Opus ciudad,,
G47YQHRP,"Era hombre, era mito, era bestia = Man, myth, beast","Era hombre, era mito, era bestia = Man, myth, beast",,
9U43YTJ3,Equilibristas,Equilibristas,,
SWUH8WI3,Todo es aluvión,Todo es aluvión,,
NRILB8GZ,"Como nieve en Sevilla, o, Sobre la depresión del 10","Como nieve en Sevilla, o, Sobre la depresión del 10",,
T22PU7LS,Asul,Asul,,
TUTWFGRR,Peluquería,Peluquería,,
TNXPPZZV,Ruta 23,Ruta 23,,
WHMM4CXE,Amigos y objetos preferidos,Amigos y objetos preferidos,,
LYIRKDR3,Verano 13,Verano 13,,
R225VLV5,Cuadernos y márgenes = Notebooks and margins,Cuadernos y márgenes = Notebooks and margins,,
T4Q8JGT8,530 : sá veldur sem á heldur,530 : sá veldur sem á heldur,,
TTB3LDMC,7 grabados mexicanos,7 grabados mexicanos,,
5NPQWAED,Poema mexicano,Poema mexicano,,
JPCRGULS,Old man and sea,Old man and sea,same,
EYRZQ8NE,Beautiful pig.,Beautiful pig,,
JAZK2D9Z,A real fighting man,A real fighting man,,
WYDD76TM,11.21.11 5:40 p.m.,11.21.11 5:40 p.m.,,
8F4C58S7,Olafur Eliasson : never tired of looking at each other : only the mountain and I.,Olafur Eliasson : never tired of looking at each other : only the mountain and I.,,
EACLZVKJ,Spam,Spam,,
IJ9GZ7UB,El hombre polar regresa a Stuttgart,El hombre polar regresa a Stuttgart,,
DNWLMB92,The terrorist's handbook,The terrorist's handbook,,
NHBU9AFB,Quatre mains,Quatre mains,,
ALB9FTPR,Various fires : and four running boys,Various fires : and four running boys,,
YAE9E8JN,"How the West was won, Copyright applied for","How the West was won, Copyright applied for",,
FXH3MFZ4,Cédula de Identidad Venezolana,Cédula de Identidad Venezolana,,
4EKGZRAP,Nine nameless mountains,Nine nameless mountains,,
4YEPSFHZ,El Palentino,El Palentino,,
T3HMA3Y3,Lone wolf,Lone wolf,,
2IIG9R9G,Noray,Noray,,
JIZSP3WW,Las Meninas,Las Meninas,,
DERSRJXG,On democracy,On democracy,,
BWD5RPQA,Mystic places,Mystic places,,
XSVTEUMY,Palpung Parkhang ; Kandze Village bodhisattva ; Dzogchen village home,Palpung Parkhang ; Kandze Village bodhisattva ; Dzogchen village home,,
7IYF93BL,The dry salvages,The dry salvages,,
PD9US4S4,Finite sets,Finite sets,,
ADTW9HSF,Details magazine,Details magazine,same,
HS6P2TL5,Cosas de viaje,Cosas de viaje,,
6ESQRWJV,Prehensil,Prehensil,,
C3H98RJT,עמידה. / Amidah.,Amidah.,,
TX24DZ7I,Speaking of scars,Speaking of scars,,
KIVV4JZW,Beata risográfica,Beata risográfica,,
QKRANKIT,Papalote,Papalote,,
VJUAH3JS,Privacidad.,Privacidad.,,
CHRACB46,Libro de anatomía,Libro de anatomía,,
NS8279DS,Pasaporte,Pasaporte,,
SPQ2RDCP,Pío : un historia de = a story by = eine Geschichte von,Pío : un historia de = a story by = eine Geschichte von,,
5DQ54GNV,Beutel Frau = Bolsa de dama,Beutel Frau = Bolsa de dama,,
SVT8GK4B,Un cuento de hadas,Un cuento de hadas,,
XEL9V72U,The loneliest man in Missouri.,The loneliest man in Missouri.,,
T57ZDULI,Martin Soto Climent : the equation of desire.,Martin Soto Climent : the equation of desire.,,
779SMV8U,NEWS,NEWS,,
6IPP9TGV,Los Alamos revisited,Los Alamos revisited,,
THIN77YE,Got a minute?,Got a minute?,,
4U68C3D8,Cantares de mal de amores,Cantares de mal de amores,,
9DRPKMDL,La flor del cactus,La flor del cactus,,
XT3TVZK2,The meadow,The meadow,,
ZUCHITL8,Tomorrow's man,Tomorrow's man,unsure,should be numbered; tomorrow's man is a series; unc has 2 through 4
PN8XVZPJ,La triste lista : apunte informativo.,La triste lista : apunte informativo.,,
YDFD9PFY,La danza de los cuerpos,La danza de los cuerpos,,
2JYUVMH2,Ariadna y las arañas bunjee,Ariadna y las arañas bunjee,,
2XCLNJHS,Melancolía,Melancolía,,
XYI9YC2E,Fábula del pollo : entendiendo la injusticia.,Fábula del pollo : entendiendo la injusticia.,,
SXD4B49D,Workers Library,Workers Library,,
MA9INPTR,"Exhibition of paintings : 2nd Johannesburg Biennale, Johannesburg Art Gallery, 1997","Exhibition of paintings : 2nd Johannesburg Biennale, Johannesburg Art Gallery, 1997",,
R9JKNNTF,Columbart manifesto = Kolumbart manifest,Columbart manifesto = Kolumbart manifest,,
A5KQ5AWI,Top secret art : catalogue #25 tank,Top secret art : catalogue #25 tank,,
PEZCBAXL,"Yo, mi desconocida","Yo, mi desconocida",,
ZKRPUPYF,Los ciclos de nadie : antología personal,Los ciclos de nadie : antología personal,,
TXTGKXWI,La llorona,La llorona,,
WAG5YMVB,Cuchillos en el aire = Knives in the air,Cuchillos en el aire = Knives in the air,,
4KC653VI,Body art : (para otras lecturas del cuerpo),Body art : (para otras lecturas del cuerpo),,
QB2D8NBC,Con duro polvo de óleo,Con duro polvo de óleo,,
KZX8VCMS,Eternidad,Eternidad,,
M7RMZLZB,Inappropriate repetitions,Inappropriate repetitions,,
P7YABPLP,I do not want to disappear silently into the night,I do not want to disappear silently into the night,,
ZW5QLLA7,Here comes kitty : a comic opera,Here comes kitty : a comic opera,,
ASFMZ2DQ,Tomorrow's man 2,Tomorrow's man 2,same,
3HXRSQYY,Versus,Versus,same,also in yes review pile; see notes there
G86DKCWU,Calavera,Calavera,same,
R3M2HHTY,AntiDoctos : concentrados de sabiduría popular.,AntiDoctos : concentrados de sabiduría popular.,,
DIYUMX8C,Hyenas of the battlefield : machines in the garden,Hyenas of the battlefield : machines in the garden,,
4FFBUX6B,Recordar el camino,Recordar el camino,,
DC6A375B,Your land/my land : election '12,Your land/my land : election '12,,
2N4EKVGN,Shirana Shahbazi : monstera,Shirana Shahbazi : monstera,same,
C6W4ITFU,Guaton Loyola vs. the world,Guaton Loyola vs. the world,,
MVUQWD8L,Un regalo para Elena,Un regalo para Elena,,
WIUR4LIW,Enjoyable conversations in Glasgow,Enjoyable conversations in Glasgow,,
T2EDYSGD,The Anderson family's proportionate relationship to various beasts,The Anderson family's proportionate relationship to various beasts,,
IL549Z67,What's happening with momma?,What's Happening with Momma?,,
CUBVR2YD,The fortune teller,The fortune teller,same,
73K2MFVS,Still.,Still.,,
QXLUBH75,Saga,Saga,,
HIFRB5YN,Fragments : from the stacked deck.,Fragments from the stacked deck /,,
EWKRJEHT,Wall to wall,Wall to wall,,
T5BY6GL3,(Untitled),Untitled,no,unless same author
Y9BU2SI7,Partitura,Partitura,,
2FCWWRUR,"Apparition of a distance, however near it may be : the hands of Google Books","Apparition of a distance, however near it may be : the hands of Google Books",,
MWWMFA8J,Mrs Merryman's collection,Mrs Merryman's collection,,
6PD2C5CE,Tree of codes,Tree of codes,,
M69CN3AD,Mirrors,Mirroirs,same,
7M4CUF8W,Autobiography,Autobiography,same,
87VFPMMD,Pacing,Pacing,,
84WG8AI6,¡Préstame tu luz!,¡Préstame tu luz!,,
4EC84LP7,Canto a Matanzas,Canto a Matanzas,no,
NX2BZWC6,Ayotzinapa : desaparición política.,Ayotzinapa : desaparición política.,,
RMUSCV3U,Goró,Goró,,
3KJN9TSD,Japan project,Japan project,same,
FYXK9NFK,El sol de emergencia,El sol de emergencia,,
LXK422S7,Stripped : sixty-six sunsets stripped,Stripped : sixty-six sunsets stripped,,
YZ6HPRBF,Fractal state of being,Fractal state of being,,
3XWU692I,El diario de la china : (donde el diablo perdió el poncho y la liebre y el zorro se dan las buenas noches),El diario de la china : (donde el diablo perdió el poncho y la liebre y el zorro se dan las buenas noches),,
WZU7LXLZ,Xochikuikatl : poesía,Xochikuikatl : poesía,,
FXE4GCW8,Brisées,Brisées,,
PW6T4XZI,Dangerous women : from the collection of Peter J. Cohen ; edited by Melissa Catanese.,Dangerous women : from the collection of Peter J. Cohen ; edited by Melissa Catanese.,,
X6VXAJ6R,Dalston Anatomy,Dalston Anatomy,,
Q2AVYL4M,High tide,High tide,same,first published 2006 2012 has additional material
HS9B22Y9,Never realized,Never realized,,
XY9DI4TS,Canto a Matanzas,Canto a Matanzas,no,
5P6M8NR6,Poetree,Poetree,,
NPRQTH33,101 soluciones para salir de la crisis,101 soluciones para salir de la crisis,,
IZ7ZQQZG,67 improved papertigers not afraid of repetition,67 improved papertigers not afraid of repetition,,
QLFH7YC9,El gordo de los boleros y otros cuentos,El gordo de los boleros y otros cuentos,,
IB4ENNE3,The artist book,The artist book,same,
K8YUWEVJ,Luz : poemas (trans)fronterizos = Light : (trans)border poems,Luz : poemas (trans)fronterizos = Light : (trans)border poems,,
FHDWLYSR,"Solo quiero que me salven las palabras : antología, 1985-2010 / Pilar González España.","Solo quiero que me salven las palabras : antología, 1985-2010 / Pilar González España.",,
MKYV5CFB,Posconflicto,Posconflicto,,
LJKGB943,M.L.C.P. : liberación de la planta de coca : en tres actos (movimientos),M.L.C.P. : liberación de la planta de coca : en tres actos (movimientos),,
VKEPS3KW,Techo,Techo,same,Publicaciones revolucionarias #3. ISSN: 2500-5340
LX3H4D4C,Mano de obra,Mano de obra,,
Z6RHPCAT,En el fin del mundo,En el fin del mundo,,
L38NFWL7,Antejardines,Antejardines,,
EQQUC9IQ,27 poemas y un vacío,27 poemas y un vacío,,
7RNL2PHX,Crease folds,Crease folds,,
D3PBWC2Q,There's no place like time : a retrospective,There's no place like time : a retrospective,,
AE8FNKMW,Exhausted geographies.,Exhausted geographies.,same,
7XK8EGQ5,Mi destino está en tus manos,Mi destino está en tus manos,,
4JXBWP4E,Pequeña biblioteca de conocimiento frívolo y ocioso,Pequeña biblioteca de conocimiento frívolo y ocioso,,
2K8CS9KR,Now will not be with us forever,Now will not be with us forever,,
XXI3AB52,Cuerpo de niño triste,Cuerpo de niño triste,,
MYQXRZWG,Alex Hubbard : eat your friends.,Alex Hubbard : eat your friends.,,
H6NFPIFP,C M Y,C M Y,,
CSVYJVDI,Las reglas del arte : guía práctica para alcanzar el éxito,Las reglas del arte : guía práctica para alcanzar el éxito,,
BYUCTBW9,Polen,Polen,,
52R3JDXG,Gathered leaves,Gathered leaves,,
RVT47GGS,Genesis,Genesis,same,
ZN297Z3H,La muerte de los objectos,La muerte de los objectos,,
8GLPYRJ2,Big Bill's tattoos and tattoo laser removals : tattalogue. Part 1,Big Bill's tattoos and tattoo laser removals : tattalogue. Part 1,,
8S9QX7PJ,Resolution,Revolution,same,as long as author is Motebaheri libtitle is correct
PA6NQQ8I,Stranger,Stranger,,
4S2DVX4U,Walking,Walking,same,
UG2789D5,Tomorrow's man 3,Tomorrow's man 3,same,
MAW2XFS8,43 : cuarenta y tres,43 : cuarenta y tres,,
LXFELZNI,Chronicles of migration : rearrange and recount,Chronicles of migration : rearrange and recount,,
6BC85DJU,Migrar,Migrar,,
C5MWYI8G,Transforming hate : an artist's book,Transforming hate : an artist's book,,
3RNMJTA2,Habitat,Habitat,same,
4SR58AEX,La prose du Transsibérien et la petite Jehanne de France,La prose du Transsibérien et la petite Jehanne de France,,
8XJXB9AT,Mis tortillas para Valentina,Mis tortillas para Valentina,,
2W3DHL2W,The grass is greener,The grass is greener,,
7L8GFYGW,Money,Money,same,
LQXW5G7I,The pink mat monster,The pink mat monster,same,
DHSN7NX8,For nothing changes -- yet and now 1998.,For nothing changes – yet and now 1998,,
9553SGM8,I found it when I stopped looking,I found it when I stopped looking,,
XN7E3NL2,Post colonial girl paper doll,Post colonial girl paper doll,,
EC6AIQC8,Lovelines in the nineties,Lovelines in the nineties : a book,,
6UZDCHMB,Perpetual motion,Perpetual motion,,
GH9T24ZP,Dirty,Dirty,,
49856SFS,Strip tease,Strip tease,,
MSNANC55,Me garden,Me garden,same,
23MVGN5E,The relative sizes and amounts of things,The relative sizes and amounts of things,,
ZJXPSGQQ,The epic love story of a warrior,The epic love story of a warrior,,
73H9JULE,Vision shifts,Vision shifts,,
4B4C4RQA,Intimita,Intimita,,
9PJI2BWE,E scapes 016,E scapes 016,,
4J8FT3DZ,Ladies first,Ladies first,,
N6MS49VS,Ayotochtli,Ayotochtli,same,
2D8EFSYK,De cuando no habia agua : cuento yaqui,De cuando no habia agua : cuento yaqui,same,
VPESHABB,Escribir pintado.,Escribir pintado.,,
F8S4EVT6,Lo feo = The ugly thing,Lo feo = The ugly thing,,
CYCELGIH,Radar,Radar,,
WLDPW9UN,El trabajo del hacha = The work of the axe,El trabajo del hacha = The work of the axe,,
R82T63HU,Swamp,Swamp,,
E36VNQW8,Floodgate companion,Floodgate companion,,
4YUX9JUH,LibroPhone,LibroPhone,,
H3N5KUVR,"Derechos de los animales : declaración universal de los derechos del animal, Liga internacional de los derechos del animal, Unesco, Onu, 1978","Derechos de los animales : declaración universal de los derechos del animal, Liga internacional de los derechos del animal, Unesco, Onu, 1978",,
RSWWW5IW,ReSound,ReSound,same,
QPZ27LPW,Riverine,Riverine,,
KJ6ZZLEF,Run book 4-8 : Edit,Run book 4-8 : Edit,,
QUSNUXUS,Especias,Especias,,
P4I22GHD,Brick wall,Brick wall,,
RZEMGHH9,Versus,Versus,unsure,i lean same they are two volumes but cataloged together and released together
SSNZ28IZ,"Drogas, sexo, rock 'n' roll.",Drugs sex rock 'n' roll,same,libtitle correct
95DIQBY8,A's Rosen war,A's Rosen war,,
EWDECAL8,Trumped up empathy.,Trumped up empathy.,same,
KCSPZPTW,Nancy Reagan is killing me,Nancy Reagan is killing me,same,
XUNKI7T4,Breathe.,Breathe,same,if author is Sherman
5HBRB528,Como construir um modelo vivo,Como construir um modelo vivo,,
SQEGRSTM,Tomorrow's man 4,Tomorrow's man 3,no,
G3BK2MZQ,Thank you for your interest in this subject,Thank you for your interest in this subject,,
KSV96YKT,Abstract browsing,Abstract browsing,,
RZ7ULMAX,Mis noches salvajes,Mis noches salvajes,,
47EWWGYW,Livro do desassossego: imrpovisações gráficas,Livro do desassossego: imrpovisações gráficas,,
8J6IA73L,Dossiê Cruzeiro do Sul = Southern Cross dossier,Dossiê Cruzeiro do Sul = Southern Cross dossier,,
YDMNTVJW,A new nothing,A new nothing,,
BAJEACPN,Dominion,Dominion,,
QD325LK6,INoN,INoN,,
Z4XGAWTT,Four red duotones,Four red duotones,,
QI3LNRFR,Look back,Look back,same,
QGDD9FGD,Facing,Facing,,
D82S64UT,"Joni Mabe's classic postcard book : from her museum of obsessions, personalities, & oddities.","Joni Mabe's classic postcard book : from her museum of obsessions, personalities, & oddities.",,
N5NIM2CV,B[backward e]o,B[backward e]o,,
72I5L86W,The Acme Theatre very great poets series anthology. vol. II,The Acme Theatre very great poets series anthology. vol. II,,
X8GT46UM,Exhausted geographies II,Exhausted geographies.,no,
BZN57E3A,Blurting in A&L : an index of blurts and their concatenation (the Handbook) constitutes a problematic ...,Blurting in A & L : an index of blurts and their concatenation (the Handbook) constitutes a problematic,,
M4L4B745,Blueprints,Blueprint,same,if author is Chun libtitle is correct
VGZFX4R6,Mourning/Warning. Numbers and repeaters,Mourning/Warning.,no,
UK4ALEJH,"Name, class, subject","Name, class, subject",,
K2JZRGUL,How to make flipbooks,How to make flipbooks,same,
MKPJRPYM,Ohio,Ohio,same,
TY57FHA8,I'm about to 'read' a photo book,I'm about to 'read' a photo book,,
