canonicalKey,assetId,ssid,status
226R6HJK,SS33469_33469_42526544,13604309,ok
22WD8W35,SS33469_33469_42529261,19307712,ok
23ZX86U5,SS33469_33469_42527213,14826716,ok
24HSZQI4,SS33469_33469_42529351,19376713,ok
24YJ4MQA,SS33469_33469_15286134,638955,ok
263JJYU2,SS33469_33469_42526640,13971620,ok
26B9TB5J,SS33469_33469_42530085,21091406,ok
28QX2N42,SS7729445_7729445_8828838,1489065,ok
29KNQX5X,SS33469_33469_42530046,21083084,ok
2BBEMJ2K,SS33469_33469_42529307,19313413,ok
2D9X89XX,SS33469_33469_15911438,641046,ok
2DZL4S9B,SS33469_33469_42527866,15144568,ok
2FMAJ6SK,SS33469_33469_42527356,14904629,ok
2GVG6DPZ,SS33469_33469_42525467,12762420,ok
2H3NPASA,SS33469_33469_42528970,18883819,ok
2J3IRJKT,SS33469_33469_42529242,19260826,ok
2KM7HSNE,SS33469_33469_24948988,693084,ok
2LGSRZH3,SS33469_33469_42529150,19104177,ok
2LXQB54Q,SS33469_33469_41542810,22686131,ok
2N5AY2W9,SS33469_33469_42527942,16205688,ok
2PSMHYVM,SS33469_33469_42526716,14172144,ok
2RANA3EA,SS33469_33469_42526361,13412076,ok
2TR675BK,SS33469_33469_15753890,641049,ok
2UNTGYB4,SS33469_33469_42528770,18433695,ok
2V9PKH9N,SS33469_33469_42525638,12833262,ok
2VCP48MT,SS33469_33469_15286211,639174,ok
2W368KM7,SS33469_33469_42526600,13693714,ok
2X8EKNSF,SS33469_33469_1721192,512704,ok
2XB9ZKKA,SS33469_33469_42526501,13529431,ok
2XJTKRCU,SS33469_33469_42530368,21804662,ok
2XTG4RQU,SS33469_33469_42526917,14309984,ok
2Y3CWMAR,SS33469_33469_42527338,14904618,ok
2Y74UZ69,SS33469_33469_42525348,12596730,ok
2YERIMK2,SS33469_33469_25367820,924818,ok
2YMWW5GN,SS33469_33469_25096603,694990,ok
32FH4LTM,SS33469_33469_42525972,13083375,ok
336ZZN7S,SS33469_33469_42529055,19101405,ok
344DUV4F,SS33469_33469_42530093,21091410,ok
352ML323,SS33469_33469_42530228,21554285,ok
367HVISM,SS33469_33469_42530157,21262147,ok
37P86AJJ,SS33469_33469_43589245,23957460,ok
37UZIWDB,SS33469_33469_42526825,14290384,ok
38AVYUMK,SS33469_33469_42528069,16493155,ok
39HJAM45,SS33469_33469_42529621,20634627,ok
39QV7IXD,SS33469_33469_42529564,20473288,ok
3A3YZS7V,SS33469_33469_42525785,12909016,ok
3B52UMXI,SS33469_33469_42526690,14172131,ok
3DAHFTMR,SS33469_33469_42525181,12498998,ok
3EL2W3SF,SS33469_33469_42530354,21804660,ok
3GXJDW6J,SS33469_33469_24873930,679505,ok
3HFE75EE,SS33469_33469_41621173,22831050,ok
3HWTCL2E,SS33469_33469_42526094,13142376,ok
3JM8WQ5E,SS33469_33469_42529998,21034134,ok
3KUNMIBP,SS33469_33469_25066402,694947,ok
3KX9RY53,SS33469_33469_42527185,14631062,ok
3LSS2JHE,SS33469_33469_42527878,16069571,ok
3MJU4XL3,SS33469_33469_1721131,512702,ok
3MWNMK26,SS33469_33469_42530447,21821573,ok
3Q5EQVVJ,SS33469_33469_42527271,14898633,ok
3QNPUMQK,SS33469_33469_42527281,14898638,ok
3QXCAUBS,SS33469_33469_42529112,19103868,ok
3QXLXM2L,SS33469_33469_42526582,13691457,ok
3RK6L8N4,SS33469_33469_42525306,12543688,ok
3S6VEBTX,SS33469_33469_15590687,2425477,ok
3T953P55,SS33469_33469_42524928,11940900,ok
3TWQ5NBE,SS33469_33469_25454478,947485,ok
3VINCA44,SS33469_33469_42528039,16493151,ok
3VSHA9S5,SS33469_33469_42528986,18893558,ok
3WGWKXU9,SS33469_33469_41206711,22364771,ok
3WR42HL9,SS33469_33469_42530016,21073521,ok
3WR42HL9,SS33469_33469_42530020,21073523,ok
3WR42HL9,SS33469_33469_42530018,21073522,ok
3WR42HL9,SS33469_33469_42580970,23249420,ok
3XZCC9CU,SS33469_33469_42526592,13693710,ok
3YFZ6WAQ,SS33469_33469_42525523,12827839,ok
3ZP4QHUA,SS33469_33469_42526284,13319128,ok
3ZUC8TKN,SS33469_33469_24912355,694059,ok
43VQN65D,SS33469_33469_42529621,20634627,ok
44H3J4PE,SS33469_33469_42527641,15086783,ok
469JLCRM,SS33469_33469_13847259,633128,ok
46NR5MDM,SS33469_33469_42530205,21554281,ok
4929RG22,SS7729445_7729445_8828836,1355560,ok
4A4KYCYY,SS33469_33469_42527715,15089805,ok
4AZIUYEF,SS33469_33469_42528356,16521274,ok
4BPI6G2J,SS33469_33469_6069381,519697,ok
4DNVSWWD,SS33469_33469_42526738,14175109,ok
4EZIC3WX,SS33469_33469_42530081,21091404,ok
4F96YEAW,SS33469_33469_42526562,13691447,ok
4GYWKCV7,SS33469_33469_42528603,16621521,ok
4IF8QJ72,SS33469_33469_42526524,13604297,ok
4JUAYINW,SS33469_33469_15197916,638915,ok
4KEMFYE5,SS33469_33469_42529291,19313405,ok
4KTMAPB9,SS33469_33469_42526852,14309976,ok
4L3ATHTH,SS33469_33469_42528190,16495123,ok
4MB2YUMV,SS33469_33469_42526678,14166298,ok
4MNV6M2D,SS33469_33469_42528858,18796317,ok
4N9N5ITB,SS33469_33469_42527637,15086781,ok
4NPLYM58,SS33469_33469_42525086,12405967,ok
4PHX8LAE,SS33469_33469_42526108,13227748,ok
4QFAMBK2,SS33469_33469_42525932,13002607,ok
4RPSYI95,SS33469_33469_42528646,17457782,ok
4S9B5FHR,SS33469_33469_42526078,13142368,ok
4SER4VHI,SS33469_33469_25494430,1003993,ok
4TNQ9JZT,SS33469_33469_42527858,15144564,ok
4UFKDA3P,SS33469_33469_42530461,21821580,ok
4VQMM7CD,SS33469_33469_42530511,22007982,ok
4WE9G7DD,SS33469_33469_42527890,16069577,ok
4WYHWZPR,SS33469_33469_14043813,633794,ok
4Y83US9K,SS33469_33469_42529283,19307723,ok
4YJTPJJ2,SS33469_33469_42527711,15089803,ok
4YRHPUNT,SS33469_33469_42527617,15083713,ok
4ZPTZSCC,SS33469_33469_42527301,14902812,ok
53Y9ZK7P,SS33469_33469_42527567,15067720,ok
544GIHMN,SS33469_33469_15851724,641736,ok
557V974R,SS33469_33469_42527289,14898644,ok
56FFTVRF,SS33469_33469_25092334,694969,ok
59RPZX8Y,SS33469_33469_25521072,1297699,ok
5ALA4GFL,SS33469_33469_42529047,18983658,ok
5BTUNLK2,SS33469_33469_23889907,694975,ok
5C87SEQG,SS33469_33469_42530443,21804674,ok
5C9IGFYL,SS33469_33469_25366965,723424,ok
5CAZWUF3,SS33469_33469_42526062,13137306,ok
5D5ENP7E,SS33469_33469_40853704,14902816,ok
5D6BM8BR,SS33469_33469_15286215,639062,ok
5DKQPFEP,SS33469_33469_5735614,519312,ok
5DW235NM,SS33469_33469_42528539,16544460,ok
5EXRESMM,SS33469_33469_42527735,15089828,ok
5FNX4ZEU,SS33469_33469_42528700,18155295,ok
5HHE3PGA,SS33469_33469_42526686,14172127,ok
5I6WDA32,SS33469_33469_24813017,642021,ok
5IABCDQ2,SS33469_33469_24813170,642017,ok
5IAMT5AG,SS33469_33469_42526114,13227752,ok
5IUXTVVX,SS33469_33469_42525734,12833274,ok
5IYYDIM8,SS33469_33469_42530499,22007976,ok
5JVKZS58,SS33469_33469_42527533,15067716,ok
5K8HTT8V,SS33469_33469_42529083,19101419,ok
5NVY5CM5,SS33469_33469_42525687,12833268,ok
5PP67AWQ,SS33469_33469_42529799,21003735,ok
5QFI8UXT,SS33469_33469_42526118,13227754,ok
5RB6ICNW,SS33469_33469_42529311,19334684,ok
5RHV39EB,SS33469_33469_42527433,15057522,ok
5RMHY3GN,SS33469_33469_24882400,691045,ok
5TESBLU2,SS33469_33469_42529238,19260824,ok
5UH49VPB,SS33469_33469_42529065,19101410,ok
5VMVZ3JB,SS33469_33469_42529100,19101427,ok
5VPEAK3V,SS33469_33469_42527199,14632314,ok
5VWS7Q8P,SS33469_33469_24813079,641982,ok
5XN9NXJN,SS33469_33469_42528995,18893562,ok
5ZL3VFEB,SS33469_33469_25291017,695001,ok
5ZYYXJT6,SS33469_33469_42525962,13083370,ok
632X6CII,SS33469_33469_25416047,926938,ok
63G4CRVN,SS33469_33469_25292933,722090,ok
63PL2Y3P,SS33469_33469_42526034,13107766,ok
64ZHIQT3,SS33469_33469_42526698,14172135,ok
654GPFBP,SS33469_33469_42525310,12549635,ok
655Q5W29,SS33469_33469_42525607,12833258,ok
658UZLFI,SS33469_33469_42530177,21536784,ok
658XBXEA,SS33469_33469_1717846,632136,ok
65JGRC8Z,SS33469_33469_24873875,666977,ok
67CQ4NGZ,SS33469_33469_42528022,16493149,ok
6AJL6PMA,SS33469_33469_42527815,15111597,ok
6AS73ERV,SS33469_33469_42529395,20408858,ok
6CFQVVMX,SS33469_33469_42528575,16605858,ok
6CYZIZV8,SS33469_33469_42525777,12862540,ok
6D565KJB,SS33469_33469_15285305,639003,ok
6DWYUYKH,SS33469_33469_15729813,640924,ok
6F62ICYE,SS33469_33469_40735767,22273747,ok
6FI5TCVI,SS33469_33469_42529246,19260828,ok
6FQNGN3S,SS33469_33469_15162096,638397,ok
6FQNGN3S,SS33469_33469_15161992,723324,ok
6FQNGN3S,SS33469_33469_15161864,722477,ok
6GHX8ICJ,SS33469_33469_42525322,12549641,ok
6I66X6N4,SS33469_33469_42530028,21073527,ok
6IHX7NMK,SS33469_33469_42527906,16069587,ok
6J7JCJ8Q,SS33469_33469_42527239,14844655,ok
6NIBFM43,SS33469_33469_42526339,13351064,ok
6P7KIBRR,SS33469_33469_42529027,18983648,ok
6QEXTM4R,SS33469_33469_42528982,18883825,ok
6RF8HSSV,SS33469_33469_42527831,15125724,ok
6SAEFZ2Z,SS33469_33469_19068737,641957,ok
6SEV2CAV,SS33469_33469_42530354,21804660,ok
6SZ3CCV4,SS33469_33469_42528708,18155299,ok
6TTGAVHR,SS33469_33469_42528306,16498167,ok
6WDPQKAH,SS33469_33469_41206659,22364752,ok
6WGTDZ7D,SS33469_33469_42527977,16371353,ok
6WP92GL3,SS33469_33469_24040175,639079,ok
7484IUMH,SS33469_33469_25287151,694895,ok
7674ZGWX,SS33469_33469_42527743,15101825,ok
76WLZ4BK,SS33469_33469_42529130,19103879,ok
7FR428K6,SS33469_33469_25472813,968528,ok
7HEG7EAS,SS33469_33469_1721259,512706,ok
7HLUMAST,SS33469_33469_42527898,16069583,ok
7I6788FS,SS33469_33469_42528999,18893564,ok
7J86PE5Z,SS33469_33469_42526517,13529879,ok
7JQKB49X,SS33469_33469_42580970,23249420,ok
7KVJ7UIJ,SS33469_33469_42580982,23249426,ok
7MDWUFBW,SS33469_33469_42527922,16205678,ok
7N9JFIBY,SS33469_33469_42528348,16499996,ok
7NHCK9MP,SS33469_33469_42529254,19260832,ok
7P6ZWQRP,SS33469_33469_15602744,639222,ok
7Q6XJGWQ,SS33469_33469_42529506,20408875,ok
7WH9EZMQ,SS33469_33469_42528766,18433693,ok
7WIH889K,SS33469_33469_15285211,639056,ok
7XD6IHK6,SS33469_33469_42525719,12833272,ok
7YILJFPS,SS33469_33469_25471821,950411,ok
839TV2UJ,SS33469_33469_42529672,20634633,ok
83JLLNSN,SS33469_33469_42528005,16387450,ok
845Z9G55,SS33469_33469_42527666,15086795,ok
84KWQXLU,SS33469_33469_42527771,15101839,ok
86XH2LCF,SS33469_33469_42525944,13002613,ok
87H2AQ6Q,SS33469_33469_42527969,16371349,ok
892IYWX3,SS33469_33469_15163200,638921,ok
897RL5ME,SS33469_33469_42526102,13142380,ok
8ABPWW6Z,SS33469_33469_42525284,12543678,ok
8ABY94EI,SS33469_33469_42530393,21804666,ok
8AGMUSAL,SS33469_33469_42527662,15086793,ok
8CGK2V3V,SS33469_33469_42527670,15088074,ok
8E6MELJY,SS33469_33469_42525431,12653191,ok
8FRBLQQU,SS33469_33469_42529930,21027680,ok
8G3ALPK6,SS33469_33469_42526004,13107751,ok
8IKXDTVT,SS33469_33469_24813197,642023,ok
8ILC5ENQ,SS33469_33469_15729581,639234,ok
8JFSGGTG,SS33469_33469_42529780,21003729,ok
8MNVVUDS,SS33469_33469_42526018,13107758,ok
8MZPM5NM,SS33469_33469_42526477,13517993,ok
8NNMXWTU,SS33469_33469_43852244,24123029,ok
8NYK2SIM,SS33469_33469_25419734,927505,ok
8NYK2SIM,SS33469_33469_25419738,927506,ok
8PUSBIXM,SS33469_33469_42527981,16387438,ok
8QUUL6WS,SS33469_33469_42525240,12502213,ok
8RDBSS42,SS33469_33469_9516988,631979,ok
8TK3B6UX,SS33469_33469_15536608,639041,ok
8UEP33C8,SS33469_33469_25494438,1072122,ok
8UUAJ5AY,SS33469_33469_42527599,15083704,ok
8VUV28E7,SS33469_33469_42525195,12499005,ok
8XFT77DQ,SS33469_33469_42528535,16544458,ok
8YJUR4SY,SS33469_33469_42529043,18983656,ok
8Z4XUUNF,SS33469_33469_42527763,15101835,ok
8Z5XF7GC,SS33469_33469_42528134,16495115,ok
939UBEML,SS33469_33469_23889946,696579,ok
949AFC3M,SS33469_33469_42526431,13450774,ok
95H4A6JA,SS33469_33469_42526532,13604303,ok
96Z3DBYG,SS33469_33469_15536675,639113,ok
98RICN3S,SS33469_33469_41621149,22831038,ok
99HFQJQH,SS33469_33469_41206659,22364752,ok
9D7CD9RC,SS33469_33469_42528380,16521288,ok
9DAJEMHJ,SS33469_33469_42529091,19101423,ok
9EE9MMHS,SS33469_33469_25415602,924991,ok
9EYQ75JU,SS33469_33469_42528646,17457782,ok
9FMJ3YJ5,SS33469_33469_42527382,15057516,ok
9FU9RMRX,SS33469_33469_42302837,23090548,ok
9FX8NRGF,SS33469_33469_4959649,518959,ok
9HS8JQQM,SS33469_33469_42529518,20473282,ok
9HXSD7R3,SS33469_33469_42527973,16371351,ok
9KAK6YDA,SS33469_33469_40735752,22273915,ok
9KP25F8C,SS33469_33469_24731808,641055,ok
9KXW6GPB,SS33469_33469_42529871,21003744,ok
9L36958V,SS33469_33469_15589737,1355546,ok
9LXMIWCK,SS33469_33469_42530195,21554276,ok
9M4MSDAN,SS33469_33469_15198008,638977,ok
9MKFI3DK,SS33469_33469_42527811,15111595,ok
9NSUBLQS,SS33469_33469_42528599,16621519,ok
9SGQ7BJP,SS33469_33469_42529079,19101417,ok
9SMP5TFE,SS33469_33469_25291685,696574,ok
9T72BMX6,SS33469_33469_25454886,949879,ok
9T8UFUH5,SS7729445_7729445_8828902,722507,ok
9WA2CDN3,SS33469_33469_42526046,13107865,ok
9YH44I6G,SS33469_33469_24873916,667107,ok
9ZHBNXBJ,SS33469_33469_43776736,24077770,ok
A38WLAAU,SS33469_33469_42526353,13351071,ok
A3FJ5EQR,SS33469_33469_42526090,13142374,ok
A5FNJQB6,SS33469_33469_42525793,12909020,ok
A9A6SCSQ,SS33469_33469_42526505,13529433,ok
A9DSLD86,SS33469_33469_42525652,12833264,ok
A9P4WPHR,SS33469_33469_42527767,15101837,ok
AA6G4J2A,SS33469_33469_42526145,13310843,ok
AAEXGG89,SS33469_33469_42530115,21239688,ok
AB3XJFKU,SS33469_33469_25418559,926940,ok
ACM94FM8,SS33469_33469_42526463,13517986,ok
ACZ5VEVR,SS33469_33469_15593446,1355632,ok
ADDZLJJL,SS33469_33469_42527591,15083700,ok
ADNLTPIJ,SS33469_33469_25415422,924767,ok
ADP7A5HH,SS33469_33469_42529912,21007076,ok
AE6RVMZC,SS33469_33469_42529134,19103881,ok
AEUCKZF3,SS33469_33469_7035414,631800,ok
AFM9EU3A,SS33469_33469_24729662,641914,ok
AGAIEC4G,SS33469_33469_42526212,13319116,ok
AGDCNHXH,SS33469_33469_42528682,17987454,ok
AGU78B2Q,SS33469_33469_42525797,12909022,ok
AJCPM2LJ,SS33469_33469_7036197,631896,ok
AJXHZLKV,SS33469_33469_25472385,950424,ok
ANUB59VK,SS33469_33469_42529726,20998842,ok
APBUXLWA,SS33469_33469_42527739,15101823,ok
APSCM9LS,SS33469_33469_42530101,21220503,ok
AS5ABQGL,SS33469_33469_42528401,16533106,ok
ATXQXDCM,SS33469_33469_42526801,14290376,ok
AWWV23WS,SS33469_33469_43618225,23965284,ok
AXZ3NT64,SS33469_33469_42529414,20408860,ok
AY9W9WMM,SS33469_33469_42525113,12405982,ok
AYAGIVRF,SS33469_33469_42527882,16069573,ok
AZ3HXDCF,SS33469_33469_10898890,638394,ok
AZ5YHEIK,SS33469_33469_41542862,22752021,ok
B3FLIYWS,SS33469_33469_42525488,12762424,ok
B3KJK38A,SS33469_33469_42526660,13971632,ok
B3N2KKNV,SS33469_33469_42526070,13142364,ok
B3PLYIRQ,SS33469_33469_42528895,18861192,ok
B3VN2FLE,SS33469_33469_15587461,632191,ok
B3VN2FLE,SS33469_33469_43800696,24092611,ok
B3VN2FLE,SS33469_33469_43800698,24092612,ok
B3VN2FLE,SS33469_33469_43800702,24092614,ok
B3VN2FLE,SS33469_33469_43800708,24092617,ok
B3VN2FLE,SS33469_33469_43800714,24092620,ok
B3VN2FLE,SS33469_33469_43800720,24092623,ok
B3VN2FLE,SS33469_33469_43800726,24092626,ok
B45HIUYD,SS33469_33469_15597693,2440057,ok
B53AT5IS,SS33469_33469_42526754,14183089,ok
B5S4K6IA,SS33469_33469_1844391,512710,ok
B68GWBNJ,SS33469_33469_42302853,23090556,ok
B6EWIRZ9,SS33469_33469_24874026,690748,ok
B7LKSJ3Z,SS33469_33469_42529198,19248052,ok
B7X5M485,SS33469_33469_42527595,15083702,ok
B82NPRHA,SS33469_33469_42527930,16205682,ok
B8V3DBT6,SS33469_33469_24874280,691164,ok
B8V3DBT6,SS33469_33469_24874278,691162,ok
B9LMTRA2,SS33469_33469_42528678,17987452,ok
BDH4KP5P,SS33469_33469_42529170,19116185,ok
BEAIU85U,SS33469_33469_43852248,24123031,ok
BFCDMBHN,SS33469_33469_9982664,632046,ok
BH7EHBJA,SS33469_33469_25471821,950411,ok
BHEUTQLS,SS33469_33469_15198014,639001,ok
BHY5PY4X,SS33469_33469_42526104,13227746,ok
BJZBUA9G,SS33469_33469_42525445,12653199,ok
BKGHTBYL,SS33469_33469_42526427,13450772,ok
BKNRPZRY,SS33469_33469_42302843,23090551,ok
BL68LT7T,SS33469_33469_42527169,14567639,ok
BM8GGVK3,SS33469_33469_25292960,722211,ok
BPQ5N37H,SS33469_33469_24909256,693999,ok
BRAK439D,SS33469_33469_42525904,12970044,ok
BRXLRBPA,SS33469_33469_25329403,723436,ok
BUXAEBNU,SS33469_33469_42525119,12405987,ok
BVRQK4KR,SS33469_33469_42525755,12862529,ok
BVYXGP2J,SS33469_33469_42527205,14826712,ok
BW2X9HAW,SS33469_33469_15587755,1336376,ok
BW9C7KI7,SS33469_33469_15286245,639150,ok
BXPYLPQA,SS33469_33469_42527650,15086787,ok
BXRF7M3U,SS33469_33469_13846316,632404,ok
BY6GNS2K,SS33469_33469_42529234,19260822,ok
BY9M6ZB3,SS33469_33469_42529990,21030391,ok
BYKUDLBH,SS33469_33469_42528991,18893560,ok
BYV9IJBH,SS33469_33469_42526395,13420274,ok
BZXS5WXX,SS33469_33469_42526900,14309982,ok
C35V4GE9,SS33469_33469_42527054,14339016,ok
C4A66D77,SS33469_33469_42527552,15067718,ok
C4NIKENC,SS33469_33469_42528360,16521278,ok
C74SU4FM,SS33469_33469_42527823,15125716,ok
C7C2WC28,SS33469_33469_7032714,631830,ok
CAI2PFZC,SS33469_33469_42527964,16371347,ok
CAIVDWQL,SS33469_33469_42527751,15101829,ok
CAV69CKH,SS33469_33469_42526612,13693722,ok
CDHHAFU6,SS33469_33469_15602906,639223,ok
CE4BLK47,SS33469_33469_42526646,13971623,ok
CE8YTMRT,SS33469_33469_42530465,21821582,ok
CFIF9DHE,SS33469_33469_42526548,13604311,ok
CGFXKRSP,SS33469_33469_24907077,681672,ok
CHCWV92Y,SS33469_33469_42525441,12653197,ok
CI5BSLVI,SS33469_33469_42526596,13693712,ok
CITV8AEX,SS33469_33469_25366896,789389,ok
CJLMERMV,SS33469_33469_5095948,519119,ok
CJMLGQLV,SS33469_33469_42526674,14166294,ok
CLSC23VG,SS33469_33469_42527894,16069581,ok
CQ6WMXZ3,SS33469_33469_42525105,12405978,ok
CRKSZH7J,SS33469_33469_42529075,19101415,ok
CUBLTFRN,SS33469_33469_42524922,11940897,ok
CUFBLHX2,SS33469_33469_42527902,16069585,ok
CURJF8T3,SS33469_33469_42526086,13142372,ok
CVXVUB6S,SS33469_33469_42528630,16623763,ok
CWABV6X4,SS33469_33469_42529120,19103873,ok
D3FAVR3S,SS33469_33469_42525139,12435258,ok
D3WA8UBT,SS33469_33469_24912373,694053,ok
D4Q7IQKJ,SS33469_33469_24909249,692919,ok
D4QAMZXB,SS33469_33469_42527707,15089801,ok
D4TCQSJE,SS33469_33469_42527807,15111593,ok
D5FZLMPX,SS33469_33469_24874249,691152,ok
D69XVRD2,SS33469_33469_42528344,16499994,ok
D6BGRR32,SS33469_33469_25472654,950430,ok
D6JVHVEU,SS33469_33469_42527227,14826723,ok
D6WZYP9X,SS33469_33469_42526884,14309980,ok
D75GLLMG,SS33469_33469_1881848,512714,ok
D97WNGWB,SS33469_33469_25367347,732312,ok
DARNTYD5,SS33469_33469_25367185,732313,ok
DBAK2BJY,SS33469_33469_40980527,22332919,ok
DCR5P4LE,SS33469_33469_42525988,13089001,ok
DD9CP69Q,SS33469_33469_14252790,633729,ok
DDIDAEFG,SS33469_33469_42528966,18883817,ok
DDNJVGUE,SS33469_33469_24813013,641971,ok
DF9LFBDT,SS33469_33469_42525801,12909024,ok
DFGM4MYQ,SS33469_33469_42526682,14166300,ok
DFMDL54I,SS33469_33469_42529916,21007078,ok
DFS3H4VN,SS33469_33469_41252845,22378644,ok
DG3FHB3X,SS33469_33469_42527285,14898640,ok
DGB3SEXI,SS33469_33469_42528547,16560195,ok
DGMKF555,SS33469_33469_42529444,20408866,ok
DGQAHVPP,SS33469_33469_42525123,12405989,ok
DHXWIRL9,SS33469_33469_42530125,21239693,ok
DICUCMKJ,SS33469_33469_42528523,16544452,ok
DJVN4D8K,SS33469_33469_42528202,16495125,ok
DJXTYJV5,SS33469_33469_42527699,15088090,ok
DKK3M6ZY,SS33469_33469_25291809,696564,ok
DKWD6KQF,SS33469_33469_42529994,21034132,ok
DL7V27NJ,SS33469_33469_42530507,22007980,ok
DLRQLDD5,SS33469_33469_42530457,21821578,ok
DMCECA45,SS33469_33469_25321743,722583,ok
DMJGW4DV,SS33469_33469_42526513,13529877,ok
DNIUYM7C,SS33469_33469_42525163,12435270,ok
DPUHYZE5,SS33469_33469_42526331,13351060,ok
DQR99J3X,SS33469_33469_42527417,15057520,ok
DR8985RQ,SS33469_33469_41542814,22686133,ok
DRXZALEB,SS33469_33469_25454315,947481,ok
DRZWMBK8,SS33469_33469_42528325,16498171,ok
DUZ8YXV3,SS33469_33469_42525379,12619312,ok
DVBP2ZX8,SS33469_33469_42527305,14902814,ok
DX43HTQQ,SS33469_33469_25291017,695001,ok
E2VYXNX7,SS33469_33469_42525211,12499013,ok
E39HWSLV,SS33469_33469_42526026,13107762,ok
E3LVUP6J,SS33469_33469_25626524,1297532,ok
E48HZ6TE,SS33469_33469_42528511,16544446,ok
E4NC7U8P,SS33469_33469_42529922,21007081,ok
E5CM7GH2,SS33469_33469_9985589,519734,ok
E62R9QS4,SS33469_33469_42530213,21554283,ok
E696HLCC,SS33469_33469_42529108,19103866,ok
E9FFUKQC,SS33469_33469_42530109,21220507,ok
E9FFUKQC,SS33469_33469_42530113,21220509,ok
E9FFUKQC,SS33469_33469_42530111,21220508,ok
EAN8I9PW,SS33469_33469_42529974,21030383,ok
EAUQA75X,SS33469_33469_42525868,12970038,ok
EB5CKXSA,SS33469_33469_42526014,13107756,ok
EBFUUIGM,SS33469_33469_25327997,723213,ok
EC55TB6L,SS33469_33469_42527330,14902827,ok
ECWCRT4G,SS33469_33469_42529295,19313407,ok
EF3Q282K,SS33469_33469_25292924,722083,ok
EFAMDCD6,SS33469_33469_4957876,518143,ok
EFWZ8N45,SS33469_33469_42527997,16387446,ok
EI2PEII7,SS33469_33469_42526528,13604301,ok
EJK8HBT2,SS33469_33469_42526373,13412082,ok
EKZAZ8Q5,SS33469_33469_42528666,17987446,ok
ELKU47J5,SS33469_33469_42529186,19117892,ok
EQCBWBSF,SS33469_33469_40735762,22273745,ok
EQJWQ4AD,SS33469_33469_42528935,18861198,ok
EQTXEJXW,SS33469_33469_43589233,23957454,ok
ERHIWMLT,SS33469_33469_41621167,22831047,ok
ESM5ERZT,SS33469_33469_42530065,21083093,ok
ESSDX4JS,SS33469_33469_13080209,631879,ok
ETIITUFL,SS33469_33469_42524944,12405948,ok
ETY3IKDB,SS33469_33469_42530008,21034139,ok
EVQIJIVY,SS33469_33469_15286225,639170,ok
F2RUIBW4,SS33469_33469_42527727,15089813,ok
F32V7ZFG,SS33469_33469_42528762,18433691,ok
F3KU7F6S,SS33469_33469_42529742,20998850,ok
F5G3HRLF,SS33469_33469_40735752,22273915,ok
F8PBXTE5,SS33469_33469_42528796,18433701,ok
FB4UVKKM,SS33469_33469_24872809,659967,ok
FB5FGV7V,SS33469_33469_42302877,23090568,ok
FB75FLIE,SS33469_33469_42529547,20473286,ok
FBITRLRL,SS33469_33469_42525427,12653189,ok
FCEUMWPE,SS33469_33469_42529908,21007074,ok
FCMN5SI3,SS33469_33469_42526556,13691444,ok
FDWUTM65,SS33469_33469_42528750,18344730,ok
FDWUTM65,SS33469_33469_42528754,18344732,ok
FGI58BRN,SS33469_33469_42529734,20998846,ok
FH34XFCA,SS33469_33469_42528650,17457784,ok
FI2GTQ6N,SS33469_33469_42525916,12970050,ok
FJFSZBAP,SS33469_33469_24949674,694065,ok
FMV6HBVV,SS33469_33469_42525227,12502207,ok
FNLRHYA6,SS33469_33469_42529319,19334688,ok
FNNC4NDH,SS33469_33469_42525984,13088999,ok
FNZCZ4B6,SS33469_33469_42526447,13517978,ok
FPE5EJ9G,SS33469_33469_42525789,12909018,ok
FRNR5VR2,SS33469_33469_42525413,12641440,ok
FSCM3PV2,SS33469_33469_42528563,16605852,ok
FSEW2GM5,SS33469_33469_15920214,641587,ok
FSGBHJDV,SS33469_33469_42529164,19116182,ok
FSJCJQ4W,SS33469_33469_42527312,14902818,ok
FU68VLT9,SS33469_33469_15906252,641606,ok
FVI6G4QP,SS33469_33469_41542824,22686138,ok
FVJIGVVJ,SS33469_33469_42528732,18344721,ok
FVPCDLCH,SS33469_33469_42526632,13971616,ok
FVWFHLNT,SS33469_33469_42530165,21536778,ok
FWENDANN,SS33469_33469_42528658,17457788,ok
FYJB55Y7,SS33469_33469_42526750,14175115,ok
FYZ52K9H,SS33469_33469_42529339,19334698,ok
G2SRVX4C,SS33469_33469_15593428,1297613,ok
G2YKJ5V6,SS33469_33469_24865112,641979,ok
G3VEIL5L,SS33469_33469_6062157,519433,ok
G4XRMULE,SS33469_33469_42529536,20473284,ok
G6P88MY2,SS33469_33469_42527297,14898648,ok
G6XSHFBY,SS33469_33469_25367397,732310,ok
G9JVYCRU,SS33469_33469_24939168,692902,ok
G9VEB5UB,SS33469_33469_23890239,721741,ok
GAJBGCFM,SS33469_33469_42580966,23249418,ok
GDEAWFHF,SS33469_33469_42527517,15067714,ok
GDTEJGHY,SS33469_33469_15905808,641062,ok
GE653HAU,SS33469_33469_42526791,14290371,ok
GGXTG7D7,SS33469_33469_15286219,639117,ok
GHPSVHUJ,SS33469_33469_43618201,23965276,ok
GHT2A78E,SS33469_33469_42525940,13002611,ok
GICVNA55,SS33469_33469_42527886,16069575,ok
GIHENZE2,SS33469_33469_42529083,19101419,ok
GJNKPL29,SS33469_33469_1720379,512699,ok
GK4VMW5N,SS33469_33469_42530495,22007974,ok
GKTF4EQT,SS33469_33469_42528244,16495131,ok
GKVALR3V,SS33469_33469_42527686,15088082,ok
GL7Q839A,SS33469_33469_42527117,14567631,ok
GLRT8PAR,SS33469_33469_42529766,21000836,ok
GMM35RYA,SS33469_33469_42530161,21262149,ok
GMT66HSU,SS33469_33469_42529888,21007067,ok
GNV8Z2DV,SS33469_33469_42525897,12970042,ok
GPHLTR7V,SS33469_33469_42525670,12833266,ok
GPPPVWM9,SS33469_33469_42529752,21000829,ok
GPRZ5W7B,SS33469_33469_42530173,21536782,ok
GRN6KZ4M,SS33469_33469_42525702,12833270,ok
GU98BE9K,SS33469_33469_42525109,12405980,ok
GURAG9JG,SS33469_33469_42530133,21239697,ok
GVKJ9X3R,SS33469_33469_42525109,12405980,ok
GVUDZDE9,SS33469_33469_25293456,722577,ok
GY8A47DP,SS33469_33469_15851156,641627,ok
GYXELWPK,SS33469_33469_25471844,950413,ok
GZC5J3E5,SS33469_33469_42528782,18433699,ok
H2RAMU8E,SS33469_33469_1882929,512894,ok
H336C8I5,SS33469_33469_42527839,15125730,ok
H37K7Q65,SS33469_33469_42529279,19307721,ok
H5TYFUIU,SS33469_33469_42528962,18883815,ok
H644T8GP,SS33469_33469_42526578,13691455,ok
H7CYGGXF,SS33469_33469_13078721,519916,ok
H7PA7HLA,SS33469_33469_15852106,641652,ok
H7X35XED,SS33469_33469_25454789,949877,ok
H88YESS8,SS33469_33469_42529226,19260818,ok
H96M6V45,SS33469_33469_42529104,19101429,ok
HA6VMW7H,SS33469_33469_42530487,21821593,ok
HADBWIV7,SS33469_33469_42526275,13319127,ok
HBU7WVBB,SS33469_33469_42526566,13691449,ok
HC38HRN9,SS33469_33469_42525272,12543672,ok
HFL33QJH,SS33469_33469_24730684,641868,ok
HG2YAHLK,SS33469_33469_42526770,14183099,ok
HH5BZYEB,SS33469_33469_41621161,22831044,ok
HH5GIC3E,SS33469_33469_42530382,21804664,ok
HH67JM7N,SS33469_33469_15600387,639239,ok
HI6RR8SF,SS33469_33469_42527001,14339007,ok
HLRKLYN3,SS33469_33469_42527926,16205680,ok
HLT6EJ2A,SS33469_33469_42528920,18861196,ok
HMKRHYHJ,SS33469_33469_42529126,19103877,ok
HMNNFR3Q,SS33469_33469_43618194,23965274,ok
HNJ6CKQB,SS33469_33469_42527682,15088080,ok
HPFMFF5Q,SS33469_33469_42530153,21262145,ok
HPI8LMMP,SS33469_33469_42527243,14844657,ok
HQKRI38G,SS33469_33469_42525960,13083369,ok
HQN5HH5Z,SS33469_33469_42529315,19334686,ok
HQVR749A,SS33469_33469_42525449,12653201,ok
HSKD9QAD,SS33469_33469_24909305,694005,ok
HT8PJRIS,SS33469_33469_42529069,19101412,ok
HTHD8A9A,SS33469_33469_15285781,639120,ok
HUK5SEEK,SS33469_33469_42527575,15067722,ok
HUZ42HQK,SS33469_33469_42526419,13450768,ok
HVMVJRVC,SS33469_33469_42526588,13693708,ok
HVWRQIFF,SS33469_33469_42530550,22344589,ok
HYDME9QA,SS33469_33469_40735761,22273651,ok
HZ5KXPZC,SS33469_33469_42526407,13420280,ok
HZCY87KY,SS33469_33469_42526608,13693720,ok
HZYPBN6W,SS33469_33469_42527237,14844654,ok
I38ULPLF,SS33469_33469_42530473,21821586,ok
I3ADNL87,SS33469_33469_42529738,20998848,ok
I6EBR9D8,SS33469_33469_24882330,659778,ok
I8VXEVTA,SS33469_33469_42527482,15067710,ok
IBAVPUCE,SS33469_33469_42526574,13691453,ok
IBNSLUJE,SS33469_33469_42527985,16387440,ok
IBRQM6MM,SS33469_33469_25021766,694581,ok
IC2PEHZ9,SS33469_33469_42529980,21030386,ok
ID6CVTS7,SS33469_33469_42529699,20634638,ok
IFKV5B9H,SS33469_33469_42527038,14339014,ok
IHBXHKV7,SS33469_33469_42529158,19116179,ok
IHG8DC77,SS33469_33469_24733496,641599,ok
IHNJFWFT,SS33469_33469_42526762,14183093,ok
IJZRUWSY,SS33469_33469_42526030,13107764,ok
IKCYZUGN,SS33469_33469_42528736,18344723,ok
IKXVIYQT,SS33469_33469_42529182,19117890,ok
ILMYEGPY,SS33469_33469_42530329,21798632,ok
ILNMN9IC,SS33469_33469_13080253,631941,ok
IMBHLCKN,SS33469_33469_42529087,19101421,ok
IQ4IBNZI,SS33469_33469_42526389,13412090,ok
IR6IZWSQ,SS33469_33469_42527678,15088078,ok
IRXHE5KW,SS33469_33469_42527279,14898637,ok
ISAUE7M6,SS33469_33469_42525810,12909028,ok
ISBJ56W6,SS33469_33469_42525750,12862525,ok
ISTV64ZP,SS33469_33469_42526385,13412088,ok
IT4RYKPH,SS33469_33469_42526656,13971630,ok
IU8B4XC2,SS33469_33469_42526048,13107867,ok
IV6X7XZM,SS33469_33469_25493642,968558,ok
IVBYCH69,SS33469_33469_42526497,13529428,ok
IVEFE799,SS33469_33469_15286235,639162,ok
IW67FN74,SS33469_33469_15603536,639228,ok
IW67WSIE,SS33469_33469_25096455,694901,ok
IWBUX8N7,SS33469_33469_24746650,641921,ok
IXR4AFDV,SS33469_33469_15591000,1354633,ok
IY6GYNGC,SS33469_33469_42528559,16605850,ok
IZVNER4D,SS33469_33469_42526377,13412084,ok
J2Y8TU6U,SS33469_33469_42525936,13002609,ok
J32J4BL7,SS33469_33469_42528642,17457780,ok
J3PGLNEL,SS33469_33469_42527020,14339009,ok
J3RXS2WM,SS33469_33469_9982591,631973,ok
J4S6SM5C,SS33469_33469_42528111,16493161,ok
J6YJWAQZ,SS33469_33469_42527621,15083715,ok
J75PXUG5,SS33469_33469_42580974,23249422,ok
J7H35T2K,SS33469_33469_42527629,15083719,ok
J7H45MHN,SS33469_33469_42529059,19101407,ok
J7JBWCHI,SS33469_33469_42525980,13088997,ok
J7QUNJH2,SS33469_33469_42525882,12970040,ok
J7X3CPIP,SS33469_33469_25323529,723141,ok
J7ZRZ6DC,SS33469_33469_43776726,24077765,ok
J7ZSVLN9,SS33469_33469_42526766,14183097,ok
JAKM68P6,SS33469_33469_42526809,14290380,ok
JAVVTKIE,SS33469_33469_42529359,19376717,ok
JCU4IW4E,SS33469_33469_42528145,16495117,ok
JDWGDC78,SS33469_33469_42529214,19248060,ok
JEMJ588G,SS33469_33469_42525759,12862531,ok
JFBP43DK,SS33469_33469_19132579,642027,ok
JFW3649R,SS33469_33469_42528583,16605862,ok
JIFQWBJI,SS33469_33469_24906867,659983,ok
JIGAU8LG,SS33469_33469_15771884,640968,ok
JJ89FVXX,SS33469_33469_42526540,13604307,ok
JKGBHB48,SS33469_33469_42528978,18883823,ok
JKVNPLEY,SS33469_33469_42530303,21798628,ok
JNRL9L42,SS33469_33469_15911570,640992,ok
JQ85ZIMM,SS33469_33469_42527259,14844665,ok
JTCHS99L,SS33469_33469_15544202,639131,ok
JTSDBP9P,SS33469_33469_42528720,18165748,ok
JW55N4BY,SS33469_33469_24812971,641961,ok
JY2G3WI2,SS33469_33469_42528001,16387448,ok
JYBIACKW,SS33469_33469_42525920,12970052,ok
JZH7NAVM,SS33469_33469_42528160,16495119,ok
JZXJGZD8,SS33469_33469_15596478,768561,ok
K2BL86XN,SS33469_33469_41621181,22831054,ok
K2WSF32T,SS33469_33469_42525203,12499009,ok
K3476D8R,SS33469_33469_42525344,12549652,ok
K63M3S3M,SS33469_33469_4946654,517962,ok
K66MFIKJ,SS33469_33469_42528826,18796313,ok
K6ZQF6HB,SS33469_33469_42528009,16493147,ok
K7X9FUZV,SS33469_33469_24953154,694209,ok
K8G47JKD,SS33469_33469_42527690,15088084,ok
K9EY59KS,SS33469_33469_42525827,12909030,ok
K9Q5XIGB,SS33469_33469_42525621,12833260,ok
K9ZWJMAC,SS33469_33469_42527603,15083706,ok
KA3J2PE6,SS33469_33469_42529381,20325722,ok
KA6I2J5Q,SS33469_33469_42527085,14510425,ok
KA7WQS5Q,SS33469_33469_42526666,14166290,ok
KAN3EDID,SS33469_33469_42527862,15144566,ok
KCQ745ET,SS33469_33469_42525948,13002615,ok
KD3JZULN,SS33469_33469_42529323,19334690,ok
KDBNS6DT,SS33469_33469_24813005,641967,ok
KDK4CKHQ,SS33469_33469_42529299,19313409,ok
KDVCR942,SS33469_33469_42525340,12549650,ok
KELDNJCP,SS33469_33469_41542852,22752016,ok
KFC8WH6X,SS33469_33469_42528708,18155299,ok
KIW88E9A,SS33469_33469_42526797,14290374,ok
KKTGFJYC,SS33469_33469_25420223,931310,ok
KLTAPU6U,SS33469_33469_42527956,16371343,ok
KQVDTPRR,SS33469_33469_42530481,21821590,ok
KRLBW93Q,SS33469_33469_42527723,15089811,ok
KRQWR5FB,SS33469_33469_42528595,16621517,ok
KSBWLSC2,SS33469_33469_15851414,641710,ok
KSFJJ4F4,SS33469_33469_42527747,15101827,ok
KSYMBE3Z,SS33469_33469_42527251,14844661,ok
KVE8M4XD,SS33469_33469_19132521,647357,ok
KWVCNB66,SS33469_33469_43589237,23957456,ok
KX46RJBD,SS33469_33469_42527779,15111579,ok
KXS7DSD7,SS33469_33469_42528376,16521286,ok
KXZAUJZ5,SS33469_33469_42525061,12405962,ok
KYMHM2MX,SS33469_33469_24039146,632089,ok
L2KQMS9M,SS33469_33469_42527654,15086789,ok
L4G5UQCN,SS7729445_7729445_8828870,1765192,ok
L524DZTF,SS33469_33469_42527326,14902825,ok
L6IL4VQY,SS33469_33469_25472230,950422,ok
L8RU7JQF,SS33469_33469_42525773,12862538,ok
LAIFRBQW,SS33469_33469_42528686,17987456,ok
LBDKEQ9M,SS33469_33469_42527918,16205676,ok
LC2US9AI,SS33469_33469_42526624,13863607,ok
LD8ZNBS9,SS33469_33469_42527367,14904634,ok
LDRCMRSX,SS33469_33469_24730072,641859,ok
LEMVSIBN,SS33469_33469_42529142,19103885,ok
LFKIHCVA,SS33469_33469_42526509,13529875,ok
LG79KISU,SS33469_33469_42526321,13319137,ok
LGKU4IUP,SS33469_33469_42527583,15067726,ok
LGMZNHFR,SS33469_33469_42530169,21536780,ok
LINXJTFL,SS33469_33469_42528949,18861200,ok
LIPHNB6Z,SS33469_33469_42527625,15083717,ok
LJIBMXWG,SS33469_33469_42529960,21027695,ok
LJRAQL55,SS33469_33469_42302857,23090558,ok
LKQLU3H2,SS33469_33469_42527316,14902820,ok
LMMBZ2D6,SS33469_33469_42525851,12970036,ok
LNFAZY2F,SS33469_33469_42528053,16493153,ok
LNTWUDZV,SS33469_33469_42528758,18344734,ok
LR6PYIUK,SS33469_33469_42528774,18433697,ok
LR9UQRII,SS33469_33469_42526022,13107760,ok
LSKMWY8K,SS33469_33469_42526137,13310839,ok
LSYIEX34,SS33469_33469_42525080,12405964,ok
LTM6TMDZ,SS33469_33469_42525264,12502225,ok
LTZ95FTJ,SS33469_33469_8065107,519776,ok
LUBVV6BW,SS33469_33469_1720320,512692,ok
LUU798XB,SS33469_33469_1715561,640966,ok
LUWTTTG4,SS33469_33469_24873944,679514,ok
LYJSML5E,SS33469_33469_42527449,15057524,ok
M348LXMU,SS33469_33469_42527609,15083709,ok
M5Y2U9BX,SS33469_33469_42526166,13310847,ok
M63K56HX,SS33469_33469_25493436,968556,ok
M66M8MMA,SS33469_33469_42525231,12502209,ok
M6FCLS85,SS33469_33469_24876012,691181,ok
M8PTAAMS,SS33469_33469_42525395,12641431,ok
M9D8QYK7,SS33469_33469_42526730,14175105,ok
M9R9WXM4,SS33469_33469_42526038,13107768,ok
MBFFTLGU,SS33469_33469_42527189,14631064,ok
MBL4XA5B,SS33469_33469_4957103,518069,ok
MBQLR6E8,SS7729445_7729445_8828844,1488847,ok
MBTW8NEJ,SS33469_33469_42529154,19116177,ok
MCTUGCK3,SS33469_33469_1718548,947564,ok
MD98HHRC,SS33469_33469_24912337,694046,ok
MES4DFIT,SS33469_33469_42526722,14175101,ok
MH2GLXMN,SS33469_33469_42528531,16544456,ok
MIAE5V4B,SS33469_33469_42529986,21030389,ok
MIFTF8L3,SS33469_33469_42527499,15067712,ok
MJY3ATXT,SS33469_33469_42528385,16521290,ok
MK94HI98,SS33469_33469_25419742,931032,ok
MKWP8BG9,SS33469_33469_42526620,13863605,ok
ML555VRY,SS33469_33469_1884796,512917,ok
MMUB7EQL,SS33469_33469_42527267,14844669,ok
MNNDUVP6,SS33469_33469_42526536,13604305,ok
MPN5DK2U,SS33469_33469_42526415,13420287,ok
MQKDMMI9,SS33469_33469_41251154,22378556,ok
MR4WSLZ2,SS33469_33469_42529178,19117888,ok
MVTLPZ9Q,SS33469_33469_42529343,19376709,ok
MZST6UEM,SS33469_33469_42526734,14175107,ok
N49LT8RV,SS33469_33469_24746702,641923,ok
N4NSY4HE,SS33469_33469_14253112,634128,ok
N5UUKHRJ,SS33469_33469_42526058,13137304,ok
N5VQWN98,SS33469_33469_25366853,924759,ok
N65DQ7B9,SS33469_33469_24731655,641870,ok
N66DJ5MB,SS33469_33469_42527835,15125728,ok
N6LTWH6U,SS33469_33469_25420283,931443,ok
N74TA45B,SS33469_33469_42525298,12543684,ok
N7DPVS3X,SS33469_33469_42302831,23090545,ok
N8CS4TN6,SS33469_33469_42525276,12543674,ok
N9ZCBAQI,SS33469_33469_24731723,641878,ok
NA5ZH4WY,SS33469_33469_42526793,14290372,ok
NANX673H,SS33469_33469_19068727,641885,ok
NB8UT686,SS33469_33469_42527870,15144570,ok
NCLSBIGU,SS33469_33469_42527139,14567633,ok
NDHM9PHH,SS33469_33469_15285211,639056,ok
NDKM4WTW,SS33469_33469_42529019,18937715,ok
NDPFINYQ,SS33469_33469_42525956,13002619,ok
NE75JB3Z,SS33469_33469_42527847,15125739,ok
NEEQQDQQ,SS33469_33469_42525127,12405991,ok
NEIV6P5W,SS33469_33469_42528418,16533108,ok
NEWYUCJW,SS33469_33469_42529658,20634631,ok
NF3JZVRJ,SS33469_33469_42527195,14631069,ok
NFKKDDRZ,SS33469_33469_41621177,22831052,ok
NIDJQHCY,SS33469_33469_42528690,17987458,ok
NIIJDTR3,SS33469_33469_42529174,19117886,ok
NIXQTNRI,SS33469_33469_42526357,13412074,ok
NKAVGZNL,SS33469_33469_42526616,13863601,ok
NKUVZWQU,SS33469_33469_42527633,15086779,ok
NLS4GDCR,SS33469_33469_42529355,19376715,ok
NM8P6AT8,SS33469_33469_24730014,641632,ok
NNRIFTUE,SS33469_33469_42527787,15111583,ok
NP4CPLNF,SS33469_33469_42529682,20634635,ok
NPQLF2L3,SS33469_33469_42529190,19117894,ok
NQEINM55,SS33469_33469_42526343,13351066,ok
NQGTZDTA,SS33469_33469_42526457,13517983,ok
NT3T64UG,SS33469_33469_42525094,12405971,ok
NT97YK5X,SS33469_33469_42526900,14309982,ok
NTYYZ474,SS33469_33469_42527219,14826719,ok
NUNV4RS6,SS33469_33469_42528970,18883819,ok
NVCMP85X,SS33469_33469_43852256,24123035,ok
NVUWPALB,SS33469_33469_42526706,14172139,ok
NX5ZWM4B,SS33469_33469_42527263,14844667,ok
NY8EIZPN,SS33469_33469_42526411,13420283,ok
NZ7SXX8E,SS33469_33469_42527377,15057514,ok
P279W5YK,SS33469_33469_42527853,15144560,ok
P2VY7UA7,SS33469_33469_42530057,21083089,ok
P3MC8LVE,SS33469_33469_42526584,13693706,ok
P3MLSDWI,SS33469_33469_42527695,15088086,ok
P3SXCUWI,SS33469_33469_42525555,12827843,ok
P3T4YANB,SS33469_33469_42526652,13971628,ok
P4SWWF7M,SS33469_33469_24813005,641967,ok
P75KQSUN,SS33469_33469_9983787,632066,ok
P7E2WGTN,SS33469_33469_24812993,641966,ok
P858BHRC,SS33469_33469_42526443,13450782,ok
PAAY4MZ2,SS33469_33469_42525399,12641433,ok
PAHHAVN2,SS33469_33469_42529007,18937709,ok
PBDUAC8I,SS33469_33469_15919930,641659,ok
PEAVVEJD,SS33469_33469_42580970,23249420,ok
PEEGHK2R,SS33469_33469_25332503,723851,ok
PEKWNQI7,SS33469_33469_42528670,17987448,ok
PEQS5CUB,SS33469_33469_42526552,13691442,ok
PFUBE9GZ,SS33469_33469_42526120,13227755,ok
PG3WIT3M,SS33469_33469_5734723,519188,ok
PGTZE33H,SS33469_33469_42526197,13310853,ok
PIN9WQ2M,SS33469_33469_42526259,13319123,ok
PLGTECYR,SS33469_33469_42529198,19248052,ok
PLRU6FDT,SS33469_33469_42527344,14904621,ok
PMT5S7EP,SS33469_33469_14253252,634134,ok
PN2NTJWR,SS33469_33469_42528839,18796315,ok
PP5LPWPN,SS33469_33469_13847658,633226,ok
PPXCS73L,SS33469_33469_42528503,16533119,ok
PQM8PQVD,SS33469_33469_42527109,14510428,ok
PR44QH2M,SS33469_33469_15729689,639452,ok
PR7GRMT9,SS33469_33469_42527275,14898635,ok
PU58YGH3,SS33469_33469_42527587,15067728,ok
PUXWPPDT,SS33469_33469_35303103,12653195,ok
PVQIAWIQ,SS33469_33469_42526435,13450778,ok
PVS63R9V,SS33469_33469_1714068,631787,ok
PW4DUPHY,SS33469_33469_25022830,694740,ok
PYUJ2RBM,SS33469_33469_42529964,21027697,ok
PZ4SHSWT,SS33469_33469_15141260,638515,ok
PZDLNAI7,SS33469_33469_42528724,18165750,ok
PZPPQ3IY,SS33469_33469_42527938,16205686,ok
PZRTTE6E,SS33469_33469_42527658,15086791,ok
Q3XELTDC,SS33469_33469_42529204,19248055,ok
Q4EFXZFV,SS33469_33469_42529351,19376713,ok
Q4FCFTHP,SS33469_33469_42526467,13517988,ok
Q536V483,SS33469_33469_25367735,768558,ok
Q5V5EJLN,SS33469_33469_42525360,12596736,ok
Q677HNGB,SS33469_33469_42525294,12543682,ok
Q7ZK3Y73,SS33469_33469_25329208,723358,ok
Q95FDWBA,SS33469_33469_6876806,519914,ok
QA2BN7XW,SS33469_33469_42530241,21554287,ok
QAIQLKUF,SS33469_33469_42528906,18861194,ok
QB7YWDTD,SS33469_33469_42525992,13089003,ok
QBKUI8GG,SS33469_33469_42527209,14826714,ok
QC7N6Q85,SS33469_33469_42526133,13310837,ok
QCDNWKJD,SS33469_33469_42529827,21003739,ok
QE2YXZVQ,SS33469_33469_42528716,18165746,ok
QFYGZM3A,SS33469_33469_24735716,641898,ok
QG42FL3V,SS33469_33469_42529287,19307725,ok
QG6C4UVE,SS33469_33469_14013619,633691,ok
QGLARYH6,SS33469_33469_42527362,14904632,ok
QGW224K2,SS33469_33469_41206630,22364737,ok
QJW8HWQH,SS33469_33469_13845973,632076,ok
QK7TTBWC,SS33469_33469_42526054,13137300,ok
QKKF6IWK,SS33469_33469_42530469,21821584,ok
QKXVZ4DQ,SS33469_33469_42526758,14183091,ok
QMKSPNK3,SS33469_33469_15921568,641857,ok
QN9DCR8N,SS33469_33469_42527399,15057518,ok
QQ25JWKC,SS33469_33469_42529218,19248062,ok
QQ26PJLJ,SS33469_33469_15587799,519612,ok
QQRPZNYY,SS33469_33469_42526335,13351062,ok
QRGVGYBQ,SS33469_33469_42528740,18344725,ok
QSX9EBUN,SS33469_33469_42530201,21554279,ok
QTPVI59N,SS33469_33469_42528229,16495129,ok
QTQAU3DB,SS33469_33469_42525407,12641437,ok
QU5QT2S4,SS33469_33469_42530004,21034137,ok
QUFD4DMC,SS33469_33469_41542806,22686129,ok
QVTGSMIV,SS33469_33469_42529944,21027687,ok
QWBVCNWR,SS33469_33469_25065917,694923,ok
QWN46XKR,SS33469_33469_42529095,19101425,ok
QWQ4CJD5,SS33469_33469_42530061,21083091,ok
QY9BJZNA,SS33469_33469_42526327,13351058,ok
QYKHRIMS,SS33469_33469_25626621,1297752,ok
R2K32DGP,SS33469_33469_42527783,15111581,ok
R36SU4QS,SS33469_33469_42525769,12862536,ok
R3HHWFNG,SS33469_33469_8065542,632153,ok
R5IENKP8,SS33469_33469_42529327,19334692,ok
R63KV8DQ,SS33469_33469_42526644,13971622,ok
R6XXXWZD,SS33469_33469_42526813,14290382,ok
RBPCSQQR,SS33469_33469_42530256,21554289,ok
RC6MKG3H,SS33469_33469_42529061,19101408,ok
RCBDHACT,SS33469_33469_42530317,21798630,ok
RCSBNLUB,SS33469_33469_42528082,16493157,ok
RCUYF69I,SS33469_33469_42528704,18155297,ok
RD5E288S,SS33469_33469_8065953,632175,ok
RDPQWSUU,SS33469_33469_42528616,16621527,ok
REBBMGEZ,SS33469_33469_42528372,16521284,ok
RGC4SFT4,SS33469_33469_24745259,641909,ok
RJYFLVRT,SS33469_33469_42528712,18165744,ok
RKNA398D,SS33469_33469_41542830,22686141,ok
RN5DUW7Z,SS33469_33469_42530069,21091398,ok
RNWDT5TP,SS33469_33469_42525457,12762412,ok
RPXA9884,SS33469_33469_25291515,696576,ok
RPZT3YPU,SS33469_33469_42528519,16544450,ok
RSAKT92N,SS33469_33469_42525326,12549643,ok
RTI72K87,SS33469_33469_25454725,949854,ok
RVXU6YUA,SS33469_33469_42527181,14631058,ok
RWP2WAWB,SS33469_33469_42528591,16605866,ok
RXUG5WSA,SS33469_33469_42529852,21003742,ok
RZ8UDGTW,SS33469_33469_42580970,23249420,ok
RZEC2AQG,SS33469_33469_25329527,723463,ok
RZJCU349,SS33469_33469_13849780,632968,ok
RZTJE3CI,SS33469_33469_42528974,18883821,ok
RZY9JZ5M,SS33469_33469_42527934,16205684,ok
S2L9U7LF,SS33469_33469_42525364,12596738,ok
S4QU9XAW,SS33469_33469_15911580,641601,ok
S56ZFJZ6,SS33469_33469_42525215,12499015,ok
S59MHBI8,SS33469_33469_42526485,13529422,ok
S6JDHBSV,SS33469_33469_42526373,13412082,ok
S6WWFPS3,SS33469_33469_42528368,16521282,ok
S76VFE9W,SS33469_33469_42525461,12762414,ok
S7KC6XW2,SS33469_33469_42526726,14175103,ok
S9DHVFUU,SS33469_33469_42528364,16521280,ok
S9PVTQ8E,SS33469_33469_42528638,17409897,ok
SAR278EV,SS33469_33469_42530022,21073524,ok
SAUX797P,SS33469_33469_42526369,13412080,ok
SBRG6JV3,SS33469_33469_24874038,690768,ok
SEYVIISL,SS33469_33469_42526668,14166291,ok
SFSKTEUG,SS33469_33469_24872632,647589,ok
SGCKIGXG,SS33469_33469_42528515,16544448,ok
SH9DG4XH,SS33469_33469_42526098,13142378,ok
SHNAVUTT,SS33469_33469_42527348,14904623,ok
SHTFI2F4,SS33469_33469_42527177,14631056,ok
SINBPBSF,SS33469_33469_42529331,19334694,ok
SIPGLSUF,SS33469_33469_15729581,639234,ok
SIQU7G2G,SS33469_33469_42527579,15067724,ok
SJVYJYP4,SS33469_33469_14120656,634025,ok
SLWSPHJH,SS33469_33469_1644223,694888,ok
SPMZW8LH,SS33469_33469_41621145,22831036,ok
SRZ84ZT2,SS33469_33469_41284437,22380120,ok
SS7XET8D,SS33469_33469_42527910,16069589,ok
SSXVVYVE,SS33469_33469_43776730,24077767,ok
STNWYDB9,SS33469_33469_42530420,21804670,ok
SWDJUVUJ,SS33469_33469_42528290,16498163,ok
SWP5DNW2,SS33469_33469_43679859,23970307,ok
SY7EKGG9,SS33469_33469_42529760,21000833,ok
SYJVWWUP,SS33469_33469_42525506,12827835,ok
SYX7T4RL,SS33469_33469_43679863,23970309,ok
T28EI6NT,SS33469_33469_42525539,12827841,ok
T5NFCYQV,SS33469_33469_25367624,789401,ok
T6TNKG3X,SS33469_33469_42528216,16495127,ok
T8LJZ2SP,SS33469_33469_42527914,16069591,ok
T9Z3HK8B,SS33469_33469_43618201,23965276,ok
TB7MEV86,SS33469_33469_42525244,12502215,ok
TBJA73PF,SS33469_33469_42527827,15125720,ok
TCHNBR6R,SS33469_33469_42530105,21220505,ok
TDN53QNW,SS33469_33469_42529194,19248050,ok
TGHPTK4F,SS33469_33469_41206614,22364723,ok
THA5852Y,SS33469_33469_24746650,641921,ok
TJCR6CHC,SS33469_33469_25096455,694901,ok
TKH4J8QA,SS33469_33469_42526778,14183103,ok
TLXYM3L5,SS33469_33469_42528507,16533121,ok
TMUTSH2R,SS33469_33469_42527324,14902824,ok
TRHP5M6A,SS33469_33469_25516772,1072481,ok
TRVPV4CJ,SS33469_33469_25021817,694621,ok
TS8GCN76,SS33469_33469_15286239,639165,ok
TWKFNYE2,SS33469_33469_42525805,12909026,ok
TXCAX8PB,SS33469_33469_42529152,19104851,ok
TXW6Z4G4,SS33469_33469_42530538,22332830,ok
TZ4ZBB3Z,SS33469_33469_42529770,21000838,ok
U2NFY6MI,SS33469_33469_42526493,13529426,ok
U2QU4SM9,SS33469_33469_42526941,14309987,ok
U3MTCI8Z,SS33469_33469_42528579,16605860,ok
U5ALJUNN,SS7729445_7729445_10097223,12405944,ok
U6KMRMDG,SS33469_33469_42526774,14183101,ok
U7JTK2GZ,SS33469_33469_42527399,15057518,ok
U892DIRP,SS33469_33469_42527165,14567637,ok
UAF28AG5,SS33469_33469_25329731,723730,ok
UAG6U4BG,SS33469_33469_25419597,927485,ok
UAJB56LT,SS33469_33469_42525133,12405994,ok
UCTSXTP3,SS33469_33469_42528333,16498173,ok
UD55X7BH,SS33469_33469_42530073,21091400,ok
UEZJUNBZ,SS33469_33469_1715647,641873,ok
UG92TM6X,SS33469_33469_25333182,732305,ok
UGEJZ5HG,SS33469_33469_42529774,21000840,ok
UHGUWGUZ,SS33469_33469_42529818,21003737,ok
UHM6IPEL,SS33469_33469_42528551,16560197,ok
UI8JLRTB,SS33469_33469_42527613,15083711,ok
UIGDYJFL,SS33469_33469_25454616,949849,ok
UIXK9R42,SS33469_33469_42527352,14904625,ok
UJ5VW779,SS33469_33469_42527464,15057529,ok
UKY9ZGFI,SS33469_33469_41542848,22752014,ok
ULSN236N,SS33469_33469_42526381,13412086,ok
UQQDXMAY,SS33469_33469_42525912,12970048,ok
URGF5WQN,SS33469_33469_42525453,12653203,ok
URPYB2MG,SS33469_33469_25333664,723938,ok
URPYB2MG,SS33469_33469_25333662,723937,ok
URPYB2MG,SS33469_33469_425301913,,unexpected:https://www.jstor.org/artstor-page-not-found
URPYB2MG,SS33469_33469_25333484,723934,ok
URSCBSMC,SS33469_33469_41542856,22752018,ok
USFF56BD,SS33469_33469_42529492,20408873,ok
UTGYZH5Q,SS33469_33469_41253006,22378674,ok
UVYHYECG,SS33469_33469_40980364,22332761,ok
UWRH5RMK,SS33469_33469_42528728,18165752,ok
UXUDHDQM,SS33469_33469_42529011,18937711,ok
UZ8WXUCG,SS33469_33469_1715488,681680,ok
V2IGD5GP,SS33469_33469_42529608,20473294,ok
V2JCB6GV,SS33469_33469_42526315,13319132,ok
V5GBKC3Z,SS33469_33469_42525290,12543680,ok
V5SFZKAC,SS33469_33469_42524979,12405952,ok
V5XVCRM6,SS33469_33469_42528662,17987444,ok
V6G2QZ22,SS33469_33469_42526471,13517990,ok
V8GA3YS9,SS33469_33469_25321042,722568,ok
V8GI9NAU,SS33469_33469_25329301,723418,ok
VAI6IIYY,SS33469_33469_15593156,789392,ok
VDHBMPPD,SS33469_33469_42525090,12405969,ok
VDUDK9C2,SS33469_33469_25065917,694923,ok
VDZ3BPCC,SS33469_33469_42526666,14166290,ok
VE6TCWY6,SS33469_33469_42529746,20998852,ok
VF84BK8A,SS33469_33469_42530554,22344591,ok
VGUG34G9,SS33469_33469_42528174,16495121,ok
VH5MGEBA,SS33469_33469_25454725,949854,ok
VIH8XP3C,SS33469_33469_42526425,13450771,ok
VIRGHDXH,SS33469_33469_42580978,23249424,ok
VKRNHAGI,SS33469_33469_42526459,13517984,ok
VL6TMD6F,SS33469_33469_15921966,641861,ok
VLPQMQ8S,SS33469_33469_15286229,639069,ok
VN89TZBV,SS33469_33469_42526066,13137308,ok
VQPJFJEY,SS33469_33469_41253006,22378674,ok
VR5JCJ59,SS33469_33469_42525435,12653193,ok
VRSBV8YK,SS33469_33469_42526604,13693716,ok
VRZWGZVX,SS33469_33469_42527731,15089826,ok
VT833RRH,SS33469_33469_42525996,13107747,ok
VTUB34MK,SS33469_33469_42526365,13412078,ok
VUJ7DGS2,SS33469_33469_41542866,22752023,ok
VVKM5K5N,SS33469_33469_42525844,12909032,ok
VVTUGTLE,SS33469_33469_42530121,21239691,ok
VVVDQ639,SS33469_33469_42529756,21000831,ok
VVY2VVZ4,SS33469_33469_42529377,20325720,ok
VWFQ3345,SS33469_33469_42525370,12596741,ok
VWUVP8J2,SS33469_33469_42526421,13450769,ok
VXKNIGB6,SS33469_33469_42530089,21091408,ok
VZC5BRP9,SS33469_33469_42527173,14631054,ok
VZC5BRP9,SS33469_33469_42528654,17457786,ok
VZXP6GCM,SS33469_33469_42526868,14309978,ok
W2ADDKDT,SS33469_33469_42527645,15086785,ok
W3LDEBSB,SS33469_33469_42525252,12502219,ok
W48KLTKW,SS33469_33469_42526439,13450780,ok
W4A4UHJH,SS33469_33469_42528278,16498161,ok
W53AH9P7,SS33469_33469_42526552,13691442,ok
W5Y9VXHN,SS33469_33469_42525235,12502211,ok
W69DC8CD,SS33469_33469_42525207,12499011,ok
W6FUD4ZB,SS33469_33469_42526182,13310849,ok
W7IJRR82,SS33469_33469_42530129,21239695,ok
W7Z7GYMG,SS33469_33469_42525374,12596743,ok
W82MUC33,SS33469_33469_42526636,13971618,ok
W8CEVX5V,SS33469_33469_42529621,20634627,ok
W99EI378,SS33469_33469_42530036,21073531,ok
W9YUT4CF,SS33469_33469_42527255,14844663,ok
WALLULYV,SS33469_33469_42529954,21027692,ok
WBM7HLVH,SS33469_33469_42525391,12619319,ok
WD7GKC3E,SS33469_33469_42525169,12435274,ok
WDBVDSH6,SS33469_33469_42529948,21027689,ok
WDD87XPC,SS33469_33469_42528527,16544454,ok
WDITEMDJ,SS33469_33469_25291894,721728,ok
WEBBPJRM,SS33469_33469_42526301,13319130,ok
WHM7URD8,SS33469_33469_42526229,13319120,ok
WIJ39J8T,SS33469_33469_42529970,21030381,ok
WJC6YRZM,SS33469_33469_42529023,18937717,ok
WJKYKWV9,SS33469_33469_42527989,16387442,ok
WPVXPFFT,SS33469_33469_42530503,22007978,ok
WQ458CVM,SS33469_33469_42529460,20408868,ok
WRNYAPQQ,SS33469_33469_42527373,15057512,ok
WRU955J4,SS33469_33469_36489160,12435272,ok
WSZILAFT,SS33469_33469_25454635,949851,ok
WT67GABW,SS33469_33469_42525403,12641435,ok
WUC8KKIX,SS33469_33469_42528809,18796311,ok
WXG8IUKE,SS33469_33469_42527894,16069581,ok
WXHZR4P5,SS33469_33469_25291786,696572,ok
WYI4627M,SS33469_33469_42525421,12653185,ok
WYK398PF,SS33469_33469_25324294,723202,ok
WYSDPMHP,SS33469_33469_42527799,15111589,ok
WYUUF35G,SS33469_33469_42529230,19260820,ok
X52EXFBT,SS33469_33469_42527719,15089809,ok
X5F4KFJ8,SS33469_33469_42527795,15111587,ok
X6BXZXIF,SS33469_33469_42527703,15088092,ok
X6SRYS58,SS33469_33469_43618207,23965278,ok
X79CB8BP,SS33469_33469_15772739,640930,ok
X82KVB85,SS33469_33469_42527334,14902829,ok
X8LKY6MI,SS33469_33469_42528567,16605854,ok
XCFZA4Z7,SS33469_33469_42527293,14898646,ok
XCSC2N87,SS33469_33469_42526451,13517980,ok
XCX65JQA,SS33469_33469_42302865,23090562,ok
XD7IF8WQ,SS33469_33469_42527791,15111585,ok
XDL8DE2V,SS33469_33469_42528121,16493163,ok
XEUXGW7D,SS33469_33469_25092746,694851,ok
XFQMFX5K,SS33469_33469_42530183,21536787,ok
XGPQU7KI,SS33469_33469_42528258,16495133,ok
XGSQQADE,SS33469_33469_42527249,14844660,ok
XKGNRICF,SS33469_33469_1715506,639226,ok
XL5ECVPF,SS33469_33469_42527233,14826726,ok
XL6Z9KSL,SS33469_33469_15198376,638958,ok
XLU2WEKP,SS33469_33469_42526718,14175099,ok
XMG7YAZW,SS33469_33469_42527851,15144558,ok
XMMENB8R,SS33469_33469_42525968,13083373,ok
XMWXAQ8G,SS33469_33469_42525336,12549648,ok
XN5IQDI6,SS33469_33469_43589249,23957462,ok
XNH2F8EB,SS33469_33469_42528432,16533110,ok
XP8YFKPR,SS33469_33469_10897208,638488,ok
XP9M2U3Q,SS33469_33469_42526349,13351069,ok
XPV8EM77,SS33469_33469_43589241,23957458,ok
XQCAGBFA,SS33469_33469_42527843,15125732,ok
XS8JUKLN,SS33469_33469_42525477,12762422,ok
XUXNQB4J,SS33469_33469_42526347,13351068,ok
XVFFMZT2,SS33469_33469_42526666,14166290,ok
XXKJHHKM,SS33469_33469_42525352,12596732,ok
XYG4SPBI,SS33469_33469_24909249,692919,ok
XYWFSLL2,SS33469_33469_25367033,732308,ok
XZQKJTEQ,SS33469_33469_42530053,21083087,ok
Y2JME5T5,SS33469_33469_41206986,22364774,ok
Y6EVGAKE,SS33469_33469_42529138,19103883,ok
Y6WQSNVH,SS33469_33469_43776740,24077772,ok
Y7SJHXS2,SS33469_33469_42530097,21220501,ok
Y8V82NEI,SS33469_33469_42528622,16621532,ok
YCJVW6Y6,SS33469_33469_6066955,519911,ok
YE293VPP,SS33469_33469_42530491,21821595,ok
YEQEKP79,SS33469_33469_14044090,633891,ok
YHJSU6FI,SS33469_33469_6063402,519408,ok
YIBDNVPM,SS33469_33469_42530289,21798626,ok
YJX3D7TH,SS33469_33469_42526710,14172141,ok
YJYX5S6P,SS33469_33469_13976569,638489,ok
YJZNQ94S,SS33469_33469_42526129,13310835,ok
YKLIS4G8,SS33469_33469_42527674,15088076,ok
YM7KRFGQ,SS33469_33469_42526082,13142370,ok
YPJNUVSE,SS33469_33469_42526786,14183107,ok
YQI24LZV,SS33469_33469_42529347,19376711,ok
YRUBL7EW,SS33469_33469_41284433,22380118,ok
YS5ULT2U,SS33469_33469_1721031,512698,ok
YVIWJFCF,SS33469_33469_41621157,22831042,ok
YW4DQEJ3,SS33469_33469_43852252,24123033,ok
YWB3954W,SS33469_33469_42529435,20408864,ok
YX3HQ4UN,SS33469_33469_24812987,641964,ok
YX7BXEWX,SS33469_33469_42526489,13529424,ok
YXLZZIW6,SS33469_33469_24876012,691181,ok
Z2EKDXCQ,SS33469_33469_42525100,12405974,ok
Z2TT2U83,SS33469_33469_42529902,21007071,ok
Z3TC8IEP,SS33469_33469_6991104,519919,ok
Z3YDWGS3,SS33469_33469_42527215,14826717,ok
Z4XKV44W,SS33469_33469_42525928,13002605,ok
Z54M7J78,SS33469_33469_42530042,21083082,ok
Z67GHMME,SS33469_33469_43679853,23970304,ok
Z8JS82W4,SS33469_33469_42525082,12405965,ok
Z8TZAPIY,SS33469_33469_42530187,21536789,ok
Z9BRVCMX,SS33469_33469_42529031,18983650,ok
ZAPMBGE3,SS33469_33469_42525417,12653183,ok
ZB3WVS8X,SS33469_33469_42530434,21804672,ok
ZB5QETPU,SS33469_33469_1720340,512694,ok
ZBY9BGV2,SS33469_33469_15162542,638492,ok
ZC6PGQMG,SS33469_33469_24876045,692900,ok
ZC99JFZS,SS33469_33469_42526694,14172133,ok
ZDSR96LN,SS33469_33469_42528696,18155293,ok
ZEIL2M3R,SS33469_33469_42525387,12619316,ok
ZF6MS5B8,SS33469_33469_42526042,13107863,ok
ZFVLHJ4P,SS33469_33469_42526403,13420278,ok
ZFXFXB83,SS33469_33469_42525810,12909028,ok
ZGM5YC4Y,SS33469_33469_42529934,21027682,ok
ZH3R9PQF,SS33469_33469_42526373,13412082,ok
ZIKLIUXS,SS33469_33469_25293456,722577,ok
ZKXXG9FB,SS33469_33469_42525908,12970046,ok
ZKYFF7DD,SS33469_33469_42530143,21239702,ok
ZLF4BX44,SS33469_33469_25419605,927342,ok
ZMV6ZMWC,SS33469_33469_15587113,659954,ok
ZNYNAY55,SS33469_33469_25472046,950416,ok
ZRUCQW6Z,SS33469_33469_9516366,631908,ok
ZSFLC9BC,SS33469_33469_15596450,2436251,ok
ZSIHGLFW,SS33469_33469_7033437,631871,ok
ZTWYAIES,SS33469_33469_42525356,12596734,ok
ZV2B9FCC,SS33469_33469_24730645,641865,ok
ZVIPK4PM,SS33469_33469_42529015,18937713,ok
ZVZEXSPQ,SS33469_33469_42525318,12549639,ok
ZW723DS9,SS33469_33469_6990775,519926,ok
ZX6DJLD4,SS33469_33469_42528744,18344727,ok
ZXYGRPTZ,SS33469_33469_42529373,20325718,ok
ZYN7DVSI,SS33469_33469_42525383,12619314,ok
ZZ3NUSXD,SS33469_33469_42527063,14510423,ok
