refKey,refTitle,bookKey,bookTitle,verbatim,decision,notes
BEGEG5AI,Artists books,223XB7SC,The Final Nile Journey,"Wasserman, Krystyna. The Book as Art : Artists’ Books from the National Museum of Women in the Arts. New York: Princeton Architectural Press, 2007. p.129.",no,
BEGEG5AI,Artists books,282J7DE7,How long?,"Wasserman, Krystyna. The Book as Art : Artists’ Books from the National Museum of Women in the Arts. New York: Princeton Architectural Press, 2007. p.99.",no,
BEGEG5AI,Artists books,2P2UMVUV,Litolattine,"Wasserman, Krystyna. The Book as Art : Artists’ Books from the National Museum of Women in the Arts. New York: Princeton Architectural Press, 2007. pp.152-153.",no,
BEGEG5AI,Artists books,2ZDTM2HT,Sleeping inside the glacier,"Wasserman, Krystyna. The Book as Art : Artists’ Books from the National Museum of Women in the Arts. New York: Princeton Architectural Press, 2007. pp.142-143.",no,
BEGEG5AI,Artists books,33K2SVYM,After water aerobics,"Wasserman, Krystyna. The Book as Art : Artists’ Books from the National Museum of Women in the Arts. New York: Princeton Architectural Press, 2007. p.69.",no,
BEGEG5AI,Artists books,3B7DURXM,Caroline: Gedichte und Radierungen,"Wasserman, Krystyna. The Book as Art : Artists’ Books from the National Museum of Women in the Arts. New York: Princeton Architectural Press, 2007. p.154-155.",no,
BEGEG5AI,Artists books,3FWNVG5F,On a Darkling Plain,"Wasserman, Krystyna. The Book as Art : Artists’ Books from the National Museum of Women in the Arts. New York: Princeton Architectural Press, 2007. pp.110-111.",no,
BEGEG5AI,Artists books,3J6JT8P8,Dido and Aeneas: an opera perform'd at Mr. Josias Priest's boarding-school at Chelsey by young gentlewomen,"Wasserman, Krystyna. The Book as Art : Artists’ Books from the National Museum of Women in the Arts. New York: Princeton Architectural Press, 2007. p.178.",no,
BEGEG5AI,Artists books,3VIWIHZZ,A merz sonata,"Wasserman, Krystyna. The Book as Art : Artists’ Books from the National Museum of Women in the Arts. New York: Princeton Architectural Press, 2007. pp.160-161.",no,
BEGEG5AI,Artists books,3W4Q5CKA,Endless Book,"Wasserman, Krystyna. The Book as Art : Artists’ Books from the National Museum of Women in the Arts. New York: Princeton Architectural Press, 2007. p.183.",no,
BEGEG5AI,Artists books,3Z5YAUCX,Eight slices of pie,"Wasserman, Krystyna. The Book as Art : Artists’ Books from the National Museum of Women in the Arts. New York: Princeton Architectural Press, 2007. pp.66-67.",no,
BEGEG5AI,Artists books,4NNHFYRT,On the line,"Wasserman, Krystyna. The Book as Art : Artists’ Books from the National Museum of Women in the Arts. New York: Princeton Architectural Press, 2007. p.48-49.",no,
BEGEG5AI,Artists books,4X5YJ8WM,The book of warnings,"Ruben, Robert J. Beyond the Text: Artists' Books fromthe Collection of Robert J. Ruben. New York: Grolier Club, 2010. pp. 92, 93.",no,
BEGEG5AI,Artists books,4YCIDKP7,Book in a Cage,"Wasserman, Krystyna. The Book as Art : Artists’ Books from the National Museum of Women in the Arts. New York: Princeton Architectural Press, 2007. p.113.",no,
BEGEG5AI,Artists books,58Z6JJFW,"Wonder Production, Volume I","Wasserman, Krystyna. The Book as Art : Artists’ Books from the National Museum of Women in the Arts. New York: Princeton Architectural Press, 2007. pp.96-97.",no,
BEGEG5AI,Artists books,5QDFCSDU,The Dream of the Dirty Woman: a play in one act based on a dream of Elka Schumann : with a record of the performance.,"Wasserman, Krystyna. The Book as Art : Artists’ Books from the National Museum of Women in the Arts. New York: Princeton Architectural Press, 2007. p.89.",no,
BEGEG5AI,Artists books,5WYLXWSP,Endangered species,"Wasserman, Krystyna. The Book as Art : Artists’ Books from the National Museum of Women in the Arts. New York: Princeton Architectural Press, 2007. pp.104-105.",no,
BEGEG5AI,Artists books,63H56EGP,Five luminous towers,"Wasserman, Krystyna. The Book as Art : Artists’ Books from the National Museum of Women in the Arts. New York: Princeton Architectural Press, 2007. p.132-133.",no,
BEGEG5AI,Artists books,67RGAFXK,Art History Lessons,"Wasserman, Krystyna. The Book as Art : Artists’ Books from the National Museum of Women in the Arts. New York: Princeton Architectural Press, 2007. pp.86-87.",no,
BEGEG5AI,Artists books,6K26QUUI,Hieroglyph,"Wasserman, Krystyna. The Book as Art : Artists’ Books from the National Museum of Women in the Arts. New York: Princeton Architectural Press, 2007. p.157.",no,
BEGEG5AI,Artists books,6XDKGS65,British Museum Memoir,"Wasserman, Krystyna. The Book as Art : Artists’ Books from the National Museum of Women in the Arts. New York: Princeton Architectural Press, 2007. p.80-81.",no,
BEGEG5AI,Artists books,7TTX3A4F,The Diary of a Sparrow,"Wasserman, Krystyna. The Book as Art : Artists’ Books from the National Museum of Women in the Arts. New York: Princeton Architectural Press, 2007. p.126-127.",no,
BEGEG5AI,Artists books,85XC3VTW,After the deluge: the post-Ark report,"Wasserman, Krystyna. The Book as Art : Artists’ Books from the National Museum of Women in the Arts. New York: Princeton Architectural Press, 2007. p.53.",no,
BEGEG5AI,Artists books,8HTLFLYB,The Great Wall,"Wasserman, Krystyna. The Book as Art : Artists’ Books from the National Museum of Women in the Arts. New York: Princeton Architectural Press, 2007. pp.148-149.",no,
BEGEG5AI,Artists books,8RE9B2Q3,Waltzing Matilda,"Wasserman, Krystyna. The Book as Art : Artists’ Books from the National Museum of Women in the Arts. New York: Princeton Architectural Press, 2007. p.138.",no,
BEGEG5AI,Artists books,9CYT2PBI,The Gynecologist,"Wasserman, Krystyna. The Book as Art : Artists’ Books from the National Museum of Women in the Arts. New York: Princeton Architectural Press, 2007. p.65.",no,
BEGEG5AI,Artists books,9EF6QUKN,Privacy,"Wasserman, Krystyna. The Book as Art : Artists’ Books from the National Museum of Women in the Arts. New York: Princeton Architectural Press, 2007. pp.36-37.",no,
BEGEG5AI,Artists books,9T8UFUH5,Soap story : an artist's book,"Wasserman, Krystyna. The Book as Art : Artists’ Books from the National Museum of Women in the Arts. New York: Princeton Architectural Press, 2007. p.45.",no,
BEGEG5AI,Artists books,9VYSGLIC,Glove story,"Wasserman, Krystyna. The Book as Art : Artists’ Books from the National Museum of Women in the Arts. New York: Princeton Architectural Press, 2007. pp.39.",no,
BEGEG5AI,Artists books,ADU5Y5A2,Tunnel Map,"Wasserman, Krystyna. The Book as Art : Artists’ Books from the National Museum of Women in the Arts. New York: Princeton Architectural Press, 2007. p.130.",no,
BEGEG5AI,Artists books,ANLG9WWW,The Misfits,"Wasserman, Krystyna. The Book as Art : Artists’ Books from the National Museum of Women in the Arts. New York: Princeton Architectural Press, 2007. p.175.",no,
BEGEG5AI,Artists books,AR65J8BY,La vida desaventurada de Doña Carmen y Costanza = The Uneventful Life of Doña Carmen y Constanza,"Wasserman, Krystyna. The Book as Art : Artists’ Books from the National Museum of Women in the Arts. New York: Princeton Architectural Press, 2007. pp.42-43.",no,
BEGEG5AI,Artists books,ATDK9QUI,Small gifts,"Wasserman, Krystyna. The Book as Art : Artists’ Books from the National Museum of Women in the Arts. New York: Princeton Architectural Press, 2007. pp.164-165.",no,
BEGEG5AI,Artists books,B233R382,Beauty.Chaos,"Wasserman, Krystyna. The Book as Art : Artists’ Books from the National Museum of Women in the Arts. New York: Princeton Architectural Press, 2007. p.56-57.",no,
BEGEG5AI,Artists books,B4H52QX8,Homage to Motherhood: The Music of Life,"Wasserman, Krystyna. The Book as Art : Artists’ Books from the National Museum of Women in the Arts. New York: Princeton Architectural Press, 2007. p.118-119.",no,
BEGEG5AI,Artists books,BQ8H2SMM,The Adventuress,"Wasserman, Krystyna. The Book as Art : Artists’ Books from the National Museum of Women in the Arts. New York: Princeton Architectural Press, 2007. pp.92-93.",no,
KK7KVWQT,Design Indaba,C6BEEM9G,Harvest: holding & trading,"Blassingame, Tia. ""The texture of racism & slavery in the United States – a talk."" Filmed September 2015 at Design Indaba Conference, Cape Town, South Africa. Video, 8:44. https://youtu.be/4Xz9RCGtR_M",no,
BEGEG5AI,Artists books,CGHU4KAL,Dinner with Mr. Dewey,"Wasserman, Krystyna. The Book as Art : Artists’ Books from the National Museum of Women in the Arts. New York: Princeton Architectural Press, 2007. pp.187, 187-189.",no,
BEGEG5AI,Artists books,CPI8VCWA,Volo-volume (Flight-volume),"Wasserman, Krystyna. The Book as Art : Artists’ Books from the National Museum of Women in the Arts. New York: Princeton Architectural Press, 2007. p.124.",no,
BEGEG5AI,Artists books,DLMADCM5,German Egypt,"Wasserman, Krystyna. The Book as Art : Artists’ Books from the National Museum of Women in the Arts. New York: Princeton Architectural Press, 2007. p.131.",no,
BEGEG5AI,Artists books,E2I7QRB5,Stones of Sorrow,"Wasserman, Krystyna. The Book as Art : Artists’ Books from the National Museum of Women in the Arts. New York: Princeton Architectural Press, 2007. p.61.",no,
BEGEG5AI,Artists books,EEXMYM76,The Snake,"Wasserman, Krystyna. The Book as Art : Artists’ Books from the National Museum of Women in the Arts. New York: Princeton Architectural Press, 2007. p.58.",no,
KK7KVWQT,Design Indaba,EFZP89B8,Slavery's historic house signs: in harvest II,"Blassingame, Tia. ""The texture of racism & slavery in the United States – a talk."" Filmed September 2015 at Design Indaba Conference, Cape Town, South Africa. Video, 8:44. https://youtu.be/4Xz9RCGtR_M",no,
BEGEG5AI,Artists books,EGUTVYB9,Rim,"Wasserman, Krystyna. The Book as Art : Artists’ Books from the National Museum of Women in the Arts. New York: Princeton Architectural Press, 2007. p.52.",no,
BEGEG5AI,Artists books,EQ4DP84N,How to talk about art,"Wasserman, Krystyna. The Book as Art : Artists’ Books from the National Museum of Women in the Arts. New York: Princeton Architectural Press, 2007. p.182.",no,
BEGEG5AI,Artists books,ETVTT4IX,The Beach: A Short Story,"Wasserman, Krystyna. The Book as Art : Artists’ Books from the National Museum of Women in the Arts. New York: Princeton Architectural Press, 2007. p.140-141.",no,
BEGEG5AI,Artists books,FGI58BRN,My mother's book,"Wasserman, Krystyna. The Book as Art : Artists’ Books from the National Museum of Women in the Arts. New York: Princeton Architectural Press, 2007. p.122.",no,
BEGEG5AI,Artists books,FSGBHJDV,My 9 migraine cures,"Wasserman, Krystyna. The Book as Art : Artists’ Books from the National Museum of Women in the Arts. New York: Princeton Architectural Press, 2007. p.68.",no,
BEGEG5AI,Artists books,FXFFKB4H,"Narratology: historical romance, sweet romance, science fiction, romantic suspense, supernatural, horror, sensual romance, adventure, thriller, glitz","Wasserman, Krystyna. The Book as Art : Artists’ Books from the National Museum of Women in the Arts. New York: Princeton Architectural Press, 2007. p.174.",no,
BEGEG5AI,Artists books,GB3Y6BPF,Green Salad,"Wasserman, Krystyna. The Book as Art : Artists’ Books from the National Museum of Women in the Arts. New York: Princeton Architectural Press, 2007. p.84.",no,
BEGEG5AI,Artists books,GBRL2J6M,The Mexican Dog-Tosser,"Wasserman, Krystyna. The Book as Art : Artists’ Books from the National Museum of Women in the Arts. New York: Princeton Architectural Press, 2007. p.145.",no,
BEGEG5AI,Artists books,GURAG9JG,(Ho + go)² = it,"Wasserman, Krystyna. The Book as Art : Artists’ Books from the National Museum of Women in the Arts. New York: Princeton Architectural Press, 2007. pp.100-101.",no,
BEGEG5AI,Artists books,H25R7RB9,Comment attirer les oiseaux: un livre,"Wasserman, Krystyna. The Book as Art : Artists’ Books from the National Museum of Women in the Arts. New York: Princeton Architectural Press, 2007. p.54-55.",no,
BEGEG5AI,Artists books,H7C82QJ4,Teatimes,"Wasserman, Krystyna. The Book as Art : Artists’ Books from the National Museum of Women in the Arts. New York: Princeton Architectural Press, 2007. p.63.",no,
BEGEG5AI,Artists books,I2LUTMLH,Matterhorn,"Wasserman, Krystyna. The Book as Art : Artists’ Books from the National Museum of Women in the Arts. New York: Princeton Architectural Press, 2007. p.146-147.",no,
BEGEG5AI,Artists books,IBDLZ3YI,Wheeling,"Wasserman, Krystyna. The Book as Art : Artists’ Books from the National Museum of Women in the Arts. New York: Princeton Architectural Press, 2007. p.103.",no,
BEGEG5AI,Artists books,IEXUBARJ,Los dos lados (Both sides),"Wasserman, Krystyna. The Book as Art : Artists’ Books from the National Museum of Women in the Arts. New York: Princeton Architectural Press, 2007. p.107.",no,
BEGEG5AI,Artists books,ISAUE7M6,"History of the/my word : fragments of a testimonial to history, some lived and realized moments open to claims of memory.","Wasserman, Krystyna. The Book as Art : Artists’ Books from the National Museum of Women in the Arts. New York: Princeton Architectural Press, 2007. p.73.",no,
BEGEG5AI,Artists books,J2ISTTRH,Women and Cars,"Wasserman, Krystyna. The Book as Art : Artists’ Books from the National Museum of Women in the Arts. New York: Princeton Architectural Press, 2007. pp.74-75.",no,
BEGEG5AI,Artists books,J3RXS2WM,"Carl Andre, Robert Barry, Douglas Huebler, Joseph Kosuth, Sol Lewitt, Robert Morris, Lawrence Weiner.","Vanderlip, Dianne Perry, John Perreault, and Lynn Lester Hershman. Artists Books. Philadelphia: [Moore College of Art], 1973. p.35.",yes,
BEGEG5AI,Artists books,235ZSQXX,True to Life,"Wasserman, Krystyna. The Book as Art : Artists’ Books from the National Museum of Women in the Arts. New York: Princeton Architectural Press, 2007. p.29.",no,
BEGEG5AI,Artists books,KX46RJBD,11 excerpts (1967-1970) = 11 [i.e. onze] extraits (1967-1970),"Vanderlip, Dianne Perry, John Perreault, and Lynn Lester Hershman. Artists Books. Philadelphia: [Moore College of Art?], 1973. p.38.",yes,
BEGEG5AI,Artists books,KYEYSZ9G,Back Ground,"Wasserman, Krystyna. The Book as Art : Artists’ Books from the National Museum of Women in the Arts. New York: Princeton Architectural Press, 2007. pp.82-83.",no,
BEGEG5AI,Artists books,ISTV64ZP,Treading the maze : an artist's book of daze,"Wasserman, Krystyna. The Book as Art : Artists’ Books from the National Museum of Women in the Arts. New York: Princeton Architectural Press, 2007. p.78.",no,
BEGEG5AI,Artists books,LAZ7IRLG,Incantations by Mayan women,"Wasserman, Krystyna. The Book as Art : Artists’ Books from the National Museum of Women in the Arts. New York: Princeton Architectural Press, 2007. pp.162-163.",no,
BEGEG5AI,Artists books,LJWFX9YG,La ballade des pendus (Ballad of the hangmen),"Wasserman, Krystyna. The Book as Art : Artists’ Books from the National Museum of Women in the Arts. New York: Princeton Architectural Press, 2007. p.169.",no,
BEGEG5AI,Artists books,LZR6K5X5,Confracti mundi rudera.,"Wasserman, Krystyna. The Book as Art : Artists’ Books from the National Museum of Women in the Arts. New York: Princeton Architectural Press, 2007. p.102.",no,
BEGEG5AI,Artists books,M5K7DZ5T,Libro-seme (Seed-book),"Wasserman, Krystyna. The Book as Art : Artists’ Books from the National Museum of Women in the Arts. New York: Princeton Architectural Press, 2007. p.58.",no,
BEGEG5AI,Artists books,M8PYCKLM,Dreamlog 1995,"Wasserman, Krystyna. The Book as Art : Artists’ Books from the National Museum of Women in the Arts. New York: Princeton Architectural Press, 2007. p.90-91.",no,
BEGEG5AI,Artists books,MDLJXCHX,Le silence Rwanda,"Lauf, Cornelia. Artist/author : Contemporary 147Artists’ Books. New York: American Federation of Arts, 1998. pp.147, 152, 158.",no,
BEGEG5AI,Artists books,MHE4CZT8,A Vision,"Wasserman, Krystyna. The Book as Art : Artists’ Books from the National Museum of Women in the Arts. New York: Princeton Architectural Press, 2007. p.51.",no,
BEGEG5AI,Artists books,MIS8VZ7H,Reading Dick and Jane with me,"Wasserman, Krystyna. The Book as Art : Artists’ Books from the National Museum of Women in the Arts. New York: Princeton Architectural Press, 2007. p.106.",no,
BEGEG5AI,Artists books,MQTJIQZ7,To Malherbe,"Wasserman, Krystyna. The Book as Art : Artists’ Books from the National Museum of Women in the Arts. New York: Princeton Architectural Press, 2007. p.151.",no,
BEGEG5AI,Artists books,MZDH5LJI,What's Happening with Momma?,"Wasserman, Krystyna. The Book as Art : Artists’ Books from the National Museum of Women in the Arts. New York: Princeton Architectural Press, 2007. p.121.",no,
BEGEG5AI,Artists books,N5B9IHZW,Birds Head Haggadah,"Wasserman, Krystyna. The Book as Art : Artists’ Books from the National Museum of Women in the Arts. New York: Princeton Architectural Press, 2007. pp.34-35.",no,
BEGEG5AI,Artists books,N7VA7LBX,"Ordinary, extraordinary","Wasserman, Krystyna. The Book as Art : Artists’ Books from the National Museum of Women in the Arts. New York: Princeton Architectural Press, 2007. p.117.",no,
BEGEG5AI,Artists books,NPILHBCK,Residue,"Wasserman, Krystyna. The Book as Art : Artists’ Books from the National Museum of Women in the Arts. New York: Princeton Architectural Press, 2007. p.40.",no,
BEGEG5AI,Artists books,NYPLITNZ,Mayan hearts,"Wasserman, Krystyna. The Book as Art : Artists’ Books from the National Museum of Women in the Arts. New York: Princeton Architectural Press, 2007. pp.176-177.",no,
BEGEG5AI,Artists books,NYPZZQTR,Shadow of descent,"Wasserman, Krystyna. The Book as Art : Artists’ Books from the National Museum of Women in the Arts. New York: Princeton Architectural Press, 2007. pp.94-95.",no,
BEGEG5AI,Artists books,P97248A9,L'Invitation au voyage (Invitation to a voyage),"Wasserman, Krystyna. The Book as Art : Artists’ Books from the National Museum of Women in the Arts. New York: Princeton Architectural Press, 2007. p.173.",no,
BEGEG5AI,Artists books,PVXJ8JL7,"The Desert Speaks, Book One","Wasserman, Krystyna. The Book as Art : Artists’ Books from the National Museum of Women in the Arts. New York: Princeton Architectural Press, 2007. p.60.",no,
BEGEG5AI,Artists books,Q677HNGB,Ingres and other parables.,"Vanderlip, Dianne Perry, John Perreault, and Lynn Lester Hershman. Artists Books. Philadelphia: [Moore College of Art?], 1973. p.37.",yes,
BEGEG5AI,Artists books,Q9RP7BWJ,Shadow play : an artists' book,"Wasserman, Krystyna. The Book as Art : Artists’ Books from the National Museum of Women in the Arts. New York: Princeton Architectural Press, 2007. pp.170-171.",no,
BEGEG5AI,Artists books,QKTQW8WP,"B 11226, fifty years of silence: Eugene Kellner's story","Wasserman, Krystyna. The Book as Art : Artists’ Books from the National Museum of Women in the Arts. New York: Princeton Architectural Press, 2007. p.125.",no,
BEGEG5AI,Artists books,QVBLC3ZK,Bon bon mots: a fine assortment of books,"Wasserman, Krystyna. The Book as Art : Artists’ Books from the National Museum of Women in the Arts. New York: Princeton Architectural Press, 2007. p.70-71.",no,
BEGEG5AI,Artists books,R564734T,"""She keeps her secrets in an amber jar so the light won't fade them""","Wasserman, Krystyna. The Book as Art : Artists’ Books from the National Museum of Women in the Arts. New York: Princeton Architectural Press, 2007. p.85.",no,
BEGEG5AI,Artists books,RGB95LIY,Figured silks. Part one : Silk and secrecy,"Wasserman, Krystyna. The Book as Art : Artists’ Books from the National Museum of Women in the Arts. New York: Princeton Architectural Press, 2007. p.41.",no,
BEGEG5AI,Artists books,RIX3W6I8,Carrots Anyone?,"Wasserman, Krystyna. The Book as Art : Artists’ Books from the National Museum of Women in the Arts. New York: Princeton Architectural Press, 2007. p.64.",no,
BEGEG5AI,Artists books,RL8XMAAT,Russian Portrait,"Wasserman, Krystyna. The Book as Art : Artists’ Books from the National Museum of Women in the Arts. New York: Princeton Architectural Press, 2007. p.186.",no,
BEGEG5AI,Artists books,S6GVWGMG,Unfinished Symphony,"Wasserman, Krystyna. The Book as Art : Artists’ Books from the National Museum of Women in the Arts. New York: Princeton Architectural Press, 2007. p.168.",no,
BEGEG5AI,Artists books,S7GKU4P8,Peiload,"Wasserman, Krystyna. The Book as Art : Artists’ Books from the National Museum of Women in the Arts. New York: Princeton Architectural Press, 2007. p.180.",no,
BEGEG5AI,Artists books,SM5CHLJQ,"Woman concerned in art, having a flat, a child, had made this book of newspaper's ads","Wasserman, Krystyna. The Book as Art : Artists’ Books from the National Museum of Women in the Arts. New York: Princeton Architectural Press, 2007. pp.30-31.",no,
BEGEG5AI,Artists books,SXPXEUSZ,Kimono/kosode : a decorative study of the kimono,"Wasserman, Krystyna. The Book as Art : Artists’ Books from the National Museum of Women in the Arts. New York: Princeton Architectural Press, 2007. p.139.",no,
BEGEG5AI,Artists books,TBU8ZMQ7,On this land : poem,"Wasserman, Krystyna. The Book as Art : Artists’ Books from the National Museum of Women in the Arts. New York: Princeton Architectural Press, 2007. pp.136-137.",no,
BEGEG5AI,Artists books,TD6R6D5D,Offering time,"Wasserman, Krystyna. The Book as Art : Artists’ Books from the National Museum of Women in the Arts. New York: Princeton Architectural Press, 2007. p.172.",no,
BEGEG5AI,Artists books,TJAGDAZI,Climbing the Walls,"Wasserman, Krystyna. The Book as Art : Artists’ Books from the National Museum of Women in the Arts. New York: Princeton Architectural Press, 2007. p.120.",no,
BEGEG5AI,Artists books,TYMBL3WR,Einladung = Invitation.,"Wasserman, Krystyna. The Book as Art : Artists’ Books from the National Museum of Women in the Arts. New York: Princeton Architectural Press, 2007. pp.184-185.",no,
BEGEG5AI,Artists books,TYUX8NK4,Octopus,"Wasserman, Krystyna. The Book as Art : Artists’ Books from the National Museum of Women in the Arts. New York: Princeton Architectural Press, 2007. p.28.",no,
BEGEG5AI,Artists books,U45S2SWB,The Legacy of Scheherazade,"Wasserman, Krystyna. The Book as Art : Artists’ Books from the National Museum of Women in the Arts. New York: Princeton Architectural Press, 2007. p.27.",no,
BEGEG5AI,Artists books,U7ABJYBZ,Looking Glass,"Wasserman, Krystyna. The Book as Art : Artists’ Books from the National Museum of Women in the Arts. New York: Princeton Architectural Press, 2007. p.123.",no,
BEGEG5AI,Artists books,UA3ZG6JE,The Reptilian Brain,"Wasserman, Krystyna. The Book as Art : Artists’ Books from the National Museum of Women in the Arts. New York: Princeton Architectural Press, 2007. pp.114-115.",no,
BEGEG5AI,Artists books,UP4WSIWQ,"The World after September 11, 2001: A Reinforced Book","Wasserman, Krystyna. The Book as Art : Artists’ Books from the National Museum of Women in the Arts. New York: Princeton Architectural Press, 2007. p.112.",no,
BEGEG5AI,Artists books,UX9YRGDW,"Sanctae Hildegardis Circulus sapientiae = Hildegard von Bingen 1098-1179, Circle of wisdom","Wasserman, Krystyna. The Book as Art : Artists’ Books from the National Museum of Women in the Arts. New York: Princeton Architectural Press, 2007. p.179.",no,
BEGEG5AI,Artists books,V8FY4V3L,i,"Wasserman, Krystyna. The Book as Art : Artists’ Books from the National Museum of Women in the Arts. New York: Princeton Architectural Press, 2007. p.79",no,
BEGEG5AI,Artists books,VBBTJ22F,Song lines,"Wasserman, Krystyna. The Book as Art : Artists’ Books from the National Museum of Women in the Arts. New York: Princeton Architectural Press, 2007. pp.134-135.",no,
KK7KVWQT,Design Indaba,VD4UBR8V,Mourning/Warning: an abecedarian,"Blassingame, Tia. ""The texture of racism & slavery in the United States – a talk."" Filmed September 2015 at Design Indaba Conference, Cape Town, South Africa. Video, 8:44. https://youtu.be/4Xz9RCGtR_M",no,
BEGEG5AI,Artists books,VH5MGEBA,Twentysix gasoline stations.,"Vanderlip, Dianne Perry, John Perreault, and Lynn Lester Hershman. Artists Books. Philadelphia: [Moore College of Art?], 1973. pp.12-13.",yes,
BEGEG5AI,Artists books,VNPJWWY5,Inside chance,"Wasserman, Krystyna. The Book as Art : Artists’ Books from the National Museum of Women in the Arts. New York: Princeton Architectural Press, 2007. pp.166-167.",no,
BEGEG5AI,Artists books,VWE46VP7,1940-1945 remembered: an artist's book,"Wasserman, Krystyna. The Book as Art : Artists’ Books from the National Museum of Women in the Arts. New York: Princeton Architectural Press, 2007. pp.108-109.",no,
BEGEG5AI,Artists books,VYIXNANQ,Des vacances en Europe (European vacation),"Wasserman, Krystyna. The Book as Art : Artists’ Books from the National Museum of Women in the Arts. New York: Princeton Architectural Press, 2007. p.144.",no,
BEGEG5AI,Artists books,W29DKT6N,Swiss Army Book,"Wasserman, Krystyna. The Book as Art : Artists’ Books from the National Museum of Women in the Arts. New York: Princeton Architectural Press, 2007. p.181.",no,
BEGEG5AI,Artists books,W5UKZF63,Ovubet: 26 girls with sweet centers,"Wasserman, Krystyna. The Book as Art : Artists’ Books from the National Museum of Women in the Arts. New York: Princeton Architectural Press, 2007. pp.32-33.",no,
BEGEG5AI,Artists books,WHJR39RL,Seven Windows,"Wasserman, Krystyna. The Book as Art : Artists’ Books from the National Museum of Women in the Arts. New York: Princeton Architectural Press, 2007. pp.46-47.",no,
BEGEG5AI,Artists books,X7A9VYQC,Voyelles,"Wasserman, Krystyna. The Book as Art : Artists’ Books from the National Museum of Women in the Arts. New York: Princeton Architectural Press, 2007. pp.158-159.",no,
BEGEG5AI,Artists books,XDHS22JF,She Has Vanished from the Outside and Gone Within...,"Wasserman, Krystyna. The Book as Art : Artists’ Books from the National Museum of Women in the Arts. New York: Princeton Architectural Press, 2007. p.76-77 .",no,
BEGEG5AI,Artists books,YRNPGXQ6,Freedom: a fable : a curious interpretation of the wit of a negress in troubled times,"Wasserman, Krystyna. The Book as Art : Artists’ Books from the National Museum of Women in the Arts. New York: Princeton Architectural Press, 2007. p.44.",no,
BEGEG5AI,Artists books,ZDXJNGBW,"First Brush Stroke, Books 1, 2, and 3","Wasserman, Krystyna. The Book as Art : Artists’ Books from the National Museum of Women in the Arts. New York: Princeton Architectural Press, 2007. p.156.",no,
YT3YGXMT,"Two hundred books by Keith Smith : book number 200, an anecdotal bibliography",,,"Smith, Keith A. Two hundred books by Keith Smith: book number 200, an anecdotal bibliography. Rochester, N.Y.: Keith Smith Books, 2000. p.205.",,should also be entered as an artist book
