canonicalKey,canonicalLib,held,sourceKeys,title,date,publisher,place,ISBN,ISSN,language,numPages,edition,series,seriesNumber,callNumber,url,extra,shortTitle,creators
F8ESBPVN,3,,3:F8ESBPVN; 2:U6MMZDRW,"""Artists' bookworks"" = ""Kunstwerke in Buchform"": [a traveling exhibition ... arranged for the Fine Arts Department of the British Council, London",1975-00-00 1975,British Council,London,,,English,,,,,,,,"""Artists' bookworks"" = ""Kunstwerke in Buchform""",Martin. Attwood; British Council.; Fine Arts Department.
DN8GXMLJ,3,,3:DN8GXMLJ; 2:UG6K53ED,"1st Wexford Artists' Book Exhibition 1995: Wexford Arts Centre, 15th May-3rd June.",1995-00-00 1995,The Centre,[Ireland],,,English,,,,,,,,1st Wexford Artists' Book Exhibition 1995,Wexford Arts Centre
87GLZKQK,3,,3:87GLZKQK; 2:SVCHUDPN,"1st Wexford artists' book exhibition, 1995",1995-00-00 1995,Wexford Arts Centre,[Wexford],,,English,2,,,,,,,,Wexford Arts Centre
Z8EH9HSB,3,,3:Z8EH9HSB; 2:TCX25SR6,"2nd Wexford Artists' Book Exhibition / Collins, Denis.",1996-00-00 1996,Wexford Arts Centre,Wexford,,,English,,,,,,,,,Andi Wrexford Arts Centre McGarry
EZG8HSSR,3,,3:EZG8HSSR; 2:BBRX6D8U,3rd Wexford artists' book exhibition.,1997-00-00 1997,Wexford Arts Centre,Wexford,,,English,40,,,,,,,,"Wexford Arts Centre; Basement Gallery (London, England)"
EUF6LPNM,3,,3:EUF6LPNM; 3:JJ379BZA; 2:8DXRSZFE; 2:GC2S6AUF,"43, according to Robin Price : with annotated bibliography [deluxe edition]",2009-00-00 2009,Robin Price,"Middletown, CT",0-924433-12-4 978-0-924433-12-2,,,[32] p. : maps ; 30 cm. + legend card + annotated bibliography ([32],,,,,http://www.worldcat.org/oclc/965923726,,,Robin (Glenna Robin) Price
UFNQZW2L,3,,3:UFNQZW2L; 2:PKPHSIQR,4th Wexford artists' book exhibition.,1998-00-00 1998,Wexford Arts Centre,Wexford,,,English,,,,,,,,,Wexford Arts Centre
XWS4XW55,3,,3:XWS4XW55,500 handmade books : inspiring interpretations of a timeless form,2008-00-00 2008,"New York : Lark Books, c2008.",,978-1-57990-877-5,,,,1st ed.,,,,https://catalog.lib.unc.edu/catalog/UNCb5766594,,500 handmade books,Suzanne J. E. Tourtillott senior editor
AG8A7N6R,3,,3:AG8A7N6R; 2:47T6MP8G,5th Wexford artists' book exhibition.,1999-00-00 1999,Wexford Arts Centre,Wexford,,,English,,,,,,,,,"Wexford Arts Centre; Sun, Moon & Stars Press."
YYY7YVSS,3,,3:YYY7YVSS; 2:KFEF72S7,"<Usus>, typography, and artists' books",2010-00-00 2010,Codex Foundation,"Berkeley, CA",978-0-9817914-1-8 0-9817914-1-7,,English,16,,Codex +1 monograph,4,,,Copy consulted was obtained through Interlibrary Borrowing from Brigham Young University library.,,Ulrike Stoltz; Uta Schneider
MH2XTE94,3,,3:MH2XTE94; 2:DADRDBK7,[Bookseller catalogs of Granary Books].,1989-00-00 1989-,Granary Books.,"New York, N.Y.",,,English,,,,,,,,,Granary Books
FR6ZX92N,3,,3:FR6ZX92N; 2:AHZDA5NP,A century of artists books,1994-00-00 1994,New York : Museum of Modern Art : Distributed by Harry N. Abrams,,0-87070-151-7,,English,263,,,,,,,,Riva Castleman; N. Y. ) Museum of Modern Art (New York
GUWKWE2W,3,,3:GUWKWE2W; 2:4HRBHWZV,"A secret location on the Lower East Side: adventures in writing, 1960-1980: a sourcebook of information / Phillips, Rodney,; 1946-",1998-00-00 1998,New York : New York Public Library : Granary Books,,1-887123-19-9,,English,342,,,,,,,A secret location on the Lower East Side,Steven Clay; New York Public Library; Granary Books (Firm)
9KWSCPAU,3,,3:9KWSCPAU; 2:GJGNITC5,"A Southern California decade: an exhibition of contemporary books reflecting the diverse work of Southern California book artists, 1980-1989.",1989-00-00 1989,"Sponsored by the Alliance for Contemporary Books Arts, Castle Press)",[Los Angeles?],,,English,,,Abracadabra ;; v. 10; Variation: Colecção Abracadabra ;; v. 10.,,,,,A Southern California decade,Phillip T. Bevis; Los Angeles University of California; Library.
XUKZQZKP,3,,3:XUKZQZKP,Ajam Media Collective,,,,,,,,,,,,https://ajammc.com/,,,
DCLMEBVD,3,,3:DCLMEBVD; 2:WS3UBFQJ,Allan Kaprow : a bibliography,2011-00-00 2011,Mousse Pub.,Milano,978-88-96501-79-5,,,,,,,,,,Allan Kaprow,Allan Kaprow; Giorgio Maffei
CLS2UE9V,3,,3:CLS2UE9V; 2:HQEFSVKD,"American bookworks in print / Osborn, Kevin.",1984-00-00 1984,Writer's Center],[Bethesda? Md.,,,English,,,,,,,,,Anne-Catherine Fallen; Md ) Writer's Center (Bethesda; United States Information Agency.
RY36NF4C,3,,3:RY36NF4C; 2:G5C9RWD5,Art & métiers du livre.,1973-00-00 1973-,Editions Filigranes,Paris,,,French,,,,,,,,,
4SUK97CQ,3,,3:4SUK97CQ; 2:M6GZIM4Q,"Art Metropole: the top 100 / Scott, Kitty.",2006-00-00 2006,National Gallery of Canada,Ottawa,0-88884-821-8,,English,137,,,,,,,Art Metropole,Peggy Bronson Gale; National Gallery of Canada; National Gallery of Canada.
NS2F8TKC,3,,3:NS2F8TKC; 2:RRU7JUC5,Art of the contemporary book :,1991-00-00 1991,The University,Columbus,,,English,,,,,,,,Art of the contemporary book,John J. Taormina; Ohio State University
UPDTSD36,3,,3:UPDTSD36; 2:4GXX78UJ,Art-rite.,1976-00-00 1976-1977,Art-Rite Pub. Co.,"New York, N.Y.",,,English,,,,,,,,,
HMZW3DPC,3,,3:HMZW3DPC; 2:7IZW9I99,Artist's book yearbook.,1995-00-00 1995-,Magpie Press,Stanmore [England],,,English,,,,,,,,,
KB2E34DZ,3,,3:KB2E34DZ; 2:DA8ZSX9I,Artist/author : contemporary artists' books,1998-00-00 1998,American Federation of Arts,New York,1-881616-94-0,,,,,,,,,,Artist/author,Cornelia Lauf; Clive Phillpot; Weatherspoon Art Gallery.
MN3CW7FZ,3,,3:MN3CW7FZ,Artists and their books - books and their artists,2018-00-00 2018,Getty Research Institute,"Los Angeles, Calif.",978-1-60606-573-0,,,,,,,,,,,Marcia Reed; Glenn Phillips
BEGEG5AI,3,,3:BEGEG5AI; 2:P72UKN58,Artists books,1973-00-00 1973,[Moore College of Art?],Philadelphia,,,English,,,,,,,Copy consulted was obtained through Interlibrary Borrowing from Smith College library.,,Dianne Perry Vanderlip; John Perreault; Lynn Lester Hershman
2JYLEIVS,3,,3:2JYLEIVS; 2:H5CVAEDA,Artists books : a critical survey of the literature,1998-00-00 1998,Granary Books,New York,1-887123-18-0,,,,,,,,,,Artists books,Stefan Klima
7YGZYJ5L,3,,3:7YGZYJ5L; 2:ZSFCQN6J,"Artists of the book, 1988 :",1988-00-00 1988,Boston Athenæum,"Boston, Mass.",0-934552-53-3,,English,40,,,,,,,"Artists of the book, 1988",Peter A. Wick; Boston Athenaeum
LTE96PUD,3,,3:LTE96PUD,Artists who make books,2017-00-00 2017,"London ; New York : Phaidon, [2017]",,978-0-7148-7264-3,,,,,,,,https://catalog.lib.unc.edu/catalog/UNCb9258765,,,Philip E. Aarons Andrew Roth
94CKQLVX,3,,3:94CKQLVX; 2:9BPXXKTG,Artists' books : a critical anthology and sourcebook,1985-00-00 1985,The Visual Studies Workshop Press ;,"Rochester, N.Y.",0898220416 :,,,,,,,,,,Artists' books,Joan Lyons
A5RE4482,3,,3:A5RE4482; 2:ZMVWENP5,Artists' books : the book as a work of art 1963-2000,2015-00-00 2015,Bernard Quaritch Ltd,London,0-9563012-9-0,,,,,,,,,,Artists' books,Stephen Bury
NGYMWIFZ,3,,3:NGYMWIFZ; 2:VMJZAER4,"Artists' books fair '94: State Library of Queensland, 24 and 25 September 1994.",1994-00-00 1994,Numero Uno,"Milton, Qld.",0-646-20433-5 978-0-646-20433-8,,English,,,,,,,,Artists' books fair '94,State Library of Queensland
GDNNXY63,3,,3:GDNNXY63,Artists' Books: Visual Studies Workshop Press,2009,Visual Studies Workshop Press,"Rochester, N.Y.",9780898221268,,,176,,,,,,OCLC: 278980825,,Joan Lyons; Johanna Drucker
3956PQ4B,3,,3:3956PQ4B; 2:2A6MDVGE,Artists' magazines: an alternative space for art,2011-00-00 2011,MIT Press,"Cambridge, Mass.",978-0-262-01519-6,,English,368,,,,,,,Artists' magazines,Gwen Allen
T55MVWEY,3,,3:T55MVWEY; 2:W6NTDVZ3,"Artwords and bookworks: an international exhibition of recent artists' books and ephemera : Los Angeles Institute of Contemporary Art, 28 February-30 March 1978 ...",1978-00-00 1978,LAICA,Los Angeles,,,English,,,,,,,,Artwords and bookworks,Judith A. Hoffberg; Los Angeles Institute of Contemporary Art.
JVG2RL8W,3,,3:JVG2RL8W; 2:26CVRRID,"At the turn of the centuries : the influence of early 20th century book arts on contemporary artists' books : three essays adapted from conference presentations given at Yale University on April 13, 2007.",2010-00-00 2010,Jenny-Press,"New Haven, Conn.",,,,,,,,,,,At the turn of the centuries,Stephen Bury; Angela Lorenz; Marcia Reed
96JND7YD,3,,3:96JND7YD; 2:HJWZFNMT,Australian artists books,2008-00-00 2008,National Gallery of Australia,"[Parkes, A.C.T.]",978-0-642-54186-4,,English,121,,"The printed image. Australia, Asia, Pacific ;; 2; Variation: Printed image, Australia, Asia, Pacific.",,,,,,Alex Selenitsch; National Gallery of Australia
DMWUAK2R,3,,3:DMWUAK2R; 2:M76M595X,Avant-Garde,0000-00-00 1990s,Libreria Maresca Riccardi,Roma,,,Italian,45,,,,,,,,Roma (Author) Libreria Maresca Riccardi
IEWF6KH8,3,,3:IEWF6KH8; 2:8IIVWRB8,Azimuts: revue de design. (intentions de textes et d'images),1995-05-00 May 1995,L'Ecole des beaux-arts de Saint-Etienne,Saint-Etienne [France],,,French,,,,,,,,Azimuts,Ecole des beaux-arts de Saint-Etienne (France)
977UYDDX,3,,3:977UYDDX; 2:BQ4A5IQW,"Beyond the book: contemporary directions. Maryatt, Kitty.",1993-00-00 1993,Scripps College Press,"[Claremont, Calif.]",,,English,,,,,,,,Beyond the book,Phyllis McGibbon; Montgomery Art Gallery; Scripps College.
L3HFQ2SA,3,,3:L3HFQ2SA; 2:3UWCG52U,Beyond the text : artists' books from the collection of Robert J. Ruben,2010-00-00 2010,Grolier Club,New York,978-1-60583-026-1,,,,,,,,,,Beyond the text,Robert Ruben; Grolier Club.; Yvonne Korshak
X37HVCXS,3,,3:X37HVCXS; 2:UFEM5QKP,"Book arts 2007, Bright Hill Center",2007-00-00 2007,Bright Hill Press,"Treadwell, N.Y.",978-1-892471-47-5,,,,,,,,,,,N Bright Hill Press North American Juried Book Arts Exhibition (6th : 2007 : Treadwell; Bright Hill Press.; Karen Hanmer; Bertha Rogers
VH6DIY2I,3,,3:VH6DIY2I; 2:WMKPIK6H,"Book arts 2008, Bright Hill Literary Center",2008-00-00 2008,Bright Hill Press,"Treadwell, NY",978-1-892471-56-7,,,,,,,,,,,N Bright Hill Press North American Juried Book Arts Exhibition (7th : 2008 : Treadwell; Bright Hill Press.; Bertha Rogers; Keith A. Smith
KHX75Z8C,3,,3:KHX75Z8C,"Book as art V : September 14, 1992-February 19, 1993",1992-00-00 1992,"Washington, D.C. : National Museum of Women in the Arts, [1992]",,,,,,,,,,https://catalog.lib.unc.edu/catalog/UNCb9754754,,Book as art V,the Library and Research Center
EXVACFS7,3,,3:EXVACFS7; 2:2IKMJ9XU,"Book as art VI: December 6, 1993-May 20, 1994, the National Museum of Women in the Arts, Washington, D.C.",1993-00-00 1993,The Museum,"Washington, D.C.",,,English,,,,,,,,Book as art VI,Krystyna Wasserman; National Museum of Women in the Arts (U. S.); National Museum of Women in the Arts (U.S.).
75SCFJ8D,3,,3:75SCFJ8D,"Book as art VII : December 19, 1994-September 8, 1995, the National Museum of Women in the Arts, Washington, D.C.",1994-00-00 1994,"Washington, D.C. : National Museum of Women in the Arts, [1994]",,,,,,,,,,https://catalog.lib.unc.edu/catalog/UNCb9754758,,Book as art VII,the Library and Research Center ; [text by Krystyna Wasserman
33R938ZR,3,,3:33R938ZR,"Book as art XI : the National Museum of Women in the Arts, Library and Research Center, July 19-December 31, 1999, Washington, D.C.",1999-00-00 1999,"Washington, D.C. : The Museum, [1999]",,,,,,,,,,https://catalog.lib.unc.edu/catalog/UNCb9754760,,Book as art XI,curator Krystyna Wasserman
8TIK5VIN,3,,3:8TIK5VIN; 2:8RRT7R2V,"Book as art XIII: artists' books about artists / Schipsi, Laureen.",2001-00-00 2001,National Museum of Women in the Arts,"Washington, D.C.",,,English,20,,,,,,,Book as art XIII,Krystyna Roscio Wasserman; National Museum of Women in the Arts (U. S.); National Museum of Women in the Arts (U.S.).
T7X9H33Q,3,,3:T7X9H33Q; 2:AA3Z3II4,"Book as art: 10th anniversary exhibition ; National Museum of Women in the Arts, Library and Research Center, March 10 - October 4, 1997, Washington, D.C.",1997-00-00 1997,The Museum,"Washington, D.C.",,,English,23,,,,,,,Book as art,Krystyna Wasserman; National Museum of Women in the Arts (U. S.)
JE7GEGCC,3,,3:JE7GEGCC; 2:GU4M3S2T,Book as Art: [catalog].,1993-00-00 1993-,"National Museum of Women in the Arts, Library and Research Center","Washington, D.C.",,,English,,,,,,,,Book as Art,National Museum of Women in the Arts (U. S.); Library and Research Center.
H8Y2NJJR,3,,3:H8Y2NJJR; 2:G5FDIGPT,Book as artwork 1960/1972,2010-00-00 2010,"6 deacdes Books, ;",New York,0-9829694-0-6,,,,2nd ed.,,,,,,,Germano Celant
TU76TJTL,3,,3:TU76TJTL; 2:B6J3BQ2D,"Books as art: August 30-October 6, 1991, Boca Raton Museum of Art.",1991-00-00 1991,The Museum,"[Boca Raton, Fla.]",,,English,80,,,,,,,Books as art,Tony Zwicker; donor.; Boca Raton Museum of Art; Artists' Books Collection (Library of Congress)
VX98NX26,3,,3:VX98NX26; 2:TTQPWAEA,"Books as objects / Vogler, Donald.",1993-00-00 1993,Comus Gallery,"Portland, Or. (215 S.W. 1st Ave., Portland 97204)",,,English,,,,,,,,,Harriet Bart; Comus Gallery
7R3A9H3R,3,,3:7R3A9H3R; 2:TACT9WQQ,Books by artists,1981-00-00 1981-,Printed Matter,"New York, N.Y.",,,English,,,,,,,,,Inc Printed Matter
N5K58P6L,3,,3:N5K58P6L; 2:B7GBPT9Q,"Books by artists / Celant, Germano.",1981-00-00 1981,Art Metropole,"Toronto, Canada",0-920956-10-6,,English,,,,,,,,,Tim Guest
FAEUXXHV,3,,3:FAEUXXHV; 2:VXD3U574,Booktrek : selected essays on artists' books (1972-2010),2013-00-00 2013,JRP/Ringier ;,Zurich,2840665743 (Presses du reel : pbk.),,,,,,,,,,Booktrek,Clive Phillpot; Lionel Bovier
IMU3SDMQ,3,,3:IMU3SDMQ; 2:P563U8UC,Bookwork: medium to object to concept to art,2011-00-00 2011,University of Chicago Press,Chicago ; London,978-0-226-77391-9,,English,249,,,,,,,Bookwork,Garrett Stewart
R9TPTHIC,3,,3:R9TPTHIC; 2:M5TK4KZM,"Breaking the bindings : American book art now : an exhibition of creative bookmaking produced in the United States since 1980, Elvehjem Museum of Art, 6 May-3 July 1983.",1983-00-00 1983,Elvehjem Museum of Art?],"Madison, Wis.",,,,,,,,,,,Breaking the bindings,Walter Hamady
5GMG2248,3,,3:5GMG2248; 2:AVIIPSGG,Cartálogo bicentenario,2013-00-00 2013,Biblioteca Nacional de Chile,"Santiago, Chile",,,,,,,,,,,,Soledad Abarca; Biblioteca Nacional (Chile); Carolina Larrea
VCY83FB6,3,,3:VCY83FB6; 2:RKAGCKIC,"Contemporary fine press, illustrated & artists' books.",1989-00-00 1989,Granary Books,New York City,,,English,,,Variation: Catalog (Granary Books (Firm)) ;; 26.,,,,,,Granary Books (Firm)
5TL8QRXI,3,,3:5TL8QRXI; 2:7WN2F6EH,"Contemporary fine press, illustrated and artists' books.",1989-00-00 1989,,,,,English,,,,,,,,,New York Granary Books
P6PLUKGC,3,,3:P6PLUKGC; 2:3GPRE3PM,Conveyor.,2011-00-00 2011,,,,,English,,,,,,,,,Conveyor (Firm)
Z55EI6ES,3,,3:Z55EI6ES; 2:XSQAMIZ2,Cooking the books : Ron King and Circle Press,2002-00-00 2002,Circle Press,"New Haven, Conn.",0-930606-96-5,,,,1st ed.,,,,,,Cooking the books,Andrew Lambirth; Ronald King
N6FSDA5U,3,,3:N6FSDA5U; 2:5Q9RD3F3,"Counting on chance : 25 years of artists' books by Robin Price, publisher.",2010-00-00 2010,"Davison Art Center, Wesleyan University","Middletown, Conn.",,,,,,,,,,,Counting on chance,Robin Price; Betty Bright; Davison Art Center.; Clare I. Rogan; Suzy Taraba; Rutherford W. Witthus
UPS2XNZE,3,,3:UPS2XNZE; 2:JXK8B94V,Cover to cover : the artist's book in perspective,2002-00-00 2002,NAi Publishers,Rotterdam,905662282X (English edition : pbk.),,,,,,,,,,Cover to cover,Rob Perrée; De Beyerd (Art center)
EYAM3MR5,3,,3:EYAM3MR5; 2:HHWNSKJ8,Creating artists' books,2005-00-00 2005,Watson-Guptill Publications,New York,978-0-8230-1012-7,,,,,,,,,,,Sarah Bodman
PQWF9E7R,3,,3:PQWF9E7R; 2:HJGXIFMR,Creating with abandon : process in the artists' books of Angela Lorenz.,2006-00-00 2006,A. Lorenz,"Bologna, Italy?",978-88-85033-48-1,,,,,,,,,,Creating with abandon,Angela Lorenz; Brown University Library.; Fleet Library.
XNYHZ733,3,,3:XNYHZ733; 2:RBPAHJXP,Dafatir: [contemporary Iraqi book art] = Dafātir : fann al-kitāb al-`irāqī al-mu`āṣir,2007-00-00 2007,University of North Texas School of Visual Arts,Denton (Tex.,978-1-889886-08-4,,Csak angol nyelven,,,,,,,OCLC: 1014811414,Dafatir,Nada M Shabout; Janet Tyson; University of North Texas (Denton); School of Visual Arts
KK7KVWQT,3,,3:KK7KVWQT; 1:QTXK5GV3,Design Indaba,,,,,,en,,,,,,https://www.designindaba.com/,,,
XYQYGNN2,3,,3:XYQYGNN2; 2:RUD6UFBB,"Dia Al-Azzawi : a retrospective, from 1963 until tomorrow",2017-00-00 2017,Mathaf: Arab Museum of modern art,"Cinisello Balsamo (MI), Italy",978-88-366-3905-2,,,,First edition in Italy.,,,,,,Dia Al-Azzawi,Ḍiyāʼ ʻAzzāwī; Qatar) Arab Museum of Modern Art (Dawḥah; Catherine David; Qatar Museums Gallery Alriwaq.; Karim Traboulsi; Nariman Youssef
SUH3PR5D,3,,3:SUH3PR5D,Diamond leaves : artist books from around the world,2015-00-00 2015,"Guilin Shi : Guangxi Shi fan da xue chu ban she, 2015. 桂林市 : 广西师范大学出版社, 2015.",,978-7-5495-7208-3,,,,Di 1 ban. 第1版.,,,,https://catalog.lib.unc.edu/catalog/UNCb9729216,,Diamond leaves,Xu Bing ; editor chief editor
L9X9GLZ5,3,,3:L9X9GLZ5; 2:MU2NZSGB,Die Bücher der Künstler :,1994-00-00 1994,H. Mayer,[Stuttgart],,,German,,,,,,,,Die Bücher der Künstler,Michael Glasmeier; Institut für Auslandsbeziehungen (Stuttgart)
HD2ZXR96,3,,3:HD2ZXR96; 1:LMZASB78,"Die Geschichte(n) gefalteter Bücher: Leporellos, Livres-Accordéon und Folded Panoramas in Literatur und bildender Kunst",2019-00-00 2019,,,978-3-487-15751-1,,German,,,,,,,OCLC: 1131707112,Die Geschichte(n) gefalteter Bücher,Christoph Schulz
C9CPMGHL,3,,3:C9CPMGHL; 2:WMF37AN4,Dressing the text: the fine press artists' book,1995-00-00 1995,Printers' Chappel of Santa Cruz,"Santa Cruz, CA",,,English,54,,,,,,,Dressing the text,Ruth McGurk; Printers' Chappel of Santa Cruz; Art Museum of Santa Cruz County.
STSHFPHF,3,,3:STSHFPHF; 2:ECTRWXPT,Druckworks 1972-2012 : 40 years of books and projects,2012-00-00 2012,"Epicenter, Center for Book and Paper Arts","Chicago, Ill.",978-1-935195-42-9,,,,1st ed.,,,,,,Druckworks 1972-2012,Johanna Drucker; Susan Bee; Charles Bernstein; Steven Clay; Ill ) Center for Book & Paper Arts Columbia College (Chicago; Betsy Davids; Denison Museum.; Craig Douglas Dworkin; Brad Freeman; Pattie Belle Hastings; Matthew G. Kirschenbaum; Joan Lyons; Jerome J. McGann; Emily McVarish; Clifton Meador; Jena Osman; Margorie Perloff; San Francisco Center for the Book.; Kyle Schlesinger; Mira Schor; Tate Shaw; Steve Tomasula; Rosmarie Waldrop; Darren S. (Darren Sean) Wershler-Henry; Steve Woodall; Janet Zweig
SGBJXYRF,3,,3:SGBJXYRF; 2:Z854WZ7B,Esthétique du livre d'artiste 1960/1980 : une introduction à l'art contemporain,2012-00-00 2012,Bibliothèque nationale de France,Marseille,2-36054-013-0,,,,Nouv. éd. rev. et augm.,,,,,,Esthétique du livre d'artiste 1960/1980,Anne Moeglin-Delcroix; Bibliothèque nationale de France Département des estampes et de la photographie.
N3MCIWXL,3,,3:N3MCIWXL; 2:X5XPEQGD,"Evidence of the avant garde since 1957: selected works from the collection of Art Metropole including audio tapes, records, videotapes, film, multiples, kitsch, manuscripts, stamps, buttons, flyers, posters, correspondence, catalogues, porn, t-shirts, postcards, drawings, poems, mailers, books, photographs and ephemera.",1984-00-00 1984,Art Metropole,Toronto,0-920956-16-5,,English,,,,,,,,Evidence of the avant garde since 1957,Art Metropole
93S2WR5M,3,,3:93S2WR5M; 2:256NQFJX,Fiction? non-fiction?: catalogue raisonné des livres de = a catalogue raisonné of the books by Jean-Michel Alberola ... [et al.].,1995-00-00 1995,Florence Loewy,Paris,2-911136-00-4,,French; Text in French and English.,69,,,,,,,Fiction?,Florence Loewy; Inc Printed Matter
6YHF3EFS,3,,3:6YHF3EFS,Freedom of the presses : artists' books in the twenty-first century,2018-00-00 2018,"Brooklyn, NY : Booklyn, [2018]",,978-0-692-16678-9,,,,,,,,https://catalog.lib.unc.edu/catalog/UNCb9714060,,Freedom of the presses,edited by Marshall Weber
G7EEP5BC,3,,3:G7EEP5BC; 2:BWR9TFQS,Gerhard Richter : books,2014-00-00 2014,Gregory R. Miller & Co.,"New York, NY",978-1-941366-01-1,,,,,,,,,,Gerhard Richter,Dietmar Elger; Fiona Elliott; Hans Ulrich Obrist; Gerhard Richter; Dieter Schwarz
JQYAM7ED,3,,3:JQYAM7ED; 2:E8PTGE57,Global books: les livres d'artistes de Gervais Jassaud.,2007-00-00 2007,Ville de Reims,Reims,978-2-901816-30-0,,French,143,,,,,,,Global books,Gervais Jassaud; Ville de Reims (Reims)
3U57EW9N,3,,3:3U57EW9N; 2:2CFIWWFD,Half-life : 25 years of books by Barbara Tetenbaum & Triangular Press.,2005-00-00 2005,Triangular Press,"Portland, Ore.",978-0-9748323-8-8,,,,,,,,,,Half-life,Barbara Tetenbaum; Multnomah County Library Collins Gallery.
5ECYVY6V,3,,3:5ECYVY6V; 2:FP33BXW6,"Hand, voice & vision: artists' books from Women's Studio Workshop",2010-00-00 2010,Women's Studio Workshop,"Rosendale, N.Y.",1-893125-78-5,,,,,,,,,,"Hand, voice & vision",Kathy Walkup
26GP7DK4,3,,3:26GP7DK4; 2:CQA2Q569,Hojeando--- : cuatro décadas de libros y revistas de artistas en España = Leafing--- : four decades of artists' books and magazines in Spain,2008-00-00 2008,"Commericial distribution, ACTAR D",Madrid,84-96933-15-6,,,,,,,,,,Hojeando---,Aliksāndrīnā (Library); José Arturo Rodríguez Núñez; Sociedad Estatal para la Acción Cultural Exterior (Spain); Susana Urraca
8D897TC6,3,,3:8D897TC6; 2:G8ZZD6VF,"Illuminating words: the artist's books of Christopher Gausby / Antonetti, Martin G.",1999-00-00 1999,Smith College Museum of Art,"Northampton, Mass.",0-87391-051-6,,English,,,,,,,,Illuminating words,Véronique Plesch; Smith College; Museum of Art.; Museum of Art.
9WCCSGP6,3,,3:9WCCSGP6; 2:AIM6IJ22,"Imagining language: an anthology / McCaffery, Steve.",1998-00-00 1998,MIT Press,"Cambridge, Mass.",0-262-18186-X,,English,618,,,,,,,Imagining language,Jed Rasula
GIYZGQW3,3,,3:GIYZGQW3; 2:WRW7IZN3,In celebration of book art,1980-00-00 1980,"School of Arts, VCU",VA,,,,,,,,,,ID: VCU_ALMA21351645860001101,,the Arts Virginia Commonwealth University School of; Cabell Library James Branch; Anderson Gallery; the Arts Virginia Commission on; Franklin Furnace (Archive)
VPYVCBG9,3,,3:VPYVCBG9; 2:CPVE2HRM,"In context : contemporary artists' books and their antecedents : March 14-April 27, 1986",1986-00-00 1986,The Athenaeum,"Alexandria, VA",,,,,,,,,,Includes bibliographical references (page 16).; ID: VCU_ALMA21353361110001101,,"Anne-Catherine Fallen; Kevin Osborn; host institution, Va.) Athenaeum (Alexandria"
YXDSFKXN,3,,3:YXDSFKXN; 2:PGZ6WABM,In numbers : serial publications by artists since 1955,2009-00-00 2009,JRP/Ringier Kunstverlag,"Zurich, Switzerland",0-9715480-7-2,,,,1st ed.,,,,,,In numbers,Philip Aarons; Victor Brand; Andrew Roth
PPZMJYMZ,3,,3:PPZMJYMZ; 2:EWK3KUKB,Inventory of the Swedish Archive of artist books,1996-00-00 1996,Steven Leiber,San Francisco,,,English,,,Steven Leiber catalogues ;; 1996.; Variation: Steven Leiber catalogues ;; 1996.,,,,,,"Steven Leiber; Steven Leiber (Gallery); 20th Century Art Archives (Cambridge, England)"
UZWUFX86,3,,3:UZWUFX86; 2:AP9QVATH,Inventory of the Swedish archives of artist books and reference material,1996-00-00 1996,"Cambridge : 20th Century Art Archives ; San Francisco, Calif. : Steven Leiber",,,,English,,,,,,,,,Steven Leiber; 20th Century Art Archives (Firm)
FJG9S6MU,3,,3:FJG9S6MU; 2:DBTZIMGP,Journal - The Los Angeles Institute of Contemporary Art.,1974-00-00 1974,,,,0094-8985,English,,,,,,,,,Los Angeles Institute of Contemporary Art.
5KQXC5AT,3,,3:5KQXC5AT; 2:CRWHWX35,"La reliure originale française: bookbindings by contemporary French binders, with a selection of illustrations and examples of typography.",1964-00-00 1964,Museum of Contemporary Crafts,New York,,,English,,,,,,,,La reliure originale française,American Craftsmen's Council. Museum of Contemporary Crafts; Société de la reliure originale.
E8MAPXUI,3,,3:E8MAPXUI; 2:AMPPPQ8N,Learn to read art: artists' books,1990-00-00 1990,Art Gallery of Hamilton,"Hamilton, Ont.",0-919153-20-8 978-0-919153-20-2,,English,,,,,,,,Learn to read art,Nancy Tousley; Felipe Ehrenberg; Sally Alatalo; Art Gallery of Hamilton (Ont.)
DHC5ATH7,3,,3:DHC5ATH7; 2:7UQM5CIR,Livres d'artistes,1985-00-00 1985,"BPI, Centre Georges Pompidou :",Paris,978-2-7335-0085-9,,,,,,,,,,,Anne Moeglin-Delcroix; Centre Georges Pompidou Bibliothèque publique d'information.
874TEKG2,3,,3:874TEKG2; 2:EQD46UZB,"Livres d'artistes: l'invention d'un genre: 1960-1980 / Michelet, Jacqueline.",1997-00-00 1997,Bibliothèque nationale de France,Paris,2-7177-2025-1,,French,48,,Cahiers d'une exposition ;; 20; Variation: Cahiers d'une exposition ;; 20.,,,,,Livres d'artistes,Geneviève Capgras; Bibliothèque nationale de France
MWX5EQ95,3,,3:MWX5EQ95; 2:4MWKNTCT,Livres d'artistes: livres-objets = Artists' books : book-objects,1985-00-00 1985,CERPM,Paris,978-2-905633-00-2,,French,,,,,,,,Livres d'artistes,NRA Shakespeare international
8UFB9EAX,3,,3:8UFB9EAX; 2:4IRH6I8B,"Maurizio Nannucci, a la fin trouver le mot du commencement: Bibliothèque nationale de France/Paris editions 1966-1994: multiples, catalogues, livres d'artiste ... Galerie Colbert ... 29 juin-9 septembre 1994 / Moeglin-Delcroix, Anne.",1994-00-00 1994,Bibliothèque nationale de France,Paris,,,French,,,,,,,,"Maurizio Nannucci, a la fin trouver le mot du commencement",Maurizio Nannucci; Galerie Colbert (Bibliothèque nationale (France))
48953MRT,3,,3:48953MRT; 2:8E2T4D5Z,Michalis Pichler,2015-00-00 2015,Printed Matters ;,"New York, NY",978-3-95905-023-4,,,,First edition.,,,,,,,Annette Gilbert; Clemens Krümmell; Michalis Pichler
LGJRG4AG,3,,3:LGJRG4AG; 2:WNXFVJBV,Missing p[a]ges: Idaho & the book.,1994-00-00 1994,Idaho Center for the Book,"Boise, ID",,,English,,,,,,,,Missing p[a]ges,Idaho Center for the Book
T5WUKIXI,3,,3:T5WUKIXI; 2:PNDE5TUF,Multiples: the first decade; [catalogue],1971-00-00 1971,"Philadelphia Museum of Art; distributed by Boston Book and Art, Boston",,,,,,,,,,,,Multiples,John Tancock; Philadelphia Museum of Art.
IFPZ7AL8,3,,3:IFPZ7AL8; 2:7Z7GJZTJ,No longer innocent : book art in America : 1960-1980,2005-00-00 2005,Distributed to the trade by D.A.P./Distributed Art Publishers,New York City,1887123717 (alk. paper),,,,1st ed.,,,,,,No longer innocent,Betty Bright
TSX9BZU5,3,,3:TSX9BZU5; 2:G4EI2TFR,"NSCAD, the Nova Scotia College of Art & Design",1982-00-00 1982,The Press of the Nova Scotia College of Art & Design,"Halifax, N.S., Canada",0-919616-23-2,,,107,,,,NE2298 .N79 1982,,,,New England Foundation for the Arts
NCUIHVG6,3,,3:NCUIHVG6; 2:C2XTPXTK,Objects / encounters : bookworks at Flying Fish Press 1987-2001,2002-00-00 2002,University of Vermont Libraries,"Burlington, Vt.",,,,,,,,,,,Objects / encounters,Connell Gallagher; Cynthia Imperatore; University of Vermont Library.
5JWH4AMJ,3,,3:5JWH4AMJ; 2:TTBRMH5S,Offset : artists' books & prints.,1993-00-00 1993,Interplanetary Productions,"New York, N.Y.",,,,,,,,,,,Offset,Brad Freeman; Johanna Drucker; Granary Books (Firm); publisher Inter Planetary Productions; Joseph W. Ruther; Todd Walker
Q77Q8HL7,3,,3:Q77Q8HL7; 2:CAAACP5B,Peter Downsbrough : the book(s),2011-00-00 2011,Hatje Cantz,Germany,978-3-7757-2833-1,,,,,,,,,,Peter Downsbrough,Peter Downsbrough; Spain) Canòdrom (Barcelona; Belgium) Kunstcentrum deSingel (Antwerp; Moritz Küng; Ira G. Wool
Q4UQLA6T,3,,3:Q4UQLA6T; 2:TBFKABIJ,"Poésure et peintrie: ""d'un art, l'autre"": Centre de la Vieille Charité, 12 février 1993-23 mai 1993",1993-00-00 1993,"[Marseille] : Musées de Marseille ; [Paris] : Réunion des musées nationaux : Distribution, Seuil",,2-7118-2767-4,,French,655,,,,,,,Poésure et peintrie,Centre de la Vieille Charité; Musées de Marseille.
NN8ZFZNF,3,,3:NN8ZFZNF; 2:4U764KWD,Reading the object : three decades of books,2016-00-00 2016,Flying Fish Press,"Oakland, California",,,,,,,,,,,Reading the object,Julie Chen; Janice Braun; host institution F. W. Olin Library; publisher Flying Fish Press; Sandra Kroupa; publisher Mills College. Center for the Book; host institution University of Washington. Libraries. Special Collections Division; Kathy Walkup
CR3NFXSJ,3,,3:CR3NFXSJ; 2:EP22WKB8,"Resonance and response : artists' books from Special Collections, Wellesley College Library, June 15-18, 2005",2005-00-00 2005,Wellesley College Library,"Wellesley, Mass.",,,,,,,,,,,Resonance and response,Marilyn Hatch; Mariana Oller; R. Reinstein (Ruth Reinstein) Rogers; Wellesley College Library Special Collections.
IRT3TNET,3,,3:IRT3TNET; 2:99DXMVCW,"Sand in der Vaseline : Künstlerbücher II, 1980-2002",2002-00-00 2002,Verlag der Buchhandlung Walther König,Köln,3-88375-641-5,,,,,,,,,,Sand in der Vaseline,Ida Applebroog; Germany) Hessisches Landesmuseum (Darmstadt; Krefelder Kunstmuseen (Germany); Germany) Neues Museum (Nuremberg; Sabine Röder
CSFGXUQV,3,,3:CSFGXUQV; 2:FP2M954A,Shape-shifting : transformations in the art of the book.,1996-00-00 1996,"Book Arts Slides Project, Dept. of Visual Arts, University of Northern Colorado","Greeley, Colo.",,,,,,,,,,,Shape-shifting,Margaret Sunday; University of Northern Colorado Mari Michener Gallery.; University of Northern Colorado Mariani Gallery.
TZU6D5RQ,3,,3:TZU6D5RQ; 2:2TW5WI29,Shu : reinventing books in contemporary Chinese Art,2006-00-00 2006,"China Insitute Gallery, China Institute",New York,978-0-9774054-0-4,,,,,,,,,,Shu,1945- Wu Hung; J. May Lee (Jung May Lee) Barrett; China Institute Gallery.; Peggy Wang
JHBWPGKS,3,,3:JHBWPGKS; 2:X47JHT5P,Sol LeWitt : artist's books,2009-00-00 2009,Viaindustriae,Sant'Eraclio di Foligno (Foligno),978-88-903459-2-0,,,,,,,,,,Sol LeWitt,Sol LeWitt; Emanuele De Donno; Giorgio Maffei; Museo internazionale e biblioteca della musica.; Spoleto (Italy) Galleria civica d'arte moderna.
UUKFCNG2,3,,3:UUKFCNG2; 2:JZJ5K29F,"Some zines: American alternative & underground magazines, newsletters & APAs",1992-00-00 1992,"Dept. of English, Boise State University","Boise, Id.",0-916272-56-7,,English,53,,,,,,,Some zines,Tom Trusky; Boise State University; Department of English.
D9V4PP5M,3,,3:D9V4PP5M; 2:ZM4QEZSH,Something Else Press: an annotated bibliography,1983-00-00 1983,McPherson,"[New Paltz, NY]",0-914232-40-1,,English,89,,,,,,,Something Else Press,Peter Frank
D2HD5CJR,3,,3:D2HD5CJR; 2:9B6M96IT,Speaking of book art : interviews with British and American book artists,1999-00-00 1999,Anderson-Lovelace,"Los Altos Hills, Calif.",978-0-9626372-5-4,,,,,,,,,,Speaking of book art,Cathy Courtney
FQZJCLQ9,3,,3:FQZJCLQ9; 2:MZ89DRM5,Structure of the visual book,2003-00-00 2003,K. Smith Books,"Rochester, NY",,,,,Expanded 4th ed.,,,,,Includes bibliographical references (pages 407-410) and indexes.; ID: VCU_ALMA21381169640001101,,Keith A. Smith
SLL2JDFL,3,,3:SLL2JDFL; 2:J6MD9B66,Structure of the visual book,1984-00-00 1984,Visual Studies Workshop Press,"Rochester, NY",089822036X (pbk.) :,,,,1st ed.,,,,,,,Keith Smith
JM2TDIEC,3,,3:JM2TDIEC,Summer reading,2021-00-00 2021,"New York, New York : Center for Book Arts, 2021",,978-1-951163-07-5,,,,First edition,,,,https://catalog.lib.unc.edu/catalog/UNCb10786805,,,curated by Ann Tarantino & Lindsey Landfried
YRZKT687,3,,3:YRZKT687; 2:HG39MU5Q,"Talking the boundless book: art, language, and the book arts: essays from Art & language, re-reading the boundless book / Alexander, Charles.",1995-00-00 1995,Minnesota Center for Book Arts,"Minneapolis, Minn.",1-879832-09-7,,English,144,,,,,,,Talking the boundless book,Dick Higgins; Minnesota Center for Book Arts
MJWXHUAG,3,,3:MJWXHUAG; 2:5D2R6NZM,Temptations :,2002-00-00 2002,National Museum of Women in the Arts,"Washington, D.C.",,,English,26,,,,,,,Temptations,Krystyna Roscio Wasserman; National Museum of Women in the Arts (U. S.); National Museum of Women in the Arts (U.S.).
NL5FPSSU,3,,3:NL5FPSSU; 2:TCZTUSB6,Text in the book format : book number 120,1995-00-00 1995,Keith A. Smith Books,"Rochester, NY",0-9637682-3-9,,,,2nd ed.,,,,,,Text in the book format,Keith Smith; Dale Davis
2PCL8KS8,3,,3:2PCL8KS8; 2:I5P4N8WC,The Altered page :,1988-00-00 1988,Center for Book Arts,"New York, NY (626 Broadway, New York, NY, 10012)",,,English,,,,,,,,The Altered page,Book Arts Gallery
K86NASGW,3,,3:K86NASGW; 2:V84WW57F,The Ampersand,1980-00-00 1980,,,,0740-5804,English,,,,,,,,,Pacific Center for the Book Arts.
Z9II7D3M,3,,3:Z9II7D3M; 2:JTMCFS97,"The art of the book and the book arts press: May 15 through July 15, 1994, Upper Arlington Municipal Center, Concourse Gallery.",1994-00-00 1994,Upper Arlington Cultural Arts Commission,"Upper Arlington, Ohio",,,English,,,,,,,,The art of the book and the book arts press,Russell McKnight; Upper Arlington Cultural Arts Commission
SCC9PBT4,3,,3:SCC9PBT4; 2:QN4I56TE,"The Artist & the book, 1860-1960, in western Europe and the United States.",1982-00-00 1982,Hacker Art Books,New York,0-87817-277-7,,,,,,,,,,,Harvard College Library. Department of Printing and Graphic Arts.; Boston Museum of Fine Arts
TA7Z89TE,3,,3:TA7Z89TE; 2:2VVMMG4P,The artist publisher: a survey,1986-00-00 1986,Crafts Council Gallery,[London,,,English,64,,,,,,,The artist publisher,"Coracle Press; Crafts Council Gallery (London, England)"
KF8JT4M9,3,,3:KF8JT4M9; 2:K4CTGGV2,"The avant-garde book, 1900-1945",1989-00-00 1989,Franklin Furnace,New York,,,English,68,,,,,,,,Jaroslav Andel; Franklin Furnace (Archive)
43RAPI3N,3,,3:43RAPI3N; 2:6BU9JQTN,The big book,2013-00-00 2013,Passenger Books,Berlin,3-940215-13-9,,,,,,,,,,,Alison Knowles; Franklin Furnace (Archive); Dick Higgins; Something Else Press.
2GKQLXU9,3,,3:2GKQLXU9; 2:VU4B87ZD,"The book as art: artists' books from the National Museum of Women in the Arts / Drucker, Johanna,; 1952-",2011-00-00 2011,Princeton Architectural Press,New York,978-1-56898-992-1,,English,208,,,,,,,The book as art,Krystyna Niffenegger Wasserman
M3JPD2MQ,3,,3:M3JPD2MQ; 3:S8RLZLKM; 2:JKCPU69J; 2:TR24SIQX,"The book as art: artists' books from the National Museum of Women in the arts / Niffenegger, Audrey.",2006-00-00 2006,Princeton Architectural Press,New York,978-1-56898-609-8,,English,192,,,,,,,The book as art,Krystyna Drucker Wasserman; National Museum of Women in the Arts (U. S.)
7SFXCRS9,3,,3:7SFXCRS9; 2:BGC36NVW,"The book made art : a selection of contemporary artists' books, exhibited in the Joseph Regenstein Library, the University of Chicago, February through April 1986",1986-00-00 1986,University of Chicago Library,Chicago,094305608X (pbk.),,,,,,,,,,The book made art,Jeffrey Abt; University of Chicago Library
KRVDR3PV,3,,3:KRVDR3PV; 2:2AFWP52S,The book on books on artists books,2013-00-00 2013,Everyday Press,London,0-9561738-8-8,,,,Second expanded edition.,,,,,,,Arnaud Desjardin
STDFU267,3,,3:STDFU267; 2:PCI6S67D,The book on books on artists books,2011-00-00 2011,Everyday Press,S.l.,978-0-9561738-4-3 0-9561738-4-5,,English,,,,,,,,,Arnaud Desjardin
BQ99H8TS,3,,3:BQ99H8TS; 2:93385S7A,"The Book stripped bare the book stripped bare : a survey of books by 20th century artists and writers, September 17-October 21, 1973 : an exhibition of books from the Arthur Cohen and Elaine Lustig Cohen Collection, supplemented by the Howard L. and Muriel Weingrow Fine Arts Library of Hofstra University, the Emily Lowe Gallery and the Hofstra University Library, Hofstra University, Hempstead, Long Island, N.Y.",1973-00-00 1973,Emily Lowe Gallery?,"Hempstead, N.Y.",,,,,,,,,,,The Book stripped bare the book stripped bare,Susi Bloch; Arthur A. (Arthur Allen) Cohen; Elaine Lustig Cohen; Emily Lowe Gallery
BCG5FURQ,3,,3:BCG5FURQ; 2:T3X5F2Q6,The century of artists' books,2004-00-00 2004,Granary Books,New York City,1887123695 (pbk.),,,,2nd ed.,,,,,,Drucker (2004),Johanna Drucker; publisher Granary Books (Firm)
67Y3RHK2,3,,3:67Y3RHK2; 2:AVF8HMNE,"The future of the book of the future: thoughts, images and artwork on the form of the book of the future presented in a s eries of ""work in progress"" exhibitions and publications until the 2000 / Gleber, Conrad.",1994-00-00 1994,"University of Alaska Anchorage, University Gallery, Department of Art","Anchorage, Alaska",,,English,,,,,,,,The future of the book of the future,Gail Licke Rubini; University of ALaska Anchorage; Kimura Gallery.
278G84HQ,3,,3:278G84HQ; 2:2QB36W7G,The journal of artists' books JAB.,1994-00-00 1994,Interplanetary Productions,"New York, NY",2163-3789,,English,,,,,,http://newfirstsearch.oclc.org/dbname=WilsonSelectPlus;journal=1085-1461;screen=available;done=referer;FSIP,,,
UNQAC429,3,,3:UNQAC429; 1:TLIUQ2WM,"The looking book : a pocket history of Circle Press, 1967-96",1996-00-00 1996,"London : Circle Press, [1996]",,978-0-901380-71-5,,,,,,,,https://catalog.lib.unc.edu/trln/NCSU991001,,The looking book,Cathy Courtney
2GCRDTSJ,3,,3:2GCRDTSJ; 2:UGJVUTST,The maker's hand : twenty books,2001-00-00 2001,Ken Campbell,London,978-0-9540102-0-1,,,,,,,,,,The maker's hand,Ken Campbell; Artists' Books Collection (Library of Congress); Marcia Reed
WC9LK5NC,3,,3:WC9LK5NC; 2:ZUSKJJG9,"The Malik-Verlag, 1916-1947: Berlin, Prague, New York: an exhibition / Heller, Steven.",1984-00-00 1984,"New York : Goethe House New York ; Madison, N.J. : Madison Campus Library, Fairleigh Dickinson University",,,,English,85,,,,,,,"The Malik-Verlag, 1916-1947",James Howard Fraser; Goethe House New York
8P5Z9WBB,3,,3:8P5Z9WBB; 2:PIWV7Q6J,"The mindful page / Pace, Richard.",1987-00-00 1987,New England Foundation for the Arts,"[Cambridge, Mass.]",,,English,,,,,,,,,Gary Richman; Hera Educational Foundation
RNEBW4BM,3,,3:RNEBW4BM; 2:96MT6MN7,"The New storytellers: one of a kind artists' books in Boston libraries and museums: [exhibition] September 16-October 31, 1996, Widener Memorial Rotunda, Widener Library, Harvard University",1996-00-00 1996,Houghton Library,"Cambridge, Mass.",,,English,8,,,,,,,The New storytellers,Joan Nordell; Harvard College Library; Department of Printing and Graphic Arts.
AAZM5Y3X,3,,3:AAZM5Y3X; 2:MSUXR5BU,The photobook : a history,2004-00-00 2004,Phaidon,London ;New York,0714842850 (v. 1),,,,,,,,,,The photobook,Martin Parr; Gerry Badger
C6EUQXSW,3,,3:C6EUQXSW; 2:UFPVB69B,"The Themersons and the Gaberbocchus Press: an experiment in publishing, 1948-1979: [exhibition] / Strauss, Monica J.",1993-00-00 1993,MJS Books & Graphics,New York,0-9639239-0-0,,English,96,,,,,,,The Themersons and the Gaberbocchus Press,Jan Gizycki Kubasiewicz
QEFHBIF4,3,,3:QEFHBIF4,Thread loves paper,2012-00-00 2012,"[Sonoma, Calif. ] : Emily Marks, c2012.",,978-0-615-65988-6,,,,,,,,https://catalog.lib.unc.edu/catalog/UNCb7593119,,,Emily Marks
GJCBWZTJ,3,,3:GJCBWZTJ; 2:MQSIMERD,"Tom Phillips, works and texts",1992-00-00 1992,Thames and Hudson,"London ; New York, N.Y.",0-500-97402-0,,English,296,,,,,,,,Tom Phillips
G96LTDG9,3,,3:G96LTDG9; 2:NSUM2D2G,"Tom Phillips: works, texts to 1974.",1975-00-00 1975,H. Mayer,Stuttgart ; London ; Reykjavik,,,English,284,,,,,,,Tom Phillips,Tom Phillips
23XXDBF4,3,,3:23XXDBF4; 2:2NSSKJMR,"Two decades of Hamady and the Perishable Press Limited: an anecdotally annotated check list for an exhibition at Gallery 210, University of Missouri/St. Louis, 3 October 1984 to 4 November 1984 entitled: Hamady's Perishable Press, a 20th anniversary sampling of handcrafted books.",1984-00-00 1984,Perishable Press,"Mt. Horeb, WI",,,English,,,,,,,,Two decades of Hamady and the Perishable Press Limited,Walter Hamady; University of Missouri--St. Louis; Gallery 210.
YT3YGXMT,3,,3:YT3YGXMT; 2:MW2FRJMM,"Two hundred books by Keith Smith : book number 200, an anecdotal bibliography",2000-00-00 2000,Keith Smith Books,"Rochester, N.Y.",0-9637682-7-1,,,,1st ed.,,,,,,Two hundred books by Keith Smith,Keith Smith
UI2S6CP9,3,,3:UI2S6CP9; 2:QMN4YMN5,Unshelfmarked : reconceiving the artists' book,2015-00-00 2015,Uniform Books,Devon,978-1-910010-06-8,,,,,,,,,,Unshelfmarked,Michael Hampton
JV2JKULL,3,,3:JV2JKULL; 2:Q4AQ22FN,Various small books : referencing various small books by Ed Ruscha,2013-00-00 2013,MIT Press,"Cambridge, Massachusetts",978-0-262-01877-7,,,,,,,,,,Various small books,Phil Taylor; Mark (Mark S. ) Rawlinson; Edward Ruscha
ZI7K5Z2M,3,,3:ZI7K5Z2M; 2:GRTJW8U9,"Werner Pfeiffer (censor, villain, provocateur, experimenter) : book-objects & artist books",0000-00-00 c2008,Nielson Library Smith College ; Quality Printing,"Northhampton, MA ; Pittsfield, MA",,,,68,,,,,,,,Werner Pfeiffer
6QJ3APUK,3,,3:6QJ3APUK; 2:JUVVSKT4,What is?: nine epistemological essays,2013-00-00 2013,Cuneiform Press,"[Victoria, Texas]",978-0-9860040-2-5 0-9860040-2-2,,English,,,,,,,,What is?,Johanna Drucker
TWI7C9MN,3,,3:TWI7C9MN; 2:8DDSHJTH,When will the book be done? : Granary's books,2001-00-00 2001,Granary Books,New York,1887123431 (pbk. : alk. paper),,,,,,,,,,When will the book be done?,Steven Clay; Granary Books (Firm)
2TL82ZH6,3,,3:2TL82ZH6; 2:NE6BK82U,"Women of the book : Jewish artists, Jewish themes",2001-00-00 2001,"Friends of the Libraries, FAU Library","Boca Raton, Fla.",978-0-9706189-0-0,,,,,,,,,,Women of the book,Judith Hoffberg; Florida Atlantic University Libraries.
