abcItemKey,citedItemKey,method,confidence,review,abcTitle,citedTitle
SY5RIFMP,,none,0.000,,"Your leader could be a tyrant, how to tell",
F23C6QZJ,,none,0.000,,Ul'nigid',
4R2N4PWW,,none,0.000,,Toxic campus map,
3RZ2C63A,,none,0.000,,The tapestry of dreamweaver,
43CVMICH,,none,0.000,,Tentativa de la razón,
ZI9DL79A,,none,0.000,,Spectacles for the short sighted. 1. Masks as agents of social control,
RRAI2QGW,,none,0.000,,Soñé que el paisaje me miraba = : I dreamt that the landscape was looking at me,
2NYJAKLA,,none,0.000,,Self,
2YN8QKAX,,none,0.000,,Rain day,
48AHMBTH,,none,0.000,,Púlsares : ensayo para un bosque,
52GSDNZF,,none,0.000,,Prawie każda róża na barierkach przy Sejmie,
PSPHWMIM,,none,0.000,,Pequeña voz,
EQ5SUU2I,,none,0.000,,Other ways of knowing,
HF8DCWSM,,none,0.000,,NERTM (New earth resiliency training module).,
25B2EUK7,YV3XHZFQ,fuzzy,0.780,yes,Metamorfosis,Metamorphosis
QYRC42SU,,none,0.000,,Memories that smell like gasoline,
YHE9JZF7,,none,0.000,,Las urracas,
2NGLAAYW,,none,0.000,,LandEscape.,
LKGIJNJ7,,none,0.000,,Korean traditional door patterns.,
LRD6FCIV,,none,0.000,,I love you : an artbook,
99EMTLY4,,none,0.000,,Gráfica y palabra zapatista.,
QTA2F867,,none,0.000,,Golden Lotus,
KM8AVRRW,,none,0.000,,From her(e) to now(here),
9CEDU8RT,,none,0.000,,For the transgression of ignoring the golden rules of intimate relations,
EAQWQBAP,,none,0.000,,Flop : art and arguments,
YFL65QCK,,none,0.000,,Extremely visible : art and artifacts of the Helms era,
HQ822BU9,,none,0.000,,El nahual,
KJS25GIV,,none,0.000,,El mundo,
ITG942QS,,none,0.000,,El fabricante de arco iris,
ILIBVN2K,,none,0.000,,El comienzo del final.,
6L3JZ96S,,none,0.000,,El cerebro,
5J3V6NGK,,none,0.000,,Codex mundi : escritura fractal II (con cuadratura numérica del hexagrama),
L52JULIS,,none,0.000,,Chile project : re-classified,
599Q83FU,,none,0.000,,Buildup,
22TSL3K2,,none,0.000,,"Bagno book, or, All for alum, or, Artifacts that tell the story of religious tolerance and enslavement to fuel Medici trade aspirations in the Mediterranean Basin, with ghosting",
UNHRR465,ZF3UJ73X,isbn,1.000,,Arguments,Arguments
KAENUH8A,,none,0.000,,An alphabetical accumulation of approximate observations,
XTJAJ37U,,none,0.000,,After,
9N4B4C7A,,none,0.000,,Ácratas,
X9FJLQ27,,none,0.000,,A walled garden : a history of the Spandau garden in the time of the architect Albert Speer,
Q5WDSUDE,,none,0.000,,A la sombra de un naranjo,
BINBCVI8,,none,0.000,,5 sur : recuerdos en la frontera,
CFNXQV37,,none,0.000,,23 proofs for existence of the past : book 54m,
N94HZX47,,none,0.000,,El 7 plagas,
Y2MQKHFR,,none,0.000,,,
B2KZWKED,,none,0.000,,Egregor,
U6VVGN47,,none,0.000,,Dis-Cover,
VVJYRH58,,none,0.000,,Diario de las islas,
7UHC8UPQ,,none,0.000,,Deep time,
9MQS4NXM,,none,0.000,,,
BJ76PM5H,,none,0.000,,Conjurar el fósil,
IFM99WUS,,none,0.000,,Conjugacion de apocalipsir,
S2S73BHB,,none,0.000,,Cirkut,
7DU84Q8C,,none,0.000,,"(El cielo está, por encima del techo, / tal azul, tan calmo)",
VDA82B6V,,none,0.000,,And so forth / Richard Kostelanetz.,
GT82LS4U,,none,0.000,,Ron's world,
GUBA5JU7,,none,0.000,,Mi ojo,
KYI6P6LX,,none,0.000,,Matthew Monahan : square garden = 马修。莫纳汉 : 广场花园 / Matthew Monahan : square garden = Maxiu Monahan : guang chang hua yuan,
3Y8U8ZF9,,none,0.000,,Mali photo,
ZF9J7VYT,,none,0.000,,"Libertad sin abolición : la dimensión política de los conflictos entre africanos y traficantes en los tribunales cubanos, La Habana 1795-1844 = Libertade sem aboliçăo :  la dimensăo política dos conflitos entre africanos e traficantes de escravos nos tribunais cubanos, Havana, 1795-1844",
3P75FBKY,,none,0.000,,Kathryn Andrews : strip = 凯瑟琳。安德鲁斯 : 条带 / Kathryn Andrews : strip = Kaiselin Andelusi : tiao dai,
B9X5MTPV,,none,0.000,,Hover,
UZUM98R2,,none,0.000,,Gutter words,
VGY3674K,,none,0.000,,Grime on the stove top,
X3KX92BL,,none,0.000,,Fragments of the peculiar institution,
5MYX92DW,,none,0.000,,"Ben Patterson : ""the black &  white file"" : a primary collection of scores and instructions for his music, events, operas, performances and other projects, 1958-1998.",
SEHLKI4V,,none,0.000,,Avalanche.,
LMQQPHN9,,none,0.000,,As heavy as sculpture,
XZ5DZZSZ,,none,0.000,,"X : ""concurrent events""",
5SAMJ3D8,,none,0.000,,Heart sutra remix,
VZC5BRP9,,none,0.000,,Printed web.,
ZICHM787,,none,0.000,,Printed web.,
VVBDLJUH,,none,0.000,,Sanctus sonorensis,
6XUUG9TX,,none,0.000,,Holy holy art cards : fancy assorted Christmas selection,
VY22TT3H,,none,0.000,,La felicidad : America Latina,
RYZJVH45,,none,0.000,,Ohio,
57SFZM92,,none,0.000,,Room : O-MI Motel,
WA4E2BQF,,none,0.000,,"Three valleys : the valleys of Silicon, San Joaquin, and Death, February 12-26",
VFM823G8,,none,0.000,,Upstate,
EB82UPEB,,none,0.000,,Michigan,
BHKESI49,,none,0.000,,The anatomy of business,
W6ZKNF2N,,none,0.000,,"III, Self publish, be happy book club",
HXFHXXFJ,,none,0.000,,"I : Self publish, be happy book club",
TBSWMXFY,MZST6UEM,title,0.950,,War cut,War cut
XIVAMUV4,,none,0.000,,The tonalities of grief : Kirov's notes for his fall 2008 lectures on stoicism,
BG4QPW2F,,none,0.000,,Deformer : the shaping and mishaping effects of growing up a specimen in the suburban domestic incubator (and the subsequent paradigm shift upon exit),
WNQK9YL9,,none,0.000,,Shared eye : Sadie Benning,
FDB6Y7NZ,,none,0.000,,Ross Bleckner : [page three].,
IFWX4HPE,,none,0.000,,Prayers for Lillian,
VRWQGMJC,,none,0.000,,The address book,
CFMRJ8E5,RDPQWSUU,title,0.950,,"Patterns : divided, mirrored, repeated","Patterns : divided, mirrored, repeated"
WKMWCMDT,,none,0.000,,Dive dark dream slow,
DIJW9DJP,,none,0.000,,Elvis Road,
BJ3JHZL4,,none,0.000,,María ríe por dentro : un relato,
X3YPGDHF,,none,0.000,,Descendant,
U89L94EY,,none,0.000,,Collective memory,
54RPSECT,,none,0.000,,Age-specific.,
KHX8WB4P,,none,0.000,,Vida é um souvenir made in Hong Kong : livro de canções,
I6MG6652,,none,0.000,,Odios falsos,
S2J565HG,,none,0.000,,"El Tambor de Ayapá ; y, Nokán y el Maíz",
Z72XVV7K,,none,0.000,,"Bicentenaire, Trouillot",
WNP5J3KM,,none,0.000,,Glorieta sin agua,
KDRDUZLM,FVJIGVVJ,title,0.950,,The complex of all of these,The complex of all of these
K8SKQDCS,,none,0.000,,Random passions.,
88A8V9DI,,none,0.000,,Time i$,
DIHFMQ39,,none,0.000,,"Walden marginalia, or, The contents of a dozen shanties",
6WRYPXPN,A9A6SCSQ,title,0.950,,Relation,Relation
2B5VWXMR,,none,0.000,,The prairies.,
XQERHAH7,,none,0.000,,Heath course pak rfc,
2MLDFPHI,,none,0.000,,The blazing fireplace of guardianship,
XZ5UCB67,,none,0.000,,Bibliothèques universelles des livres d'artistes = World libraries of artist'books : 1 april 2007-2017,
LA4CM5EB,,none,0.000,,Future of Al-Mutanabbi Street,
LEXZ7EP2,,none,0.000,,The bowl and the book,
TKQN452S,,none,0.000,,House of Coates,
PX2H4BDY,,none,0.000,,James Franco : the dangerous book four boys,
AYSA8R9B,,none,0.000,,To place. Haraldsdóttir. Part two,
GGZNZJ8A,,none,0.000,,Color codes,
ESWIXCA6,,none,0.000,,Etceteras,
S44L2ZCK,,none,0.000,,"Query, quest, & quasi",
8YCFRFW8,,none,0.000,,Addresses,
P95PLJW5,,none,0.000,,Gone fishing.,
V8KPNIKP,,none,0.000,,Redheaded Peckerwood,
HUYC2TBK,,none,0.000,,Everything I kept = Todo lo que guarde,
P759PYCC,,none,0.000,,My life in the New York Times,
33JWVV7Q,,none,0.000,,The myth of the airborne warrior,
75ID8547,,none,0.000,,"Fatima, o, el Parque de la Fraternidad = Fatima of Fraternity Park",
ZEDDHZYX,,none,0.000,,Amoxohtli : oquihcuilo Jimmie Durham = Libro de carretera : por Jimmie Durham,
385EZZS9,BA5CVSPD,title,0.950,,Lexicon,Lexicon
7SKP9Q7Y,,none,0.000,,Resilience of al-Mutanabbi Street,
F3GWMWBB,,none,0.000,,Tulips,
KW8IIK8K,,none,0.000,,One family of objects = Jedna skupina předmětů,
TE94VBFG,,none,0.000,,"El Paso, a hoverview : 59 works",
UWECJBE9,,none,0.000,,Feria congelada,
PJNQPYA5,,none,0.000,,Alicia en el país de la danza,
XDIXMVAY,,none,0.000,,"Haiti, fuego sagrado",
XXAAB5RL,,none,0.000,,Motivos persas,
I756SKSM,,none,0.000,,Reacciones adversas,
AZLNYTA7,,none,0.000,,Jet master : a visual strategy,
DWV564JB,,none,0.000,,The silver lining.,
UC2SA26H,,none,0.000,,Euthanasia in kit form,
HSPHNPJG,,none,0.000,,Nox,
8RRG74G4,,none,0.000,,Walking through : meditations on the ordinary,
AJF59VWN,,none,0.000,,Portable document format,
ABSVKV2A,,none,0.000,,Postcards,
SEG3BXNC,,none,0.000,,Wrong size fits all : miracles and mishaps,
I7HVCUZ3,,none,0.000,,A wolf in sheep's clothing : three allegories,
I4GL7KY8,,none,0.000,,Fourth of July,
6J8FLDSD,,none,0.000,,Gravity,
QESCW3LI,,none,0.000,,"The uncarved block : ten short walks in the Himalayas, 1975-2009",
KBUWADMC,,none,0.000,,100 things with handles,
VE243JVL,,none,0.000,,Inside the white cube : overprinted edition,
KXRYD7TN,,none,0.000,,"I listen to the snow shrouding me forever = Ik luister naar de sneeuw die me eeuwig begraaft = J'écoute la neige m'ensevelir, infiniment",
3XMSAG9I,,none,0.000,,Vaivén,
EMJF7HID,,none,0.000,,The other rooms,
FGIBFTSV,,none,0.000,,Haiku book I,
Z7GYGWFP,,none,0.000,,Visual poems,
LUKVYP4Q,,none,0.000,,Museums,
FIRZHXH6,,none,0.000,,Mood : potential.,
L7IVZW42,SS7XET8D,title,0.950,,Sweethearts,Sweethearts.
LQF4G7KG,,none,0.000,,Es una historia negra,
F329C33W,,none,0.000,,Manual de supervivencia para los días del gran desastre : un libro de autoayuda para los sobreviventes de la especie humana,
5A82AT76,,none,0.000,,The Sundown Salon unfolding archive : a project,
6MI4RWSR,,none,0.000,,[The Green of this notebook,
YJ5PDK2I,,none,0.000,,The book of stamps,
39I6WP85,,none,0.000,,Kidnapping mountains,
DAJ63WE5,,none,0.000,,"Wiederholung ist was ich liebe, nun also = Repeating is what I am loving, so then",
FLAQRTL9,,none,0.000,,El pez globo.,
YJ9V49Y6,,none,0.000,,El muro = The wall,
JGQSQF5Q,63PL2Y3P,title,0.950,,Skyline Ridge,Skyline Ridge
9DKLBA8M,V5XVCRM6,isbn,1.000,,The fall,The fall
8TU9I4CW,VDUDK9C2,title,0.950,,Rape is,Rape is
RZTJE3CI,,none,0.000,,Depero futurista : edizione italiana Dinamo Azari ....,
WV97865Y,XP9M2U3Q,title,0.950,,Rates of exchange.,Rates of exchange
S39Q38HB,9SMP5TFE,isbn,1.000,,Secrets : variable piece 4,Secrets : variable piece 4
EXBTILM5,,none,0.000,,"Project entitled ""The beginnings of a complex ..."" (1976-77) : notes, drawings, photographs",
ESLM6N9D,,none,0.000,,"Cezanne she was a great painter : the second book January 1975, unbroken words to women, sexuality creativity language art istory",
46TKFZLG,,none,0.000,,Ziggurats,
9EGXG9CW,,none,0.000,,Detective,
P6ERYSY5,,none,0.000,,Tahitian Eve,
2IIY49CS,UAF28AG5,title,0.950,,Talking to myself : the ongoing autobiography of an art object = Entretien avec moi-meme : l'autobiographie évolutive d'un objet d'art,Talking to myself : the ongoing autobiography of an art object = Entretien avec moi-meme : l'autobiographie évolutive d'un objet d'art
NCSI3PB2,K63M3S3M,title,0.950,,After art : Museum of Mott Art inc. : catalogue of After Art services 1974,After art : Museum of Mott Art inc. : catalogue of After Art services 1974
577Q437G,NQGTZDTA,isbn,1.000,,Photogrids,Photogrids
8SZQBGZ5,S6JDHBSV,title,0.950,,Passport,Passport
XU5YIHTS,ZUBAKSXP,isbn,1.000,,Lines and non-lines,Lines and non-lines
XGUI724H,,none,0.000,,Modern love,
5TLFIS8A,VWUVP8J2,title,0.950,,"Arcs and lines : all combinations of arcs from four corners, arcs from four sides, straight lines, not-straight lines, and broken lines : Sol LeWitt, 1974.","Arcs and lines : all combinations of arcs from four corners, arcs from four sides, straight lines, not-straight lines, and broken lines : Sol LeWitt, 1974."
2YNA3I47,,none,0.000,,"Real time, 1968-1974",
4I6Y9BIG,RZJCU349,title,0.950,,"Continuous project altered daily : earth, water, grease, plastic, felt, wood, thread, light, photographs, sound","Continuous project altered daily : earth, water, grease, plastic, felt, wood, thread, light, photographs, sound"
7FSNPYQ8,,none,0.000,,--It's still privileged art,
LHZB44WA,BYV9IJBH,isbn,1.000,,Constructs : stories,Constructs : stories
TP93XNGK,ZBY9BGV2,title,0.950,,Dutch details,Dutch details
ZVIV3L88,,none,0.000,,Halifax : 7 days-6 placements-7 colors = 7 jours-6 emplacements-7 couleurs,
EUP3CJJ4,DDNJVGUE,title,0.950,,Lines & color,Lines & color
7H5ZZ95K,UZ8WXUCG,title,0.950,,Misunderstandings : a theory of photography,Misunderstandings : a theory of photography
3ECIVRE9,MK94HI98,title,0.950,,Torn photograph from the second stop (rubble) : second mountain of 6 stops on a section,Torn photograph from the second stop (rubble) : second mountain of 6 stops on a section
PU5ERMM9,IVEFE799,title,0.950,,From around a lake,From around a lake
ZLE5VFSE,THA5852Y,title,0.950,,L A air.,L A air.
WDXCLLBJ,Q677HNGB,title,0.950,,Ingres and other parables.,Ingres and other parables.
XD53YY85,,none,0.000,,See,
LK8VC8LN,,none,0.000,,Opinions of working people concerning the arts,
YN2WJ76B,939UBEML,title,0.950,,Self hipnosis,Self hipnosis
WW3PIRNN,NM8P6AT8,isbn,1.000,,"Richard Long : [an exhibition held at the] Scottish National Gallery of Modern Art, Edinburgh, July-August 1974.","Richard Long : [an exhibition held at the] Scottish National Gallery of Modern Art, Edinburgh, July-August 1974."
RGYLIGEK,,none,0.000,,Robert Barry.,
7GI4KT7B,,none,0.000,,"George and Gilbert : the living sculptors, London : catalogue for their 1973 Australian visit.",
RG82FYMT,HPFMFF5Q,title,0.950,,Cover to cover,Cover to cover
VPV3HN45,,none,0.000,,Five texts / Daniel Buren.,
W5V6K3L9,XP8YFKPR,title,0.950,,"Duration piece # 8 : global, (parts I-II)","Duration piece # 8 : global, (parts I-II)"
ZHWAJ5F3,XCSC2N87,title,0.950,,"Incomplete open cubes : The John Weber Gallery, New York 1974","Incomplete open cubes : The John Weber Gallery, New York 1974"
DFCZZ3NL,E3LVUP6J,title,0.950,,Location of three geometric figures,Location of three geometric figures
ZPQ7HMXA,,none,0.000,,For example : (a critique of never) : a melodrama : (from The Mechanism of meaning),
KYPIYDNV,,none,0.000,,Thirteen stories : April 1972,
PSR69JFR,RC6MKG3H,title,0.950,,It is... it isn't...,It is... it isn't...
G539678C,JEMJ588G,title,0.950,,"Roodborst territorium: sculptuur 1969, april-juni. Robin Redbreast's territory; sculpture 1969. Domaine d'un rouge-gorge: sculpture 1969. Rotkehlchenterritorium: Skulptur 1969.","Roodborst territorium: sculptuur 1969, april-juni. Robin Redbreast's territory; sculpture 1969. Domaine d'un rouge-gorge: sculpture 1969. Rotkehlchenterritorium: Skulptur 1969."
PHNLQTGC,,none,0.000,,"Entrée libre, roman hypergraphique, polyautomatique, cryptographique infinitésimal, supertemporel.",
7ZIJ5CXE,RTI72K87,title,0.950,,Twentysix gasoline stations.,Twentysix gasoline stations
Q6966ZEK,2N5AY2W9,title,0.950,,Kex.,Kex.
ZNQ8DVG6,TS8GCN76,title,0.950,,Function = funzione = funcion = fonction = Funktion.,Function =  funzione = funcion = fonction = Funktion.
MHQJXPU4,J3PGLNEL,title,0.950,,Colored people.,Colored people
HJAXE5K6,,none,0.000,,Records,
HHZ4J3GZ,24YJ4MQA,title,0.950,,Every building on the Sunset Strip.,Every building on the Sunset Strip.
9YSIF956,469JLCRM,title,0.950,,Crackers.,Crackers.
UJGRWX24,IXR4AFDV,title,0.950,,"Arcs, from corners & sides, circles, & grids and all their combinations.","Arcs, from corners & sides, circles, & grids and all their combinations."
ENMSTWBI,SS7XET8D,title,0.950,,Sweethearts.,Sweethearts.
W2CKKEFW,U2QU4SM9,title,0.950,,Thirty four parking lots in Los Angeles.,Thirty four parking lots in Los Angeles.
TBG89TUM,,none,0.000,,H [I D I N G],
LJTCCQUS,7YILJFPS,title,0.950,,Various small fires and milk.,Various small fires and milk.
FVSSL4SY,,none,0.000,,Zen in the art of photography,
TNTBK9RH,L6IL4VQY,title,0.950,,Visual language.,Visual language
G83HFHQA,,none,0.000,,The adventures of Mr. and Mrs. Jim and Ron,
7ZDEDDST,IKCYZUGN,title,0.950,,"Tea, c, d&c : cycles interrupted","Tea, c, d&c : cycles interrupted"
XGBCRW8B,N5UUKHRJ,title,0.950,,Site readings,Site readings
LLBP3IUB,FSGBHJDV,title,0.950,,My 9 migraine cures,My 9 migraine cures
QZI8KM7C,LD8ZNBS9,title,0.950,,Then what? : photographs and folklore,Then what? : photographs and folklore
DFQRLP65,ISAUE7M6,title,0.950,,"History of the/my word : fragments of a testimonial to history, some lived and realized moments open to claims of memory.","History of the/my word : fragments of a testimonial to history, some lived and realized moments open to claims of memory."
NA9H59MR,5GHUKILR,title,0.950,,"Optimism : Hirsch Farm Project, 1994.","Optimism: Hirsch Farm Project, 1994"
ZIBCI6YN,,none,0.000,,Libro quemado = Burnt book,
KNQTK6HU,,none,0.000,,Light in the head,
SFWQ6TR9,,none,0.000,,Mine fields,
C8BMD28G,,none,0.000,,Escape,
SYJJ5WP8,,none,0.000,,[Totems],
PI7NYVAN,5K8HTT8V,title,0.950,,Libro illeggibile N.Y. 1,Libro illeggibile N.Y. 1
K92ZU7MI,,none,0.000,,1492 : what is it like to be discovered?,
3D6FV8RW,,none,0.000,,Genetics lesson,
TQKWK7R9,,none,0.000,,"Cats in bag, bags in river",
54Y58IEG,6AS73ERV,title,0.950,,Antlers.,Antlers.
QJ3T4MCD,,none,0.000,,Heavenly bodies,
XDT53MWF,,none,0.000,,Genre,
GFUIETBF,,none,0.000,,Now you know : [this is serious photography : a photo work book,
YZ9Z5DTR,,none,0.000,,Ad infinitum,
E7EA28MC,,none,0.000,,Unmatched halves,
ARNHGYBY,,none,0.000,,Industrial woman,
XZGDHCZF,UAJB56LT,title,0.950,,"Trunk pieces : New York, 1975","Trunk pieces : New York, 1975"
S3KSCVWU,J3RXS2WM,title,0.950,,"Carl Andre, Robert Barry, Douglas Huebler, Joseph Kosuth, Sol Lewitt, Robert Morris, Lawrence Weiner.","Carl Andre, Robert Barry, Douglas Huebler, Joseph Kosuth, Sol Lewitt, Robert Morris, Lawrence Weiner."
F4HK99Z3,,none,0.000,,The David Park Scroll,
2NH7FQV4,,none,0.000,,Rondo : an artist book,
ZZ4K95WR,28QX2N42,title,0.950,,Lines in two directions and in five colors on five colors with all their combinations,Lines in two directions and in five colors on five colors with all their combinations
GAHFZ256,QRGVGYBQ,title,0.950,,Sheherezade : a flip book,Sheherezade : a flip book
TXIQ8XKT,,none,0.000,,A journey to the Far Canine Range and the unexplored territory beyond Terrier Pass,
U2MF224T,IHG8DC77,title,0.950,,I want to take picture,I want to take picture
JKNJ93GK,ZIKLIUXS,title,0.950,,Some Los Angeles apartments,Some Los Angeles apartments
NAFRUGR9,IFKV5B9H,title,0.950,,Real estate opportunities,Real estate opportunities
M98I24JJ,4KTMAPB9,title,0.950,,Homo futurus,Homo futurus
9PNZXXYJ,GYXELWPK,title,0.950,,Verbal landscape/dinosaur sat down,Verbal landscape/dinosaur sat down
ARW37XIL,,none,0.000,,Sweet junk,
FW6XVIPQ,Z8TZAPIY,title,0.950,,"Visual diary, 1/1/80-12/31/80","Visual diary, 1/1/80-12/31/80"
EYIGS3WV,GDTEJGHY,title,0.950,,I am Siam,I am Siam
8M7R4N4L,,none,0.000,,"Heads bowed, eyes closed, no one looking around",
RURBWNX5,,none,0.000,,Talismans and signifiers with sphere into cube,
42CU6NPN,URPYB2MG,fuzzy,0.981,,The case for the burial of ancestors,"The case for the burial of ancestors, Book I"
AZ27E8TR,VZXP6GCM,title,0.950,,Sensations,Sensations
A368J3CQ,XL5ECVPF,title,0.950,,Young masters and misses,Young masters and misses
5MAEV7QD,,none,0.000,,Diter Rot : [designs,
HCXE4WW6,AJCPM2LJ,title,0.950,,Camp fire : my artform is the short journey made by walking in the landscape,Camp fire : my artform is the short journey made by walking in the landscape
4RMAU6HA,CAI2PFZC,title,0.950,,Italia,Italia
X93NB47V,,none,0.000,,"Sol LeWitt wall drawings 1968-1984 : [Stedelijk Museum, Amsterdam, Van Abbemuseum, Endhoven, Wadsworth Atheneum, Hartford, Ct. : 1984].",
RFU9C2TV,BXRF7M3U,title,0.950,,Commodity character,Commodity character
7NQTY9J3,,none,0.000,,Two pieces.,
BBKPIAK8,,none,0.000,,How to commit suicide in South Africa,
CX95PR5D,NY8EIZPN,title,0.950,,Picture/Readings,Picture/Readings
PG4L9B6A,HUK5SEEK,title,0.950,,128 details from a picture (Halifax 1978),128 details from a picture (Halifax 1978)
4V7VXXUQ,,none,0.000,,AS in DS : an eye on the road,
8NA97YKF,W4A4UHJH,title,0.950,,In celebration of the discovery of the abandoned star factory,In celebration of the discovery of the abandoned star factory
RG6PMUM7,KRLBW93Q,title,0.950,,Seattle subtext,Seattle subtext
BT9S9S3C,W3LDEBSB,title,0.950,,Quincy book.,Quincy book.
2KV4AXNL,MQKDMMI9,title,0.950,,[One night stood,[One night stood
YM5KGVFK,,none,0.000,,Any one to tease a saint seriously --Gertrude Stein,
PISKQPWT,,none,0.000,,Twelve drawings : hand stamped,
86YAACKX,,none,0.000,,"""A declaration of dependence""",
AXTA2L4M,,none,0.000,,"The illustrated 6 from the top, or, You cannot have your cake and eat it too",
XQKF3F3P,,none,0.000,,Partitions,
T69EUI24,XUXNQB4J,isbn,1.000,,Post-partum document,Post-partum document
9YD9TLR2,Z3TC8IEP,isbn,1.000,,"Bird songs, heartbeats","Bird songs, heartbeats"
RUXMNZT2,,none,0.000,,"P.H. Polk, photographs",
F7622I8Z,,none,0.000,,Heredity study : 1970-71,
CAZG5JIU,632X6CII,isbn,1.000,,Thirty five years/one week,Thirty five years/one week
YEUNFQ2H,V5GBKC3Z,title,0.950,,Close-cropped tales,Close-cropped tales
XRTNP8B7,3S6VEBTX,isbn,1.000,,Boiling coffee,Boiling coffee
XUVN7Z84,658XBXEA,title,0.950,,Clinkscale.,Clinkscale.
5FGBIBMM,,none,0.000,,Moogambo,
GS3RKCKK,,none,0.000,,Five stories,
AEL6GH6Q,5I6WDA32,title,0.950,,"The location of straight, not-straight & broken lines and all their combinations.","The location of straight, not-straight & broken lines and all their combinations."
6T27APQ6,P279W5YK,isbn,1.000,,Blindsight,Blindsight
MUMG8CL7,XVFFMZT2,title,0.950,,A humument : a treated Victorian novel,A humument : a treated Victorian novel
5GIKXZHG,,none,0.000,,"The Ann Scales postcards : March 14, 1973-March 14, 1975",
UCTJPHGL,R3HHWFNG,isbn,1.000,,Cock fight dance,Cock fight dance
V9EQXMKK,Q4FCFTHP,isbn,1.000,,Sunrise & sunset at Praiano,Sunrise & sunset at Praiano
JRQDNKJH,336ZZN7S,title,0.950,,Things don't always fall into place,Things don't always fall into place
VM5E9HFK,,none,0.000,,"We the people : proposal for Message Monument No. 1, a gift to the nation",
ZYHSNVXL,NT97YK5X,title,0.950,,Nine swimming pools and a broken glass.,Nine swimming pools and a broken glass.
E96R942N,7HEG7EAS,title,0.950,,A few palm trees.,A few palm trees
2AWAWJPU,BM8GGVK3,isbn,1.000,,Six arcs,Six arcs
XQ2EYEXV,,none,0.000,,"Transformations I, 1973-74",
CXQECM2K,,none,0.000,,Guacamole airlines and other drawings,
98D8LT43,LGKU4IUP,title,0.950,,Photoanalysis : a structuralist play,Photoanalysis : a structuralist play
85E93UUB,,none,0.000,,Different notions of cleanliness,
TGE4ZDRG,H7PA7HLA,isbn,1.000,,Inches and field,Inches and field
I65L5MZF,D69XVRD2,title,0.950,,Geometric figures & color,Geometric figures & color
CMVN8WDV,,none,0.000,,"955,000 : an exhibition",
NEZ3WGM7,,none,0.000,,Warwick Mountain series : photographs,
3RXFUKBQ,,none,0.000,,Mitogramas (1968-1976),
PKZPLBAL,MJY3ATXT,title,0.950,,"Six wall drawings : arcs with straight lines, non-straight lines and broken lines","Six wall drawings : arcs with straight lines, non-straight lines and broken lines"
PJT388E9,,none,0.000,,[Untitled : pink cover],
QX3E9UY8,MBQLR6E8,title,0.950,,Wall drawings : seventeen squares of eight feet with sixteen lines and one arc,Wall drawings : seventeen squares of eight feet with sixteen lines and one arc
7SDSLPJQ,,none,0.000,,Changing license,
9566N2AN,C4NIKENC,fuzzy,0.805,yes,"Richard Long : South America, 1972.","South America, 1972."
K7MIXPJ9,PFUBE9GZ,isbn,1.000,,Fantastic architecture,Fantastic architecture
RBC7F3TV,,none,0.000,,Analemmic : an equation of time,
GXY9N46I,,none,0.000,,John in sixteen parts,
NTVZIRLV,,none,0.000,,A game of chess,
9IXNB9Y7,VVKM5K5N,isbn,1.000,,The word made flesh,The word made flesh
EHHNIHL5,,none,0.000,,"Conviviality : flirtation, displeasure, and the hospitable in the visual arts.",
B68GWBNJ,,none,0.000,,Contemplazioni,
BHZT8DG4,5VPEAK3V,title,0.950,,"January 5-31, 1969","January 5-31, 1969"
YKNYU9HC,KX46RJBD,title,0.950,,11 excerpts (1967-1970) = 11 [i.e. onze] extraits (1967-1970),11 excerpts (1967-1970) = 11 [i.e. onze] extraits (1967-1970)
WI8AKUQ2,,none,0.000,,In this land,
5L2TAD4P,D97WNGWB,title,0.950,,The queen of wands,The queen of wands
39NEFI87,V8GA3YS9,isbn,1.000,,"Some (m)other stories, a parent(hetic)al tale","Some (m)other stories, a parent(hetic)al tale"
CLFJCLPS,S2L9U7LF,isbn,1.000,,Only child,Only child
PMVKE79R,VVY2VVZ4,isbn,1.000,,Kaddish,Kaddish
2G2XDJXS,JIGAU8LG,title,0.950,,Home,Home
P2EF5MPR,,none,0.000,,Eight.,
V9GG5ER6,,none,0.000,,AT lanta 1945+50,
V4KYQD7L,,none,0.000,,Vie impossible,
J8E6CK4D,,none,0.000,,Get your war on,
38QRZLWU,DB89L5FB,title,0.950,,Aunt Sallie's lament,Aunt Sallie's lament
3K88QLE3,,none,0.000,,"JFL, what does ""why"" mean?",
DGTIK5II,,none,0.000,,"JFL, what does ""why"" mean?",
RXHBT3BK,,none,0.000,,The contemporary picturesque,
4BLVQYYX,L8RU7JQF,title,0.950,,Sombras rojas.,Sombras rojas.
DB86D3LW,,none,0.000,,Stereo,
UXJCPNTE,,none,0.000,,"Punzocortante : a sharp object with ability to cut, generally used as a weapon",
YZ6RI9B8,VVTUGTLE,title,0.950,,"Mill river, river mill : with associated music","Mill river, river mill : with associated music"
PZAIVR4Z,J7X3CPIP,title,0.950,,Soul & psyche,Soul & psyche
R8CCCWWJ,,none,0.000,,Animal proverbs of the Grebo people of Liberia.,
ZZ2NKQX5,,none,0.000,,21 April 1996 : instruction manual no. 2,
B76AVV9G,VN89TZBV,title,0.950,,When we were ten : a photo/text story of a mother and her son,When we were ten : a photo/text story of a mother and her son
85RVKHNR,,none,0.000,,Last day in Kas,
RJYCBIDD,,none,0.000,,"13 books : (notes on the design, construction & marketing of my last--)",
F2T7BGC6,,none,0.000,,9th street run down,
H9RXTD3X,G6XSHFBY,title,0.950,,The practical speller : a manual of instruction in the rudiments of the English language,The practical speller : a manual of instruction in the rudiments of the English language
5FKYPUSB,,none,0.000,,Turbulence : a log book,
JLY4R37H,,none,0.000,,The fourth day : destruction of birds,
8H8K53XS,,none,0.000,,How to touch what,
L9UBUAFB,,none,0.000,,A tourist map to Japan : major air routes in Japan : voyage(r),
QE8MHPH6,,none,0.000,,Codex espangliensis : from Columbus to the border patrol,
2LMUF9JJ,226R6HJK,title,0.950,,Far horizons,Far horizons
TU7RXM6C,,none,0.000,,Thorn upon the rose : notes from Ireland,
AWBGV5XQ,,none,0.000,,You are what you see : a trilogy of books based on the library of Mary Hambidge,
WT3LJVAP,QTQAU3DB,title,0.950,,Double game,Double game
UBM3NK7Q,ZLF4BX44,title,0.950,,This is not America either,This is not America either
HUA9ZMZN,ZWNW6KQR,title,0.950,,Ozone alert,Ozone alert
LJK2WTQ2,,none,0.000,,Memory lapse,
LJRAQL55,,none,0.000,,The Nazis,
8HI9LLCQ,6WGTDZ7D,title,0.950,,To a fragmented world-- a poetics = a un mundo fragmentado-- una poética,To a fragmented world-- a poetics = a un mundo fragmentado-- una poética
GZPMY28X,,none,0.000,,Knowledge of the world,
RCB8SFZ7,,none,0.000,,Line form color,
FEUU4JSU,,none,0.000,,Dinosaurs,
G4CPAXVL,WSZILAFT,title,0.950,,Twenty-five years ago,Twenty-five years ago
E7Z5PCLC,,none,0.000,,"I want to spend the rest of my life everywhere, with everyone, one to one, always, forever, now",
JC76F3TI,,none,0.000,,The Fae Richards photo archive,
TPYQ6DEA,MVTLPZ9Q,title,0.950,,Diplomatic passport : United States of America.,Diplomatic passport : United States of America.
VP527ARM,,none,0.000,,"Danny, the last African American in the 22nd century",
VSQKW4BW,FGI58BRN,isbn,1.000,,My mother's book,My mother's book
ZSX4EAAX,V2JCB6GV,title,0.950,,Tender tearful spaces,Tender tearful spaces
C9TSNWCL,ISTV64ZP,isbn,1.000,,Treading the maze : an artist's book of daze,Treading the maze : an artist's book of daze
QA3AAH6T,X79CB8BP,isbn,1.000,,High tension : Montage '93,High tension : Montage '93
UL9CIKQK,B8V3DBT6,isbn,1.000,,Mother-son talk,Mother-son talk
XSIHYN76,3ZUC8TKN,isbn,1.000,,The weight of the body,The weight of the body
H22JJDE8,XYWFSLL2,isbn,1.000,,The position of the author,The position of the author
H386I5HW,ZW723DS9,isbn,1.000,,Book of dust : the beginning and the end of time and thereafter,Book of dust : the beginning and the end of time and thereafter
JGCRV4IQ,,none,0.000,,Flag book : interaction towards a better world,
7WDYBE98,,none,0.000,,Valentine for Mr. Wonderful,
HWY669W3,,none,0.000,,The Art/Life Institute handbook,
J9UDTQC5,,none,0.000,,Some stories of sainthood and propagation,
295QKGDP,,none,0.000,,Chelm : stories and scenes,
RMIU5AMJ,,none,0.000,,Looking.,
YDQWE48C,IU8B4XC2,title,0.950,,A nuclear atlas,A nuclear atlas
3RHMW5DG,,none,0.000,,Inviolable habits,
CFVQRN6Y,,none,0.000,,Illustrations of power,
CBUYF3ST,,none,0.000,,El muro = The wall,
52F84BLP,HT8PJRIS,title,0.950,,Family,Family
IJHA2CGX,,none,0.000,,DNA collector book : live [sic] can damage your health,
DNVLI4KM,C35V4GE9,title,0.950,,Ten isometric drawings for ten vertical constructions,Ten isometric drawings for ten vertical constructions
YTGTDPVI,,none,0.000,,Coming and going : (a life-like dismissal),
X8ZYSC4C,,none,0.000,,"Art and life, or, Fairies have their place",
6KM93CC7,,none,0.000,,Give & take : (push and shove),
B4BBDBEF,NQEINM55,title,0.950,,"Pistol, pistil : botanical ballistics","Pistol, pistil : botanical ballistics"
KNRYI9SX,,none,0.000,,Libro volante,
R2WFIG9R,,none,0.000,,Sol y carne,
2RFFS5BN,,none,0.000,,Arbitra,
EINUFS77,,none,0.000,,Dibujo,
QLZ9P6ZW,,none,0.000,,Piel de raso,
LIXLYRH2,,none,0.000,,Flight textile book two,
VLALFDAI,,none,0.000,,Poética involuntaria,
B86F5TBB,,none,0.000,,Tarot del tiempo,
PJMWULKA,,none,0.000,,Síndrome de Diógenes,
7ZETKSU7,,none,0.000,,Saca la cabeza y respira,
437HJJRW,,none,0.000,,"En tierra, hilando vientos",
LKBCYY6R,,none,0.000,,Pequeñas cosas vuelven a ser insignificantes,
35RT26RN,,none,0.000,,051272,
UK9QJXB3,,none,0.000,,Wild girls redux : an operator's manual,
VLKEXY4L,,none,0.000,,Drowning.,
4MY6QF9D,,none,0.000,,The plan,
BNX4NZCG,,none,0.000,,Escenario múltiple,
EZXJR27I,,none,0.000,,Problemas,
DL7BFHHU,,none,0.000,,Doble faz,
3475W58I,QX4XK7CB,fuzzy,0.844,yes,Googled English frontier deedbook,Googled English frontier star
3YQT4G2T,,none,0.000,,An atlas of radical cartography,
NHG3LVCB,WQ458CVM,title,0.950,,Time outs,Time outs
4RPSYI95,9EYQ75JU,fuzzy,0.721,yes,When I was two,When I was two: Book Number 68
Z8XTQ87C,,none,0.000,,La veritat sobre el cas Manbaa Mokfhi = la verdad sobre el caso Manbaa Mokfhi = toute la vérité sur le cas Manbaa Mokfhi =the truth about the case of Manbaa Mokfhi,
N6DJXKFQ,,none,0.000,,Vox : arte + literatura y otros chicardelos. 10.,
GR63RUQT,,none,0.000,,Los signos del zodiaco : doce textos,
YTMMPSV5,,none,0.000,,The story of o.,
3R472YV3,,none,0.000,,La princesa,
MYI3QKVP,,none,0.000,,Retrospective,
S7EVKLCE,,none,0.000,,Take care of yourself,
Y674F2JV,,none,0.000,,Paula Rae Gibson (fear I know not) I'll always walk away,
54B9KKC3,,none,0.000,,The king of things = El rey de las cosas,
PGMABZSS,,none,0.000,,Corners,
Z5P73KIC,,none,0.000,,Mirage,
3L36U9YX,3QXLXM2L,title,0.950,,Memory loss,Memory loss
NYLUKXKE,,none,0.000,,Complexities,
2XLRZGND,,none,0.000,,Grace's daughter,
DXHKFESU,,none,0.000,,Knights of Assisi : a journey through the tarot,
F95AQ7S7,,none,0.000,,Bad,
NMGRZ6LM,,none,0.000,,(Blu)est-reak,
L7W2PX87,,none,0.000,,Kem dreams while Russia sleeps,
6STZMJ5M,,none,0.000,,My constant companion,
5IMTCWXD,,none,0.000,,Seasonal turns : four accordion books,
24ICFDNJ,,none,0.000,,Mountain dream tarot : a deck of 78 photographic cards,
W2E83SS4,,none,0.000,,Turning fifty,
5HEDP9TN,,none,0.000,,Flamingo in the dark : images,
4XLAVPFT,,none,0.000,,Implementing architecture : exposing the paradigm surrounding the implements and the implementation of architecture,
D9VQPSUU,,none,0.000,,Bobby : book nr. 100,
4GLWNBHH,,none,0.000,,"15. Juni 1999/July 27, 1999 : Love letter to Gutenberg",
NJKS5QK2,,none,0.000,,Bitter fruit -- Harvest of war,
Z7E9RQD8,,none,0.000,,Analemmic : an equation of time,
P3N2IHVX,3VINCA44,title,0.950,,Otherspace : Martian ty/opography,Otherspace : martian ty/opography
S3PRV2XI,,none,0.000,,The circular ruins,
HZ3BJGBQ,,none,0.000,,Por la mañana ; Por la noche ; Por la tarde,
DP5Q7J4G,,none,0.000,,Nineteen nights in San Francisco,
7A67JC4V,,none,0.000,,Diminuto cielo : itinerario bio-gráfico obsesivo a partir de las frases y los dibujos acumulados,
Q9FVYBSE,,none,0.000,,Groar! : (14 poemas-fósforo),
GAD4GLLL,,none,0.000,,Si fueras--,
FGQXA465,,none,0.000,,Paulette me había dejado una nota en el buzón,
Q5394CDI,,none,0.000,,"Así se baila el tango, 1942",
5H8TMN3T,,none,0.000,,Pedro y el lobo,
7P6ZWQRP,,none,0.000,,Guía práctica de las mariposas,
RTHTYZE9,,none,0.000,,Mi niña veneno en el jardin de las baladas del recuerdo : (2000-1996),
8BGI24VU,,none,0.000,,Tourist / refugee.,
6QD6LFLP,,none,0.000,,Pirozzi : un invento argentino.,
LAIFRBQW,,none,0.000,,The lottery project,
56FFTVRF,,none,0.000,,Rejunte,
MLG6XYC2,,none,0.000,,Sobre diseño,
YCJVW6Y6,,none,0.000,,Bestiario búlgaro,
U6KEP6KP,,none,0.000,,Siesta argentina,
S42V8EBK,,none,0.000,,Caído del cielo,
D4Q7IQKJ,,none,0.000,,Mondao corp. ediciones.,
NXFZ7UE4,,none,0.000,,Adán,
ATWH79ZN,,none,0.000,,¡Ten el corazón contento!,
CLACMR53,,none,0.000,,"El cuello de tres picos, dos patos y pico ; La mesa está servida : ¿nos sentamos a la mesa? ; El desnudo entre tanto se mantiene ; Las visiones del hornero el cielo, alas",
XPS4S9DR,,none,0.000,,Buenos Aires,
97A37L43,,none,0.000,,Itinerario,
5XFCZ3TR,2FMAJ6SK,title,0.950,,Lucha por la vida = Struggle for life,Lucha por la vida = Struggle for life
GWDGSS4R,,none,0.000,,La noche y otros cuentos,
AJE8UGW7,,none,0.000,,"Versos sencillos, IX : (La niña de Guatemala)",
YUIPWEIK,,none,0.000,,Baja presión,
2I97YIIG,,none,0.000,,Inventario : (fragmento),
5JVN6K8F,,none,0.000,,Serie anomalías,
MFL3UL5M,,none,0.000,,"""El joven aprendiz de pintor"" de Joaquín Sabina",
NI3UZLKS,,none,0.000,,Lotería fotográfica mexicana : cantada con refranes y coplas de la lírica popular,
F7ZVT286,,none,0.000,,Fragile kingdom.,
X4EF7EBQ,,none,0.000,,La vereda del corazón quieto,
C3KU9PZ5,,none,0.000,,Unravelling the ripple,
LTJ67PKM,,none,0.000,,"LV ""una vida ejemplar""",
WJI3MS2X,P3T4YANB,title,0.950,,Rex reason,Rex reason
XSZNK8DL,,none,0.000,,Make everything new : a project on communism,
7MFURWM7,HFL33QJH,title,0.950,,It wasn't Little Rock,It wasn't Little Rock
6M5DVI7W,RN5DUW7Z,title,0.950,,Shadowed memory,Shadowed memory
L8L2D7EQ,D5FZLMPX,title,0.950,,Mother sun,Mother sun
JTI6FSV8,VVVDQ639,title,0.950,,In the event anyone disappears,In the event anyone disappears
R47BWPEK,FVWFHLNT,title,0.950,,Diary of images : it's still time to mourn,Diary of images : it's still time to mourn
G4T6UY2M,,none,0.000,,Gray's brain,
L3TS5FQB,,none,0.000,,The mission,
3BQCQGHP,,none,0.000,,Das Lamm,
EJGSE7FM,PBDUAC8I,title,0.950,,The index,The index
QQE5ACCC,,none,0.000,,Trawling my North Shore mind,
8S2NDJKF,,none,0.000,,Hours,
7X2BWWRD,,none,0.000,,The jumblies,
77LCCKPR,,none,0.000,,A reminder : an open book test,
RQWLU7RY,,none,0.000,,Shedding light,
FXNAD3KQ,,none,0.000,,Flip read,
NLPJCCNA,9T8UFUH5,title,0.950,,Soap story : an artist's book,Soap story : an artist's book
VLVKFL26,,none,0.000,,Lissen here!,
78ATIMKR,,none,0.000,,Ponderance,
GGCQLDFC,,none,0.000,,Love,
9LQCEIZA,,none,0.000,,Auschwitz.,
8L8MVWM2,,none,0.000,,Primary faces,
E8JN5ASB,,none,0.000,,"Gabriel Gárcia Márquez, Chronicle of a death foretold : a typographic narrative.",
MZRDKDKZ,,none,0.000,,The font project,
DW5PRAEB,,none,0.000,,Come again,
PEAVVEJD,,none,0.000,,El arte de la aprehensión de las imágenes y el unicornio,
RP9PTXG3,,none,0.000,,EE. EE. : expediente extraordinario,
5HGCJU7Q,,none,0.000,,El paseo,
JY9Y4AXX,,none,0.000,,"Gaby y el amor : seguido por, El pobre Rodríguez",
6BBVES93,,none,0.000,,Llamado por los malos poetas ; Lo cristalino,
XPFDFL9C,,none,0.000,,Umbanda Jackson,
NVRCGSWV,,none,0.000,,Aún soltera,
ZCP4MY98,,none,0.000,,Delirios líricos,
TDI6UIIQ,,none,0.000,,Anotaciones para una cumbia,
9TN9ELNF,,none,0.000,,Seudónimos de la muerte 1973-1983,
CC3R9EQJ,NLS4GDCR,title,0.950,,Atlas of punctuation,Atlas of punctuation
KVC8CGLL,,none,0.000,,The far country,
96994UU5,,none,0.000,,Words of Chan K'in : Lacandon jungle,
PF87CGQ6,,none,0.000,,"Ksią̀zka 38e, O przemijaniu = Book 38e, Transience",
LZX5FAS5,UAG6U4BG,title,0.950,,This tends to happen.,This tends to happen.
5M4884ZK,,none,0.000,,Fears grow wings,
KDYM4HVW,,none,0.000,,Invocation to the water spirits,
G4YIB67F,9DAJEMHJ,title,0.950,,The exorcism of page thirteen,The exorcism of page thirteen
RP5H9K4J,,none,0.000,,The people's portraits of Bush.,
TP48X73P,,none,0.000,,The stars,
F3QBXGRS,,none,0.000,,Pit's letter,
IUIAF2BG,,none,0.000,,Me a mound,
K856VISY,,none,0.000,,The nameless dead,
EZHEFCGQ,,none,0.000,,The purification of fagus sylvatica var pendula,
LGHHN6E2,,none,0.000,,The new society for universal harmony,
63CLA4EH,,none,0.000,,[Prints from The classic fairy tales],
3M7S4K3S,GGXTG7D7,title,0.950,,For the voice,For the voice
GYKXT3ZU,,none,0.000,,"Pandora's book : poems by Charles Simic, Aleksandar Ristovic and Josh Hockensmith",
SGM76QTY,7WIH889K,title,0.950,,Field guide to North America and to other regions,Field guide to North America and to other regions.
EPSRTBIW,,none,0.000,,Subliminal messages,
55AYQ227,,none,0.000,,The managerial guide to beating workers into submission,
YJJPTV8A,,none,0.000,,The 24 hour self portrait.,
4KEA7MUE,,none,0.000,,[I love you].,
9JB7XNFQ,,none,0.000,,Identity.,
GE5LNEJX,,none,0.000,,Making stuff and doing things.,
8P478H9S,,none,0.000,,Limestone lives : voices from the Indiana stone belt,
GNEJCRC6,,none,0.000,,Retórica erótica,
PSIY8T9P,,none,0.000,,Buenos Aires tour,
LRRPVEM6,,none,0.000,,Wonderwater (Alice Offshore),
DBI69A84,,none,0.000,,Suite vénitienne,
ZE2MCHZ5,,none,0.000,,Telegrafías,
PR4YABJB,,none,0.000,,Narcisismo y emblema,
WZ6RKQU4,,none,0.000,,La zarza ardiendo,
7YP5CRQH,,none,0.000,,Proyecto cartele,
E26WR9FM,,none,0.000,,Pinturas en el cielo,
JJDIN7JI,,none,0.000,,"Libro no 8, 1970",
4EPKWKUP,,none,0.000,,Bully!,
P9KVEARW,,none,0.000,,Women,
MC93D5KJ,,none,0.000,,Los separadores de Minimalia,
H98IN98U,,none,0.000,,Para ver antes de ir a la cama : (tædium vitæ),
2N8GIG9N,,none,0.000,,Colección Golosina.,
5ET5C743,,none,0.000,,"Detalles, citas y tal",
IJLAIRFH,,none,0.000,,Prima del disegno = Before the drawing = Avant le dessin = Vor der Zeichnung,
RE4DDU63,,none,0.000,,Un sueño del siglo pasado,
5MR6N2EH,,none,0.000,,Ship wreck : the Peter Iredale,
26L6AHPZ,,none,0.000,,Ocean dunes,
IP2W3DR3,,none,0.000,,Winter elk,
8R3DYXT7,,none,0.000,,Winter white.,
F5SAHEJG,,none,0.000,,Seres acotados,
WHXWVCZV,,none,0.000,,El libro del fin del mundo,
E4K7PL4T,RJ32JH2D,fuzzy,0.860,yes,Artists' book,Artists books
N45ZMXU8,,none,0.000,,Máximas mínimas para la supervivencia de los argentinos,
6GPCQB8Z,,none,0.000,,Flying : practical training for beginners,
G6D5X2ZX,,none,0.000,,"Une méthodologie de la nouvelle-écriture Africaine ""bété""",
XVHLYVHD,,none,0.000,,Fer : una fábula encendida y atolandrada.,
BBS6NWT3,MZST6UEM,title,0.950,,War cut,War cut
KDU6G368,,none,0.000,,Stupa : construit et non construit = Stupa : built and unbuilt,
8EMCZ4RX,,none,0.000,,The Happersett accordion.,
ZR3EVKZK,,none,0.000,,The Tower of the Winds.,
88QIC9RV,,none,0.000,,Love poems,
2ZYFFYXC,,none,0.000,,"Read (past, tense).",
Q9FZABYB,,none,0.000,,Zelda reflects.,
2729CLEN,,none,0.000,,Borges and I.,
FTL9XKQT,,none,0.000,,Jak połą czyć dwa różne swiato-słowa w naszym życiu nomadycznym = How to connect two different wor(l)ds in our nomadic life,
ER97V5RV,,none,0.000,,Waste not/what not catalog : new paradigm products,
I6DX8GRX,,none,0.000,,Mutually exclusive,
SBH8W73W,DRXZALEB,title,0.950,,Turn over darling--,Turn over darling--
RYSYVYCZ,,none,0.000,,Carpe diem : kalendarz na 366 dni = calendar for 366 days,
KZE6K2MC,,none,0.000,,[Square]²,
4M2KKB9X,,none,0.000,,Binding analysis : double bind,
Y6WZB32L,,none,0.000,,Love re-turned,
428DSIX4,,none,0.000,,Saturday afternoons,
DFWYZM67,,none,0.000,,Will happiness find me?,
QXFPEGLD,,none,0.000,,Transgression,
7BDVQGI4,,none,0.000,,Nets,
3B5FYHRQ,,none,0.000,,En el último sendero el iniciado piensa,
V9XTTKYM,7FR428K6,title,0.950,,Well-heeled,Well-heeled
SBM74M3S,,none,0.000,,Ed Ruscha : photographs.,
A92FKJZ9,,none,0.000,,Inside world.,
XP8Q896Z,,none,0.000,,American English,
6I9LT2TJ,E62R9QS4,title,0.950,,Remembrance.,Remembrance
A2ADQCVL,,none,0.000,,Friendly cannibals,
R2V4AMGF,IW67WSIE,title,0.950,,Quercus psalter.,Quercus psalter.
QJXCBLUI,,none,0.000,,Worldwise,
ML555VRY,,none,0.000,,Action figures in action,
HM6IY3MU,,none,0.000,,Mémoire d'un voyage en Oceánie,
48DNBAW7,,none,0.000,,Long story short : home is where the heart is,
CIMEKKTL,,none,0.000,,How Havana stole from New York the idea of Cuban art,
EDTISABI,,none,0.000,,"""Swans, the ice,"" she said",
7FGBV8T8,,none,0.000,,Turning leaves of mind,
W8GSJ37L,,none,0.000,,Jerk,
VDN9LQ7I,,none,0.000,,A hundred years of: LEX FLEX,
ADFY3ARQ,,none,0.000,,Inside a box,
SJWFU36R,,none,0.000,,Romanov,
RY9QCRNN,,none,0.000,,Flying : practical training for intermediates : (Notes 1997-2002),
PCWAH9NG,,none,0.000,,"Scott Joplin, Maple leaf rag",
2D9PRTRQ,,none,0.000,,Serif im,
GUKASHW9,,none,0.000,,Hidden agenda,
GJRIRZ9V,,none,0.000,,My mother's coming to town.,
QFHMVHPM,2LGSRZH3,title,0.950,,Dead man's trail,Dead man's trail
US4EHVZK,,none,0.000,,Dr. Ameisenhaufen's fauna,
2HABKQQC,,none,0.000,,"The theater of nature, or, Curiosity filled the cabinet",
MI3QFGWR,W48KLTKW,title,0.950,,Space + time,Space + time
Z8ZH556B,,none,0.000,,No trespassing,
9E2CG279,,none,0.000,,Visitation,
7K66YPEV,,none,0.000,,Inner sanctuary,
2ZJ2VT8P,,none,0.000,,The tornado treaty,
954NJ5IW,,none,0.000,,Poems by Richard C.,
FCKXLRQB,,none,0.000,,The day of the rope,
LFEUG4K4,,none,0.000,,An intrusion : (self-applied),
AZDKU53Z,,none,0.000,,Per-sist-ent ster-e-o-types,
ITFVWI5E,ML7SNJPZ,title,0.950,,Boundless,Boundless
SGNN5HLY,,none,0.000,,Oostamera,
SQDPPBXK,GURAG9JG,title,0.950,,(Ho + go)² = it,(Ho + go)² = it
6YLIU6BG,,none,0.000,,Scratch,
29L4MT3D,,none,0.000,,Insomnia.,
URK5NWYJ,WDBVDSH6,title,0.950,,Parallax,Parallax
P3MLSDWI,,none,0.000,,V.,
7J8ECK32,,none,0.000,,"The Pigs : Portugal, Italy, Greece and Spain through the eyes of the economists = Portugal, Italia, Grecia y España vistas por los economistas",
JTVT9FA6,,none,0.000,,2013,
MFS2JKMD,,none,0.000,,Broken streets of my city = Las calles rotas de mi ciudad,
S72T3HKR,,none,0.000,,Paisajes históricos urbanos de la ciudad de Matanzas,
UKQCWQW5,,none,0.000,,De la memoria : glosa para Eliseo Diego,
6AHEL62E,,none,0.000,,El partido de José Marti,
JVUVYSKG,,none,0.000,,Bajo el cielo de Dublín,
IS69FLWZ,,none,0.000,,Opus ciudad,
W36HVEQV,,none,0.000,,Doctor Mister Miracles's guide to miracle-making : a manual (abridged).,
G47YQHRP,,none,0.000,,"Era hombre, era mito, era bestia = Man, myth, beast",
U4MTWLWY,,none,0.000,,Lindbergh,
9U43YTJ3,,none,0.000,,Equilibristas,
SWUH8WI3,,none,0.000,,Todo es aluvión,
NRILB8GZ,,none,0.000,,"Como nieve en Sevilla, o, Sobre la depresión del 10",
CXEJNSBP,,none,0.000,,True stories,
T22PU7LS,,none,0.000,,Asul,
TUTWFGRR,,none,0.000,,Peluquería,
TNXPPZZV,,none,0.000,,Ruta 23,
WHMM4CXE,,none,0.000,,Amigos y objetos preferidos,
HCH92UQQ,,none,0.000,,No quería caer en el ridículo por eso me tiré antes,
6F99BERE,,none,0.000,,Velvet,
LYIRKDR3,,none,0.000,,Verano 13,
G7C6CQX5,,none,0.000,,"Ghosts / Sophie Calle ; translation: Sophie Calle, Charles Penwarden.",
R225VLV5,,none,0.000,,Cuadernos y márgenes = Notebooks and margins,
PUXWPPDT,,none,0.000,,"Creaciones artísticas, S.A.",
T4Q8JGT8,,none,0.000,,530 : sá veldur sem á heldur,
H5YAKUC8,,none,0.000,,Siempre te amaré,
TTB3LDMC,,none,0.000,,7 grabados mexicanos,
5NPQWAED,,none,0.000,,Poema mexicano,
WI96UCDP,QSX9EBUN,title,0.950,,Cat's cradle,Cat's cradle
JPCRGULS,GPHLTR7V,title,0.950,,Old man and sea,Old man and sea
EYRZQ8NE,,none,0.000,,Beautiful pig.,
DSAURF45,,none,0.000,,Artist's book ideation cards.,
JAZK2D9Z,,none,0.000,,A real fighting man,
WYDD76TM,,none,0.000,,11.21.11 5:40 p.m.,
8F4C58S7,,none,0.000,,Olafur Eliasson : never tired of looking at each other : only the mountain and I.,
U53EUILD,,none,0.000,,Call ampersand response,
AB8S7JWN,,none,0.000,,The canaries,
EACLZVKJ,,none,0.000,,Spam,
885A8TBX,,none,0.000,,No man's land,
CJB8FZKV,,none,0.000,,No man's land,
IJ9GZ7UB,,none,0.000,,El hombre polar regresa a Stuttgart,
DNWLMB92,,none,0.000,,The terrorist's handbook,
TCVQ5NI3,,none,0.000,,Now I am lost,
ULW85NPN,,none,0.000,,Diccionario para road movie = Dictionary for road movie,
NHBU9AFB,,none,0.000,,Quatre mains,
ALB9FTPR,J6YJWAQZ,title,0.950,,Various fires : and four running boys,Various fires : and four running boys
WJ4H4FVJ,XHDIB9RD,title,0.950,,Twentysix gasoline stations,Twentysix gasoline stations
YAE9E8JN,,none,0.000,,"How the West was won, Copyright applied for",
FXH3MFZ4,,none,0.000,,Cédula de Identidad Venezolana,
4EKGZRAP,,none,0.000,,Nine nameless mountains,
4YEPSFHZ,,none,0.000,,El Palentino,
T3HMA3Y3,,none,0.000,,Lone wolf,
2IIG9R9G,,none,0.000,,Noray,
JIZSP3WW,,none,0.000,,Las Meninas,
DERSRJXG,,none,0.000,,On democracy,
BWD5RPQA,,none,0.000,,Mystic places,
XSVTEUMY,,none,0.000,,Palpung Parkhang ; Kandze Village bodhisattva ; Dzogchen village home,
7IYF93BL,,none,0.000,,The dry salvages,
PD9US4S4,,none,0.000,,Finite sets,
ADTW9HSF,,none,0.000,,Details magazine,
JZH7NAVM,,none,0.000,,El desplazamiento,
DJVN4D8K,,none,0.000,,La repercusión de la línea en el espacio,
VGUG34G9,,none,0.000,,El gallo de oro,
8Z5XF7GC,,none,0.000,,Caja registradora,
YEI2QT4E,,none,0.000,,Once:once,
HS6P2TL5,,none,0.000,,Cosas de viaje,
6ESQRWJV,,none,0.000,,Prehensil,
ZM4VDNLP,,none,0.000,,Surf book #3 : a visual poem,
C3H98RJT,,none,0.000,,עמידה. / Amidah.,
TX24DZ7I,,none,0.000,,Speaking of scars,
XGPQU7KI,,none,0.000,,Por Verónica Flores.,
QTPVI59N,,none,0.000,,Throwtolion : recopilación de imágenes,
KIVV4JZW,,none,0.000,,Beata risográfica,
QKRANKIT,,none,0.000,,Papalote,
HEHJUHND,,none,0.000,,"Espacio, cuerpo y materia",
VJUAH3JS,,none,0.000,,Privacidad.,
CHRACB46,,none,0.000,,Libro de anatomía,
XHVENAJT,,none,0.000,,Microslides = Muestrarios : caja con papelitos para pájaros.,
XLU2WEKP,,none,0.000,,Blanco,
WRU955J4,,none,0.000,,Matacho,
NS8279DS,,none,0.000,,Pasaporte,
SPQ2RDCP,,none,0.000,,Pío : un historia de = a story by = eine Geschichte von,
5DQ54GNV,,none,0.000,,Beutel Frau = Bolsa de dama,
RIJ6A5Y2,,none,0.000,,Soñar tu insomnio: (Caja de costura),
QHXKA7QC,,none,0.000,,Equipaje de mano,
SVT8GK4B,,none,0.000,,Un cuento de hadas,
XEL9V72U,,none,0.000,,The loneliest man in Missouri.,
T57ZDULI,,none,0.000,,Martin Soto Climent : the equation of desire.,
A3TVILPJ,,none,0.000,,"Raleigh, North Carolina hip hop",
779SMV8U,,none,0.000,,NEWS,
6IPP9TGV,,none,0.000,,Los Alamos revisited,
9B5TRN9K,,none,0.000,,Care libro,
THIN77YE,,none,0.000,,Got a minute?,
4U68C3D8,,none,0.000,,Cantares de mal de amores,
9DRPKMDL,,none,0.000,,La flor del cactus,
59KI7EBB,,none,0.000,,Todo lo que en silencio es lenguaje,
XT3TVZK2,,none,0.000,,The meadow,
ZUCHITL8,,none,0.000,,Tomorrow's man,
3M6P242S,,none,0.000,,Suite vénitienne,
PN8XVZPJ,,none,0.000,,La triste lista : apunte informativo.,
YDFD9PFY,,none,0.000,,La danza de los cuerpos,
2JYUVMH2,,none,0.000,,Ariadna y las arañas bunjee,
2XCLNJHS,,none,0.000,,Melancolía,
XYI9YC2E,,none,0.000,,Fábula del pollo : entendiendo la injusticia.,
BLFR7GJV,,none,0.000,,Stereobook,
7265FF89,,none,0.000,,"Karl Gerstner, color sound 15 : extra version",
D6JVHVEU,,none,0.000,,El viento aún no soplaba.,
SXD4B49D,,none,0.000,,Workers Library,
MA9INPTR,,none,0.000,,"Exhibition of paintings : 2nd Johannesburg Biennale, Johannesburg Art Gallery, 1997",
R9JKNNTF,,none,0.000,,Columbart manifesto = Kolumbart manifest,
H2WKQPEC,,none,0.000,,Portrait of Stalin on the one hundredth anniversary of his birth,
A5KQ5AWI,,none,0.000,,Top secret art : catalogue #25 tank,
JJ89FVXX,,none,0.000,,El gran salto,
PEZCBAXL,,none,0.000,,"Yo, mi desconocida",
ZKRPUPYF,,none,0.000,,Los ciclos de nadie : antología personal,
TXTGKXWI,,none,0.000,,La llorona,
WAG5YMVB,,none,0.000,,Cuchillos en el aire = Knives in the air,
4KC653VI,,none,0.000,,Body art : (para otras lecturas del cuerpo),
QB2D8NBC,,none,0.000,,Con duro polvo de óleo,
KZX8VCMS,,none,0.000,,Eternidad,
FGRUGE47,,none,0.000,,Las silabas del agua = The syllables of water,
J33A3J84,,none,0.000,,Lydia Cabrera en su laguna sagrada,
995P6QUW,,none,0.000,,Dos poetas judíos = two poets,
IWRB82F7,,none,0.000,,Canción de redención,
BL68LT7T,,none,0.000,,Soy una histérica,
M7RMZLZB,,none,0.000,,Inappropriate repetitions,
P7YABPLP,,none,0.000,,I do not want to disappear silently into the night,
ZW5QLLA7,,none,0.000,,Here comes kitty : a comic opera,
ASFMZ2DQ,,none,0.000,,Tomorrow's man 2,
3HXRSQYY,,none,0.000,,Versus,
AS9A8WPX,,none,0.000,,Versus,
G86DKCWU,,none,0.000,,Calavera,
4PV2MFMU,,none,0.000,,A penny for your thoughts = Dime lo que piensas,
R3M2HHTY,,none,0.000,,AntiDoctos : concentrados de sabiduría popular.,
DIYUMX8C,,none,0.000,,Hyenas of the battlefield : machines in the garden,
4FFBUX6B,,none,0.000,,Recordar el camino,
DC6A375B,,none,0.000,,Your land/my land : election '12,
2N4EKVGN,,none,0.000,,Shirana Shahbazi : monstera,
C6W4ITFU,,none,0.000,,Guaton Loyola vs. the world,
MVUQWD8L,,none,0.000,,Un regalo para Elena,
WIUR4LIW,,none,0.000,,Enjoyable conversations in Glasgow,
T2EDYSGD,,none,0.000,,The Anderson family's proportionate relationship to various beasts,
CCS3Z546,,none,0.000,,Álbum,
PCRFENN3,,none,0.000,,"Spiders in motion, rainy commotion : (an ongoing collection of proverbs)",
D6SIT9CG,,none,0.000,,Editorial efímera : catálogo razonado,
QJ4TC2ID,,none,0.000,,The i of the storm,
BQZRQGM2,,none,0.000,,Sterling Ruby : LA/BJ = 斯特林。鲁比 : 洛杉矶/北京 / Sterling Ruby : LA/BJ = Sitelin Lubi : Luoshanji / Beijing,
3YW88G5W,,none,0.000,,Ryan Trecartin : yet,
ZASKW9YF,,none,0.000,,Yonder woundeful bouy,
IL549Z67,MZDH5LJI,title,0.950,,What's happening with momma?,What's Happening with Momma?
3KX9RY53,,none,0.000,,Various effects of coffee on the body,
E47G3XSQ,,none,0.000,,The square,
K8L9Y4L9,,none,0.000,,The Situationist times : international Boo-Hooray edition,
9ZHBNXBJ,,none,0.000,,The perfect man,
CUBVR2YD,,none,0.000,,The fortune teller,
7DQDXGMM,,none,0.000,,Swatch book,
73K2MFVS,QDDTGKNX,fuzzy,0.789,yes,Still.,Till
7DW84IIA,,none,0.000,,She feels your absence deeply : a family history woodblock,
QXLUBH75,ZTLPL5X3,title,0.950,,Saga,Saga
TZETAWX9,5ZL3VFEB,title,0.950,,Royal road test,Royal road test
HZJNY8X8,,none,0.000,,Promises kept,
PZMP4D9N,,none,0.000,,Pan-pan,
U64L9DKA,3QXLXM2L,title,0.950,,Memory loss,Memory loss
HIFRB5YN,,none,0.000,,Fragments : from the stacked deck.,
DVBP2ZX8,,none,0.000,,Zoológico,
BRL4VTNW,,none,0.000,,Xeno : Fremd  copy-book,
DSGC78FH,,none,0.000,,With God on our side,
EWKRJEHT,,none,0.000,,Wall to wall,
T5BY6GL3,58LVM8RA,title,0.950,,(Untitled),untitled
S59MHBI8,,none,0.000,,Switching places,
YNQJLSJE,,none,0.000,,Stamps book,
9JIPJR8D,,none,0.000,,The skirted garden : 20 years of images,
ZRI35ZSH,,none,0.000,,The skirted garden : 20 years of images,
63G4CRVN,,none,0.000,,Sistema de riego,
B3JDEZ2U,WDITEMDJ,isbn,1.000,,Service : a trilogy on colonization,Service : a trilogy on colonization
2BZGKIF4,,none,0.000,,Poemas visuales,
UMK6A4YQ,,none,0.000,,Poemas visivos y proposiciones a realizar,
T57IJ64X,,none,0.000,,The past is better than the present and the future is nowhere,
Y9BU2SI7,,none,0.000,,Partitura,
E5XFN328,,none,0.000,,Paper architecture,
6ZSREA3B,,none,0.000,,Orgasmo libertario,
YQG7QI8S,,none,0.000,,on./the/page at the back of the book.,
XYG4SPBI,,none,0.000,,Narraciones desde el último cuarto ; Postales,
PPXCS73L,,none,0.000,,Menú MoNDAo,
F2A4D8BE,,none,0.000,,Life's lessons : a mother's journal,
QPB2X8V6,,none,0.000,,Life's lessons : a mother's journal,
MFTCSY97,,none,0.000,,Political/Hydrological : a watershed remapping of the continental United States,
ZT48PPZ2,,none,0.000,,De lo racional y lo razonable,
QGGDKXSZ,,none,0.000,,Sneak peek,
LNSUSQ9K,,none,0.000,,Secreto,
7AB3HMG7,,none,0.000,,Ser invisible,
SIBBPKMP,H3PKBBDY,title,0.950,,The uncommon perspective of M.E.J. Colter,The uncommon perspective of M.E.J. Colter
J7MTRLGR,,none,0.000,,Conjugations : (love stories),
QIGK743D,,none,0.000,,Sobre las características externas de tres colores,
RKL992ZG,,none,0.000,,Tercera estrofa,
7UUDPUCN,,none,0.000,,Notes on fundamental joy : seeking the elimination of oppression through the social and political transformation of the patriarchy that otherwise threatens to bury us,
H4UKFQEN,,none,0.000,,Territorio portátil para quien migra,
IKKTHDBG,,none,0.000,,Tender noted,
6WVPBSU4,,none,0.000,,Sueño en dos colores,
2FCWWRUR,,none,0.000,,"Apparition of a distance, however near it may be : the hands of Google Books",
PUJDFFEJ,,none,0.000,,BEAUT. E (Code) : computer professionals reflect on the art in software.,
93YZ6YWY,,none,0.000,,Endangered data,
SYX7T4RL,,none,0.000,,"تهران، بى‌تاريخ = Tehran, undated / Tihrān, bīʹtārīkh = Tehran, undated",
MWWMFA8J,BXPYLPQA,title,0.950,,Mrs Merryman's collection,Mrs Merryman's collection
Y5RUXGXN,,none,0.000,,The exquisite Lumbee,
6PD2C5CE,,none,0.000,,Tree of codes,
B4MRJUTU,,none,0.000,,Slow looking,
7NNFWE7D,,none,0.000,,Treading the maze : an artist's journey through breast cancer,
IQSS9I8E,,none,0.000,,Cups of nun chai,
M69CN3AD,MPU5CXQ8,fuzzy,0.833,yes,Mirrors,Mirroirs
H4DT26QW,,none,0.000,,Between worlds : an asylum seeker in America,
ZING7QFJ,EB3SHIFV,title,0.950,,Passage,Passage
7M4CUF8W,BKGHTBYL,title,0.950,,Autobiography,Autobiography
LC2US9AI,,none,0.000,,The secret,
4A4KYCYY,,none,0.000,,Gomorrah girl,
4YJLNRZ4,,none,0.000,,Strokephone : brain phone interface : uploading knowledge in the human brain,
GDEAWFHF,,none,0.000,,Vele,
ZAPMBGE3,,none,0.000,,"The land, the man, the machine",
87VFPMMD,,none,0.000,,Pacing,
IRCKVASD,,none,0.000,,Ursula Schulz-Dornburg : some works,
J9UUENQY,,none,0.000,,Wild pigeon,
IHNJFWFT,,none,0.000,,Sole y Darío,
VRSBV8YK,,none,0.000,,Ritual de mis piernas = Liturgy of my legs,
DFGM4MYQ,,none,0.000,,"Paseo de Gracia : Yani Pecanins : arte objeto, collage, libros de artista : 22 de noviembre del 2013-26 de enero de 2014.",
84WG8AI6,,none,0.000,,¡Préstame tu luz!,
4EC84LP7,,none,0.000,,Canto a Matanzas,
TMUTSH2R,,none,0.000,,Tránsito al fin = Passage to the end,
263JJYU2,,none,0.000,,De codos en el puente,
CI5BSLVI,,none,0.000,,El ruego = The prayer,
4ZPTZSCC,,none,0.000,,Ya yo también estoy entre los otros,
4F96YEAW,,none,0.000,,La señal,
NX2BZWC6,,none,0.000,,Ayotzinapa : desaparición política.,
2W368KM7,,none,0.000,,Las paredes del tiempo,
EXLW2JAI,,none,0.000,,Doctor Mister Miracles's vocabulary guide for the perplexed miraclist,
PDUTEW5I,,none,0.000,,Re/forma,
RMUSCV3U,,none,0.000,,Goró,
53Y9ZK7P,,none,0.000,,Working on my novel,
3KJN9TSD,,none,0.000,,Japan project,
LR9UQRII,,none,0.000,,Perspectivas do livro de artista.,
PJ6HW6XE,,none,0.000,,5 star ratings : Mechanical Turk reviews,
CURJF8T3,,none,0.000,,Source code,
3RAPYUNI,,none,0.000,,Dutch landscapes,
RSAKT92N,,none,0.000,,Decir,
FYXK9NFK,,none,0.000,,El sol de emergencia,
59NVSYDJ,,none,0.000,,Alabanza del libro,
2V9PKH9N,,none,0.000,,Half Wild,
LXK422S7,,none,0.000,,Stripped : sixty-six sunsets stripped,
YZ6HPRBF,,none,0.000,,Fractal state of being,
R63KV8DQ,,none,0.000,,El señor del cielo,
7XTCK5XQ,,none,0.000,,En la rivera de un Río,
3XWU692I,,none,0.000,,El diario de la china : (donde el diablo perdió el poncho y la liebre y el zorro se dan las buenas noches),
BVRQK4KR,,none,0.000,,Hombre de Cristina,
U2NFY6MI,,none,0.000,,Los campos magnéticos,
N6EBD9N6,,none,0.000,,Nu tonjo nu xinchi zak'u = Canto al movimiento de la vida,
WZU7LXLZ,,none,0.000,,Xochikuikatl : poesía,
ZFVLHJ4P,,none,0.000,,"Tres fotos, tres poemas",
RLFJ33N9,,none,0.000,,Crónica de Tollan,
KHWPNJUI,,none,0.000,,Team Evil ; High Anxiety.,
9YNNDITB,,none,0.000,,Voir la mer,
FXE4GCW8,,none,0.000,,Brisées,
6YAVV2LZ,,none,0.000,,Mariposas 5 : libro de las manos,
4ZJG7DPJ,,none,0.000,,Mariposas 5 : libro de las manos,
RLSM5G2M,,none,0.000,,Photographs taken at one-hour intervals during a walk from Galveston Island to the West Texas town of Marfa.,
TCK6IZ9T,,none,0.000,,Hotel Oracle,
PW6T4XZI,,none,0.000,,Dangerous women : from the collection of Peter J. Cohen ; edited by Melissa Catanese.,
4ECTE5RJ,,none,0.000,,The Weimar file,
UQN7EWJ4,,none,0.000,,The sun shone glaringly,
E98Z7IRM,,none,0.000,,Photo-rapide,
4X5S39UV,,none,0.000,,Taxi Bamako : Mali 2010-2011,
566PNJJ7,QRGVGYBQ,title,0.950,,Sheherezade : a flip book,Sheherezade : a flip book
PT3T86KJ,,none,0.000,,Kitchen stories from the Balkans,
X6VXAJ6R,,none,0.000,,Dalston Anatomy,
ABQHH4JP,,none,0.000,,Uniforms,
Q2AVYL4M,,none,0.000,,High tide,
PSZYL93G,,none,0.000,,Voir la mer,
ES6MTPZS,,none,0.000,,Lucid deliberations,
NXJ8GFXU,,none,0.000,,Libro no. 1 (Caja negra),
9FMJ3YJ5,,none,0.000,,[地书 : 从点到点]. / [Di shu : cong dian dao dian].,
HS9B22Y9,,none,0.000,,Never realized,
XY9DI4TS,,none,0.000,,Canto a Matanzas,
5P6M8NR6,,none,0.000,,Poetree,
NPRQTH33,,none,0.000,,101 soluciones para salir de la crisis,
AA3ECE3F,,none,0.000,,Aleluya de besos,
FCJ86SP2,,none,0.000,,Amor : 20 poemillas de amor,
5Q7SJ9UG,,none,0.000,,Para tomar medidas micropoéticas,
IPEGT3Z4,,none,0.000,,Los borradores salvajes,
6MRNJ5CA,,none,0.000,,Clementina,
IZ7ZQQZG,,none,0.000,,67 improved papertigers not afraid of repetition,
QLFH7YC9,,none,0.000,,El gordo de los boleros y otros cuentos,
IB4ENNE3,,none,0.000,,The artist book,
K8YUWEVJ,,none,0.000,,Luz : poemas (trans)fronterizos = Light : (trans)border poems,
FHDWLYSR,,none,0.000,,"Solo quiero que me salven las palabras : antología, 1985-2010 / Pilar González España.",
KRRP83QN,,none,0.000,,La maga,
468LWD2F,,none,0.000,,Bocadito al amanecer,
3WM25BTE,,none,0.000,,Ballena blanca,
3QGCF4XA,,none,0.000,,Parpadear.,
PFNU3XPA,,none,0.000,,Siri Aurdal,
QHR8VFLZ,,none,0.000,,33RPM : playlist revolucionario,
MKYV5CFB,,none,0.000,,Posconflicto,
5XPZBE9G,,none,0.000,,Presente,
LJKGB943,,none,0.000,,M.L.C.P. : liberación de la planta de coca : en tres actos (movimientos),
VKEPS3KW,WV85WPUH,fuzzy,0.789,yes,Techo,Echo
LX3H4D4C,,none,0.000,,Mano de obra,
TKKX3PDX,,none,0.000,,Aguacates,
2BWY8S34,,none,0.000,,Chamamé,
Z6RHPCAT,,none,0.000,,En el fin del mundo,
L38NFWL7,,none,0.000,,Antejardines,
EQQUC9IQ,,none,0.000,,27 poemas y un vacío,
RNVLSHGE,,none,0.000,,Affluenza,
7RNL2PHX,,none,0.000,,Crease folds,
D3PBWC2Q,,none,0.000,,There's no place like time : a retrospective,
ABNT6FDG,,none,0.000,,Channel & flow.,
MRZGYRF3,,none,0.000,,Playful subversion,
AE8FNKMW,ZX6DJLD4,title,0.950,,Exhausted geographies.,Exhausted geographies.
7XK8EGQ5,,none,0.000,,Mi destino está en tus manos,
4K9U8NHI,,none,0.000,,Silent histories,
KK9IRSXU,,none,0.000,,Malos entendidos,
4JXBWP4E,,none,0.000,,Pequeña biblioteca de conocimiento frívolo y ocioso,
UP3XSQ6B,,none,0.000,,Argyle Lane,
CUTDCKXH,,none,0.000,,Negative publicity : artefacts of extraordinary rendition,
2K8CS9KR,,none,0.000,,Now will not be with us forever,
Q9TVBZGJ,,none,0.000,,Nationalfeiertag,
PKGJJCGB,,none,0.000,,Tratado del oxido : teoría de Bell y los relojes invertidos,
Y4IBMLKY,,none,0.000,,Schengen's kit : rules and advices for survival of refugees at sea : content: instructions on a funeral body bag in a plastic envelope.,
U3BJIXIE,,none,0.000,,Nada para el destino = Nothing for destiny,
XXI3AB52,,none,0.000,,Cuerpo de niño triste,
RSGVH7R8,,none,0.000,,Performing an archive,
MYQXRZWG,,none,0.000,,Alex Hubbard : eat your friends.,
H6NFPIFP,,none,0.000,,C M Y,
CSVYJVDI,,none,0.000,,Las reglas del arte : guía práctica para alcanzar el éxito,
F5XMI2TG,,none,0.000,,Performing an archive,
BYUCTBW9,,none,0.000,,Polen,
3R7F93SL,,none,0.000,,Las cosas que te podrán pasar hasta que te encuentres una pareja,
52R3JDXG,,none,0.000,,Gathered leaves,
RVT47GGS,,none,0.000,,Genesis,
ZN297Z3H,,none,0.000,,La muerte de los objectos,
8GLPYRJ2,,none,0.000,,Big Bill's tattoos and tattoo laser removals : tattalogue. Part 1,
LSKMWY8K,,none,0.000,,I ching #64 'unfinished'.,
QC7N6Q85,,none,0.000,,I ching #3 'difficulty'.,
ZLY2F2LB,,none,0.000,,Captive = Asīr,
AWWV23WS,,none,0.000,,زيبايان در آتش مى‌ميرند / Zībāyān dar ātash mīʹmīrand,
J7ZRZ6DC,,none,0.000,,كيف تلتئم : عن الأمومة وأشباحها / Kayfa taltaʼim : ʻan al-umūmah wa-ashbāḥihā,
NVCMP85X,,none,0.000,,ص‌ص‌س : كيف تحاكي صوت الساحل باستخدام يدين وسجادة / Ṣṣs : kayfa tuḥākī ṣawt al-sāḥil bi-istikhdām yadayn wa-sajjādah,
XN5IQDI6,,none,0.000,,"تو نيامدى بهنگام، جاى تو سر شب آمد = You didn't arrive in time, dusk fell instead / Tū nayāmadī bi-hangām, jā-yi tū sar shab āmad = You didn't arrive in time, dusk fell instead",
XG34DC37,,none,0.000,,Conglomeration,
LS3KBVE6,,none,0.000,,Cosmic testament,
7NCQ4LYY,,none,0.000,,Memory of Al-Mutanabbi Street,
T82F7Z7U,,none,0.000,,Fragments de vie quotidienne,
7BBCFMBI,,none,0.000,,كيف تختفي / Kayfa takhtafī,
N2GVS8TH,,none,0.000,,Hashti Tehran = Hashtī-i Tihrān,
8NNMXWTU,,none,0.000,,كيف تعرف ما الذي يجرى حقا / Kayfa taʻrifu mā alladhī yujrá ḥaqqan = How to know what's really happening,
CBTCWZ2D,,none,0.000,,Making cathedrals,
CTPCXCHC,,none,0.000,,"Sidewalk salon, Cairo = صالون الرصيف / Sidewalk salon, Cairo = Ṣālūn al-raṣīf",
37P86AJJ,,none,0.000,,Place: Keresht - time: 2014-15 = مکان: کرشت - زمان:1393-4 / Place: Keresht - time: 2014-15 = Makān: Kirisht - zamān:1393-4,
XPV8EM77,,none,0.000,,Naseri's road = راه ناصرى / Naseri's road = Rāh-i Nāṣirī,
HD7GS484,,none,0.000,,Message in a bottle,
KWVCNB66,,none,0.000,,پمپ بنزين = Gasoline station / Pump-i binzīn = Gasoline station,
8S9QX7PJ,,none,0.000,,Resolution,
PA6NQQ8I,,none,0.000,,Stranger,
LKQLU3H2,,none,0.000,,Tres poemas = three poems,
EC55TB6L,,none,0.000,,Del trovador,
ZYN7DVSI,,none,0.000,,El titiritero Florencio : poemas y rondas de Salvador Lemis ; selección y notas: Ruben Dario Salazar ; ilustraciones: Zenén Calero.,
FSJCJQ4W,,none,0.000,,Pescador de eneros,
LBWAAGTX,,none,0.000,,Canción sin nombre,
4S2DVX4U,,none,0.000,,Walking,
QUYSW2NI,,none,0.000,,Sebevražda image,
DP8P7RWF,,none,0.000,,We were drawn here = ما اينجا ترسيم شديم / We were drawn here = Mā īnjā tarsīm shudīm,
3IJCPKSL,,none,0.000,,[Chumbe weaving],
3KR6GEM2,,none,0.000,,The mercenary,
GJPMIFGS,,none,0.000,,In Achikoli iwan in Temilo = El Achikoli y el Temilo,
SHRS7HZI,,none,0.000,,#Metoo on Instagram : one year later,
UG2789D5,,none,0.000,,Tomorrow's man 3,
MAW2XFS8,,none,0.000,,43 : cuarenta y tres,
LXFELZNI,,none,0.000,,Chronicles of migration : rearrange and recount,
6BC85DJU,,none,0.000,,Migrar,
C5MWYI8G,,none,0.000,,Transforming hate : an artist's book,
ZIK956Q3,,none,0.000,,The north wind and the sun,
NM55DLTN,87H2AQ6Q,title,0.950,,Panorama,Panorama
3RNMJTA2,,none,0.000,,Habitat,
URAFUIAI,,none,0.000,,"""Typeface"" on player piano paper.",
4SR58AEX,,none,0.000,,La prose du Transsibérien et la petite Jehanne de France,
LNDWPMZ6,,none,0.000,,You are,
YSP4Q7ML,,none,0.000,,I am,
7PDQ45KQ,,none,0.000,,Typo bilder buch : von Hand gesetzt und auf der Handabziehpress gedruckt,
8XJXB9AT,,none,0.000,,Mis tortillas para Valentina,
HMNNFR3Q,,none,0.000,,Ecce homo,
3TSKG6YQ,,none,0.000,,A view of affect : a treatise on the heart and other significant hearts,
8ETZST8W,,none,0.000,,Particle theory,
GIEE4QSQ,CE8YTMRT,title,0.950,,"If you sleep on your other side, it will go away","If you sleep on your other side, it will go away"
LNGHZZCQ,,none,0.000,,Serif im,
7UM7A8ZX,,none,0.000,,Oostamera,
2W3DHL2W,,none,0.000,,The grass is greener,
MCYNPLMG,,none,0.000,,The tornado treaty,
M65HL79T,,none,0.000,,Long story short : home is where the heart is,
FJZFMSAC,,none,0.000,,Keep coming back,
GRUU9TTY,HH5GIC3E,title,0.950,,Interference,Interference
7L8GFYGW,,none,0.000,,Money,
BKVQ3AWE,,none,0.000,,The dog bite,
S2XYCBW3,,none,0.000,,Evidence of living,
5Z8AQNNW,,none,0.000,,Insomnia.,
8Q4URHHN,,none,0.000,,Kem dreams while Russia sleeps,
7XK4SEMP,,none,0.000,,Big man on the dot,
9KY8A7ZF,WDBVDSH6,title,0.950,,Parallax,Parallax
6RHFECJS,W48KLTKW,title,0.950,,Space + time,Space + time
6BZ7HLBD,,none,0.000,,Motorcycles from around the world,
LQXW5G7I,,none,0.000,,The pink mat monster,
DHSN7NX8,,none,0.000,,For nothing changes -- yet and now 1998.,
79NJTA6J,QA2BN7XW,title,0.950,,Desire : the collective unconscious,Desire: the collective unconscious
9553SGM8,,none,0.000,,I found it when I stopped looking,
VNBKYH28,,none,0.000,,A simple guide to life,
3JM8WQ5E,,none,0.000,,How people were created and why there are multiple variations of us : an Asian children's story told to me when I was little,
XN7E3NL2,,none,0.000,,Post colonial girl paper doll,
YCREWFAW,,none,0.000,,Post colonial girl paper doll,
NQ3LRV3F,XDL8DE2V,title,0.950,,"Word rain; or, A discursive introduction to the intimate philosophical investigations of G,r,e,t,a, G,a,r,b,o, it says.","Word rain; or, A discursive introduction to the intimate philosophical investigations of G,r,e,t,a, G,a,r,b,o, it says."
EC6AIQC8,,none,0.000,,Lovelines in the nineties,
6UZDCHMB,,none,0.000,,Perpetual motion,
XM49AQ3J,,none,0.000,,Wish list,
GH9T24ZP,,none,0.000,,Dirty,
6V24DZGT,,none,0.000,,Rough rider,
UHTNCU5Y,W99EI378,title,0.950,,The Anti-Warhol Museum : proposals for the socially responsible disposal of Warholia,The Anti-Warhol Museum: proposals for the socially responsible disposal of Warholia
LZU6LK2A,,none,0.000,,Will you marry me?,
FFWYIRFV,,none,0.000,,"Rachel, Monique...",
49856SFS,,none,0.000,,Strip tease,
ETY3IKDB,,none,0.000,,Oral/aural [written] : a book,
MSNANC55,,none,0.000,,Me garden,
D3BBZSD8,,none,0.000,,Dottie's closet : paper dolls,
23MVGN5E,,none,0.000,,The relative sizes and amounts of things,
T6J4P8QD,,none,0.000,,Distraction,
LVFKI2FS,I38ULPLF,title,0.950,,In case of emergency,In case of emergency
XQT3LGA5,,none,0.000,,A seat at the table,
ZJXPSGQQ,,none,0.000,,The epic love story of a warrior,
7QKTKXKY,,none,0.000,,Writing in threads : weaving language,
VJ5CYRC3,,none,0.000,,Angry white men,
VUJ7DGS2,,none,0.000,,Text means tissue,
73H9JULE,,none,0.000,,Vision shifts,
8VVDN58X,,none,0.000,,Transplant,
EE2G4D3G,,none,0.000,,A house without a roof = Bayit beli gag = Bayt bi-dūn saqaf,
T9Z3HK8B,,none,0.000,,Eden,
4B4C4RQA,,none,0.000,,Intimita,
LUVZNVK7,,none,0.000,,Ingress/Egress,
9PJI2BWE,,none,0.000,,E scapes 016,
4J8FT3DZ,,none,0.000,,Ladies first,
6AHTK9BA,,none,0.000,,"María Sabina, en busca del Cristo Negro",
N6MS49VS,,none,0.000,,Ayotochtli,
2IBCXQYL,,none,0.000,,Cuento otomí,
2D8EFSYK,,none,0.000,,De cuando no habia agua : cuento yaqui,
J67LWEK4,,none,0.000,,"Mercado de Portales, D.F., mercado de Oaxaco, Oax. : fotografías de José Murciano.",
C9VHHSKK,,none,0.000,,Fotografías,
AW3CJVYF,,none,0.000,,Canasta de pan : fotografías de José Murciano.,
VPESHABB,,none,0.000,,Escribir pintado.,
F8S4EVT6,,none,0.000,,Lo feo = The ugly thing,
CYCELGIH,,none,0.000,,Radar,
WLDPW9UN,,none,0.000,,El trabajo del hacha = The work of the axe,
Z2TT2U83,,none,0.000,,"Meñique, Meñique",
R82T63HU,,none,0.000,,Swamp,
E36VNQW8,,none,0.000,,Floodgate companion,
8ATP5UPR,,none,0.000,,La hinteligencia militar,
4YUX9JUH,,none,0.000,,LibroPhone,
H3N5KUVR,,none,0.000,,"Derechos de los animales : declaración universal de los derechos del animal, Liga internacional de los derechos del animal, Unesco, Onu, 1978",
75FLDPPF,,none,0.000,,Shock and awe,
LPQSMD9D,,none,0.000,,Wings of a ragtag quest : chronicles of a passionate pursuit of appliqué,
RSWWW5IW,,none,0.000,,ReSound,
QPZ27LPW,,none,0.000,,Riverine,
RBE96YUF,,none,0.000,,Por la banqueta,
QC27HBYQ,,none,0.000,,The epic love story of a warrior,
GFI2FYY8,,none,0.000,,"""De lo que no se puede hablar, hay que callar"" : última proposición del Tractatus Logico-Philosophicus de Wittgenstein reescrita en cajeros del supermercado.",
U69QNZRC,,none,0.000,,Pornotapados,
K63DY25S,,none,0.000,,Look London look,
KU7FXYFX,,none,0.000,,"Hells Hollow, Fallen monarch",
BBSPA372,UX454NTD,title,0.950,,[Altered book],Altered book
L3B8G4YQ,,none,0.000,,Irish Channel 7,
F989DKF2,,none,0.000,,Asemic figures.,
S4H4FNRG,,none,0.000,,Paginations : an exhibition of bookworks from the collection of the Sterling and Francine Clark Art Institute Library.,
KJ6ZZLEF,,none,0.000,,Run book 4-8 : Edit,
WKZH4LVF,,none,0.000,,I blame Jordan,
QUSNUXUS,,none,0.000,,Especias,
566FGEFI,,none,0.000,,Sierra suite : (overheard),
P4I22GHD,IGQAAHAS,title,0.950,,Brick wall,Brick wall
P7A32W3Q,,none,0.000,,Le petit poucet : une imagerie d'après un conte de Charles Perrault,
KBXCMHGF,,none,0.000,,Orison,
RZEMGHH9,,none,0.000,,Versus,
DJ65PKFX,,none,0.000,,Notes on breadth/notes on longing,
N9YFMRAC,,none,0.000,,Nada para el destino = Nothing for destiny,
BSBQ5LZA,,none,0.000,,I want a president,
XKE4K3W7,,none,0.000,,(rrr),
K9WR277H,,none,0.000,,In alphabetical order,
SN5C56PQ,,none,0.000,,Smile & nod,
FSM3KNIN,,none,0.000,,La búsqueda de la felicidad,
CZE89VUA,,none,0.000,,Insectario,
5PZKVJJW,,none,0.000,,Transmigration : structures of life and death.,
44IPMI22,,none,0.000,,Kajal.,
EQMBIS7A,,none,0.000,,How to spell the fight : fish and fire,
UQPSGCVU,,none,0.000,,Evidence of living,
AA4X6M4H,,none,0.000,,ما شاء الله بهت زبردست / Mā shāʼ Allāh buhut zabardast,
DJVUT7UH,,none,0.000,,Jmenuji se Hladový Bizon,
T5K32G4A,,none,0.000,,Calibán y la bruja [postales].,
LCVLCX9S,,none,0.000,,Caosmos,
6LZ6SUZY,,none,0.000,,Album primo-abrilesco,
FLGFS2LP,,none,0.000,,16 fotos que no tomé,
I3YYKYZI,K86CJU3Z,fuzzy,0.833,yes,Drawings,Drawing
4IYRE6P6,,none,0.000,,The photograph : an eidetic reduction,
ZNZHIV6Q,,none,0.000,,The architectural poetic of Clotilde Lauwerys,
YU2H7YY5,,none,0.000,,Branches and leaves,
SV2LB93R,,none,0.000,,River mouth,
WKPH2VG8,,none,0.000,,William points,
S2JZXXAA,,none,0.000,,"Natural selection, or, Everything you'll never know (in 1974)",
JM7KXHNI,,none,0.000,,Ink blot bug book,
TDCUTL4Y,,none,0.000,,Concerning roundabouts,
IQ94FDGZ,,none,0.000,,Thirtysix views of #mtfuji,
HNELRMZJ,,none,0.000,,H sapiens : there must be more to life,
39BHSX9B,,none,0.000,,JAB Hatch.,
KHVSQCUG,,none,0.000,,Colección 45 RPM.,
3CLJJJUE,,none,0.000,,Malovat slunce,
WXYMV79K,,none,0.000,,Quitonasto Form Chanmair Mao Tungest,
DWTPIG26,,none,0.000,,An inflammatory guide : banned & challenged books you should read,
6C2P9MX4,,none,0.000,,Manual de simbología para una afección cardiaca,
LS5PV84Z,,none,0.000,,Manual de simbología para una afección cardiaca,
6D2HLT6A,,none,0.000,,Libro postal,
8NUHR3R2,,none,0.000,,Diccionario de emociones oscuras = The dictionary of obscure sorrows,
7N2AGNCE,,none,0.000,,"Name, thing, thing : a primer in parallel typographies",
ZCRKMD8B,,none,0.000,,Taking receipts : a log of aggression for people of color,
77TUFTYU,,none,0.000,,A mistake is a beautiful thing,
KQ6DNBBQ,,none,0.000,,地図 / Chizu,
9PXADZ3T,,none,0.000,,Nic si o tom nemyslet,
3W95A2M6,,none,0.000,,A brief and exuberant history of Carnival = Una breve y exuberante historia de Carnival,
8UEXGY2S,,none,0.000,,The proposition of landscape,
PCTAHWMM,,none,0.000,,Audibility = Audibilidad,
QPXEI2VV,,none,0.000,,La guerra entre el maíz y el arroz,
L9858XFC,,none,0.000,,Pedro el esponjoso,
MMFXWFDT,,none,0.000,,Que luz estarias a ler?,
ZQ65SDKJ,,none,0.000,,José el glotón,
PMI9MHQ7,,none,0.000,,Dawn mission,
6AXLYZ3E,,none,0.000,,Hands on,
YITEDFE2,,none,0.000,,Museum Bhavan,
SEIS97FS,,none,0.000,,Nieve,
H9WMRFHW,,none,0.000,,"[Insects, an artist's book].",
9INHX9JM,,none,0.000,,"Obsessed : golf & marriage, a cautionary tale",
2MZUGSET,,none,0.000,,Re-membrance of the remembrance,
J458BVLL,,none,0.000,,Villa : A Visit to Villa Savoye and Drawn as if an Island,
DD4C6A5D,,none,0.000,,Niña cucaracha = Cockroach girl,
VKWNTXMD,,none,0.000,,Os acrobatas = The acrobats,
GBIF479G,,none,0.000,,¿Hay en portugués?.,
TFZNUIC7,,none,0.000,,Fábrica de conocimiento,
5F2VZ9LU,,none,0.000,,Escuela de Garaje : vol. intemperie.,
SSNZ28IZ,,none,0.000,,"Drogas, sexo, rock 'n' roll.",
ZQYVPMV8,,none,0.000,,Pornotapados,
DKYULI6R,,none,0.000,,Electro domésticos classificados,
8VVL4XQ7,,none,0.000,,Toma lá dá cá,
ZJMUWHNM,,none,0.000,,"Cadencia, carne candente : sorbo de cuerpos que no dejan de moverse, expandiéndose en una dimensión fugaz, relinchando palabras que definan el sueño de una vida imaginaria = Beat, blazing flesh : a sip of bodies which do not stop moving, spreading in a shooting dimension, neighing words which define the dream of an imaginary life",
6BE8RLEX,,none,0.000,,Edipo rey de Arkadi Avérchenko,
AF7HGVGQ,,none,0.000,,Se nos diría que publicar espacio es otra cosa,
N7842N3N,,none,0.000,,Jardines,
6PH8HALJ,,none,0.000,,Shallow learning,
4YQIWAKC,,none,0.000,,Deliberate operations 4 : no analog state,
WL9HTHU6,,none,0.000,,"Deliberate operations. Issue no. 3, Full empties",
NBAKPB78,,none,0.000,,A measure of silence : works on paper,
9F6Y5QBP,,none,0.000,,Sarah Crowner : Format.,
KILJAJ2D,,none,0.000,,A grocer's orgy,
YW4DQEJ3,,none,0.000,,Primer / Matthew Craven.,
MQ2WLD23,,none,0.000,,"José Martí, la berenjena sublime y el sordido pendejo",
HA7KCJ8L,,none,0.000,,María Cano : roja muy roja,
IX22R2VB,,none,0.000,,Nosce te ipsvm,
J495JUND,,none,0.000,,De las mujeres y el no tiempo,
AHZZP9XL,,none,0.000,,Linha Vermelha,
8PTXNY8I,,none,0.000,,Go-rilla means war,
2CXL4CCJ,,none,0.000,,Our phenomenal world,
95DIQBY8,,none,0.000,,A's Rosen war,
EWDECAL8,,none,0.000,,Trumped up empathy.,
KCSPZPTW,,none,0.000,,Nancy Reagan is killing me,
QFTTGVWQ,,none,0.000,,Landscapes of the late Anthropocene,
XUNKI7T4,DKWCVTTB,title,0.950,,Breathe.,Breathe
TJPB43HK,,none,0.000,,Avistamientos,
L7VCRUPY,,none,0.000,,El escudo de la regeneracion,
VIRGHDXH,,none,0.000,,"Dentes, frascos e fósforos",
IBRBKFYX,,none,0.000,,Atravessamentos,
GAJBGCFM,,none,0.000,,Anotações noturnas,
5HBRB528,,none,0.000,,Como construir um modelo vivo,
7KVJ7UIJ,,none,0.000,,Perímetro,
EKFFHIX6,,none,0.000,,Ottoman paper carpets,
Z67GHMME,,none,0.000,,Computed curation,
SWP5DNW2,,none,0.000,,La prose du Transsibérien re-creation,
FB5FGV7V,,none,0.000,,Solaris,
XCX65JQA,,none,0.000,,Your machine is attacking others,
8XT6HJSL,,none,0.000,,Psychotic erotic,
YYMMGL4D,,none,0.000,,The swamp,
SQEGRSTM,,none,0.000,,Tomorrow's man 4,
SSXVVYVE,,none,0.000,,Piute Creek,
5YWZAKSA,,none,0.000,,Political terms : leaving impressions.,
DEKUY95I,,none,0.000,,Gymnopaedia no. 5 : a day without words,
SM8NSD5G,,none,0.000,,Fake art!,
MLBQRNYZ,,none,0.000,,Flashpoint.,
X6SRYS58,,none,0.000,,In war 1940-,
G3BK2MZQ,,none,0.000,,Thank you for your interest in this subject,
KSV96YKT,,none,0.000,,Abstract browsing,
AZ5YHEIK,,none,0.000,,Real Nazis,
9FU9RMRX,,none,0.000,,Augusta,
N7DPVS3X,,none,0.000,,T.S.,
BKNRPZRY,,none,0.000,,"Dicionário = : dictionary : Ana Martins Marques, Fabio Morais, Gonçalo M. Tavares, Marilá Dardot, Rodrigo Moura",
WUFJ74UX,,none,0.000,,Ladi miati' : lotería de las partes del cuerpo humano en zapoteco de Juchitán,
RZ7ULMAX,,none,0.000,,Mis noches salvajes,
JXV2WPEU,,none,0.000,,Primer intento,
EQTXEJXW,,none,0.000,,Do you know this tree? = Bu ağacı tanıyor musunuz?,
GJ9NDUHS,,none,0.000,,"Palarva, Paulo Bruscky",
47EWWGYW,,none,0.000,,Livro do desassossego: imrpovisações gráficas,
8J6IA73L,,none,0.000,,Dossiê Cruzeiro do Sul = Southern Cross dossier,
5V5P5QYW,,none,0.000,,Esquecimento,
B8VL75MF,,none,0.000,,Women with cameras (anonymous),
YDMNTVJW,,none,0.000,,A new nothing,
BAJEACPN,,none,0.000,,Dominion,
QD325LK6,,none,0.000,,INoN,
Z4XGAWTT,,none,0.000,,Four red duotones,
BEA5N4L6,HA6VMW7H,title,0.950,,Television,Television
4W5UTXL4,,none,0.000,,The day of the rope,
QI3LNRFR,,none,0.000,,Look back,
9F8VCLRI,,none,0.000,,"Fierce power, bad fate",
QGDD9FGD,,none,0.000,,Facing,
NW4PQ9DM,,none,0.000,,"Typographic samples, pictures & polemics",
NA8XRDUS,,none,0.000,,Burning in the dark,
ZK6USGXV,,none,0.000,,Warwick Mountain series : photographs,
A3XLU2PS,,none,0.000,,Lupus viator ...,
JA37KPZN,,none,0.000,,Bobby : book nr. 100,
JZJSJKVW,99HFQJQH,title,0.950,,Instructions for assembly : three how-to projects that will improve your life,Instructions for assembly : three how-to projects that will improve your life
LEMY9PQV,,none,0.000,,Testify! : Vietnam veterans in photographs & interviews,
YGVJRI4Y,GURAG9JG,title,0.950,,(Ho + go)² = it,(Ho + go)² = it
D82S64UT,,none,0.000,,"Joni Mabe's classic postcard book : from her museum of obsessions, personalities, & oddities.",
N5NIM2CV,,none,0.000,,B[backward e]o,
K7ILPDU3,,none,0.000,,Per-sist-ent ster-e-o-types,
72I5L86W,,none,0.000,,The Acme Theatre very great poets series anthology. vol. II,
CY2TGWQJ,F3KU7F6S,title,0.950,,A portfolio of piles.,A portfolio of piles.
CJ6QJUF7,,none,0.000,,23 microcuentos,
NZ5NM3WY,,none,0.000,,"Various small fires and 4,000 refugees",
XJ6TNJSP,,none,0.000,,The Puerto Rican war,
NPRJMNHQ,,none,0.000,,Proof : photographs from the collection of Robert E. Jackson,
7B2F97TD,,none,0.000,,"Un libro biblioteca : un libro dentro de un libro, un libro dentro de una biblioteca, una biblioteca dentro de un libro, un libro biblioteca, una biblioteca libro",
ZYS8GMX2,,none,0.000,,Festschrift for Bill : in celebration of book arts.,
3C827A4Q,,none,0.000,,Escurecendo s fatos,
G347E7IL,,none,0.000,,[Chair City oral history book series],
693Y359F,,none,0.000,,Antillean lacunae : points of departure,
KJJ35ILT,,none,0.000,,Parade of the old new : panorama ; The troublemakers : history painting in the real world,
C8TR84N6,,none,0.000,,Stop war = Net Voyne!,
2B2582MX,,none,0.000,,Sierra suite : (overheard),
EED7JCA6,,none,0.000,,Sierra suite : (overheard),
YCBUFLK2,,none,0.000,,Infinite snakes,
23EMIBFV,,none,0.000,,"""Ich hatte viel Bekümmernis in meinem Herzen, aber deine Tröstungen erquicken meine Seele"" : eine Reflexion in Bildern über die Kantate BWV 21 von Johann Sebastian Bach",
NXRQCFWG,,none,0.000,,How books work,
IT9YAY5Z,,none,0.000,,Fuerza Aérea Zapatista.,
PXCQU5L6,,none,0.000,,Fragments of the peculiar institution,
IA54GVQX,,none,0.000,,Fragments of the peculiar institution,
6QQIZA6F,,none,0.000,,"First impressions : when was the first time you experienced being ""the other?""",
X8GT46UM,ZX6DJLD4,fuzzy,0.833,yes,Exhausted geographies II,Exhausted geographies.
ZWZ8TWIM,,none,0.000,,De novo,
PLXEZ6SH,,none,0.000,,Cuentos de cien palabras,
BZN57E3A,,none,0.000,,Blurting in A&L : an index of blurts and their concatenation (the Handbook) constitutes a problematic ...,
M4L4B745,,none,0.000,,Blueprints,
DNTS73TK,,none,0.000,,Black Creek,
YMDF8P2E,,none,0.000,,Basic lights : I swear this is the last cigarette I will ever smoke.,
7B8YM59H,,none,0.000,,Wrongly bodied : documenting transition from female to male,
8KQHRYNE,,none,0.000,,Tráfico gráfico,
KUV6NXNS,,none,0.000,,Knüller woodcut prints,
VGZFX4R6,,none,0.000,,Mourning/Warning. Numbers and repeaters,
GUFAHLE5,,none,0.000,,Hoy todo sale bien,
37PNYTWT,,none,0.000,,Lembrança de Nhô Tim,
WU9LKNLW,,none,0.000,,Filipino folk foundry,
AEH4PKA9,,none,0.000,,"Christopher Williams : normative models : 05. Mai - 29. Juli 2018, exhibition no. 547, Kestner Gesellschaft",
2JCX84TY,,none,0.000,,"Christopher Williams : normative models : 05. Mai - 29. Juli 2018, exhibition no. 547, Kestner Gesellschaft",
UK4ALEJH,,none,0.000,,"Name, class, subject",
TJEXM6ME,,none,0.000,,28 days : a deck of cards,
Q7GM2XJS,,none,0.000,,28 days : a deck of cards,
FCVVSAWF,,none,0.000,,Eternal friendship,
ICX3X4IQ,,none,0.000,,The prospect of immortality,
WUC8KKIX,,none,0.000,,Michael Landy : break down inventory,
VZDF4P8Z,,none,0.000,,Doctor Mister Miracles's guide to miracle-making : a manual (abridged).,
IMD73QFP,,none,0.000,,"Another water : (the river Thames, for example)",
NWCXKVJY,,none,0.000,,Got a minute?,
LABAHRNC,,none,0.000,,Look back,
56ALC5R2,,none,0.000,,Big man on the dot,
FWSWMASH,KBHG9EJS,isbn,1.000,,A girl's life,A girl's life
T3KKZBKH,KBHG9EJS,isbn,1.000,,A girl's life,A girl's life
QYYS38VA,,none,0.000,,"Two hundred books by Keith Smith : book number 200, an anecdotal bibliography",
GHPSVHUJ,,none,0.000,,Eden,
Z9IFVZFI,3VINCA44,title,0.950,,Otherspace : Martian ty/opography,Otherspace : martian ty/opography
L6RVT6FN,,none,0.000,,Come again,
MKY9XUW9,,none,0.000,,Poems by Richard C.,
HL536IZV,,none,0.000,,Flag book : interaction towards a better world,
ZRURVZ2G,,none,0.000,,Libro quemado = Burnt book,
K2JZRGUL,,none,0.000,,How to make flipbooks,
MKPJRPYM,,none,0.000,,Ohio,
ELUGCBUC,QN9DCR8N,title,0.950,,Book from the ground : from point to point,Book from the ground : from point to point
JTVAZ2ZZ,,none,0.000,,Iceberg,
TY57FHA8,,none,0.000,,I'm about to 'read' a photo book,
