citedItemKey,n,refItemKey,method,confidence,review,refTitle,citationText
226R6HJK,1,BEGEG5AI,substring,0.950,yes,Artists books,"Lyons, Joan. Artists' Books : Visual Studies Workshop Press. Rochester: Visual Studies Workshop Press, 2009. pp.78, 164."
24YJ4MQA,1,A5RE4482,substring,0.990,,Artists' books : the book as a work of art 1963-2000,"Bury, Stephen. Artists’ Books : the Book as a Work of Art 1963-2000. London: Bernard Quaritch Ltd, 2015. pp.17, 38, 45, 178."
24YJ4MQA,2,BCG5FURQ,substring,0.990,,The century of artists' books,"Drucker, Johanna. The Century of Artists’ Books. 2nd ed. New York City: Granary Books, 2004. pp.178, 179, 276."
24YJ4MQA,3,6QJ3APUK,substring,0.990,,What is?: nine epistemological essays,"Drucker, Johanna. What Is : Nine Epistemological Essays. [Victoria, Texas]: Cuneiform Press, 2013. p.33."
24YJ4MQA,4,94CKQLVX,substring,0.990,,Artists' books : a critical anthology and sourcebook,"Lyons, Joan. Artists' Books : A Critical Anthology and Sourcebook. Rochester: Visual Studies Workshop Press, 1985. p.46."
24YJ4MQA,5,SGBJXYRF,substring,0.990,,Esthétique du livre d'artiste 1960/1980 : une introduction à l'art contemporain,"Moeglin-Delcroix, Anne. Esthétique Du Livre D’artiste 1960/1980 : Une Introduction à L'art Contemporain. Nouv. éd. rev. et augm. Marseille: Bibliothèque nationale de France, 2012. pp.XVII, 20, 38, 249, 250, 434."
24YJ4MQA,6,DHC5ATH7,substring,0.990,,Livres d'artistes,"Moeglin-Delcroix, Anne. Livres D’artistes. Paris: BPI, Centre Georges Pompidou, 1985. pp.79, 80."
24YJ4MQA,7,FAEUXXHV,substring,0.990,,Booktrek : selected essays on artists' books (1972-2010),"Phillpot, Clive. Booktrek: Selected Essays on Artists’ Books (1972-2010). Zurich: JRP/Ringier, 2013. pp.220-221, 225, 228, 265."
24YJ4MQA,8,MN3CW7FZ,substring,0.990,,Artists and their books - books and their artists,"Reed, Marcia, and Glenn Phillips. Artists and their books - books and their artists. Los Angeles: The Getty Research Institute, 2018. pp.158, 160-161, 208."
24YJ4MQA,9,T5WUKIXI,substring,0.990,,Multiples: the first decade; [catalogue],"Tancock, John L. Multiples: the First Decade; [Catalogue]. [Philadelphia]: [Philadelphia Museum of Art; distributed by Boston Book and Art, Boston], 1971. p.[94]."
24YJ4MQA,10,JV2JKULL,substring,0.990,,Various small books : referencing various small books by Ed Ruscha,"Taylor, Phil. Various Small Books: Referencing Various Small Books by Ed Ruscha. Cambridge, Massachusetts: MIT Press, 2013. pp.11, 24, 25, 27, 56, 61, 74, 151."
24YJ4MQA,11,E8MAPXUI,substring,0.990,,Learn to read art: artists' books,"Tousley, Nancy, Felipe Ehrenberg, and Sally Alatalo. Learn to Read Art: Artists' Books. Hamilton, Ont: Art Gallery of Hamilton, 1990. p.10."
24YJ4MQA,12,SUH3PR5D,substring,0.990,,Diamond leaves : artist books from around the world,"Xu, Bing, Bingyan Liu, Yue Sun, Marshall Weber, Mark G. Dimunation, Xun Jiang, John Koh, and David Senior. Diamond Leaves: Artist Books from Around the World. Guilin Shi : Guangxi Shi fan da xue chu ban she, 2015. pp.69-74."
28QX2N42,1,KB2E34DZ,substring,0.990,,Artist/author : contemporary artists' books,"Lauf, Cornelia. Artist/author : Contemporary Artists’ Books. New York: American Federation of Arts, 1998. pp.36-37, 46, 51, 82, 84, 88, 157."
28QX2N42,2,JHBWPGKS,substring,0.990,,Sol LeWitt : artist's books,"LeWitt, Sol. Sol LeWitt: Artist’s Books. Sant’Eraclio di Foligno (Foligno): Viaindustriae, 2009. p.121."
28QX2N42,3,SGBJXYRF,substring,0.990,,Esthétique du livre d'artiste 1960/1980 : une introduction à l'art contemporain,"Moeglin-Delcroix, Anne. Esthétique Du Livre D’artiste 1960/1980 : Une Introduction à L'art Contemporain. Nouv. éd. rev. et augm. Marseille: Bibliothèque nationale de France, 2012. pp.267, 431."
28QX2N42,4,FAEUXXHV,substring,0.990,,Booktrek : selected essays on artists' books (1972-2010),"Phillpot, Clive. Booktrek: Selected Essays on Artists’ Books (1972-2010). Zurich: JRP/Ringier, 2013. pp.250, 264, 268."
2FMAJ6SK,1,EYAM3MR5,substring,0.990,,Creating artists' books,"Bodman, Sarah. Creating Artists’ Books. New York: Watson-Guptill Publications, 2005. pp.77, 78."
2FMAJ6SK,2,5ECYVY6V,substring,0.990,,"Hand, voice & vision: artists' books from Women's Studio Workshop","Walkup, Kathy. Hand, Voice & Vision: Artists’ Books from Women's Studio Workshop. Rosendale, N.Y.: Women’s Studio Workshop, 2010. pp.59."
2LGSRZH3,1,6QJ3APUK,substring,0.990,,What is?: nine epistemological essays,"Drucker, Johanna. What Is : Nine Epistemological Essays. [Victoria, Texas]: Cuneiform Press, 2013. p.55."
2N5AY2W9,1,G7EEP5BC,substring,0.990,,Gerhard Richter : books,"Elger, Dietmar. Gerhard Richter : Books. New York, NY: Gregory R. Miller & Co., 2014. p.29 n8."
2N5AY2W9,2,94CKQLVX,substring,0.990,,Artists' books : a critical anthology and sourcebook,"Lyons, Joan. Artists' Books : A Critical Anthology and Sourcebook. Rochester: Visual Studies Workshop Press, 1985. pp.107, 108."
2N5AY2W9,3,FAEUXXHV,substring,0.990,,Booktrek : selected essays on artists' books (1972-2010),"Phillpot, Clive. Booktrek : Selected Essays on Artists’ Books (1972-2010). Zurich: JRP/Ringier , 2013. pp. 27, 28, 42, 103, 158."
336ZZN7S,1,BEGEG5AI,substring,0.950,yes,Artists books,"Lyons, Joan. Artists' Books : Visual Studies Workshop Press. Rochester: Visual Studies Workshop Press, 2009. pp.122, 153."
3QXLXM2L,1,BCG5FURQ,substring,0.990,,The century of artists' books,"Drucker, Johanna. The Century of Artists’ Books. 2nd ed. New York City: Granary Books, 2004. pp.129-131, 130."
3QXLXM2L,2,BEGEG5AI,substring,0.950,yes,Artists books,"Lyons, Joan. Artists' Books : Visual Studies Workshop Press. Rochester: Visual Studies Workshop Press, 2009. pp.78, 158."
3QXLXM2L,3,L3HFQ2SA,substring,0.990,,Beyond the text : artists' books from the collection of Robert J. Ruben,"Ruben, Robert J. Beyond the Text: Artists' Books from the Collection of Robert J. Ruben. New York: Grolier Club, 2010. pp.90, 91."
3S6VEBTX,1,A5RE4482,substring,0.990,,Artists' books : the book as a work of art 1963-2000,"Bury, Stephen. Artists’ Books : the Book as a Work of Art 1963-2000. London: Bernard Quaritch Ltd, 2015. p.204."
3S6VEBTX,2,94CKQLVX,substring,0.990,,Artists' books : a critical anthology and sourcebook,"Lyons, Joan. Artists' Books : A Critical Anthology and Sourcebook. Rochester: Visual Studies Workshop Press, 1985. pp.66, 67."
3S6VEBTX,3,SGBJXYRF,substring,0.990,,Esthétique du livre d'artiste 1960/1980 : une introduction à l'art contemporain,"Moeglin-Delcroix, Anne. Esthétique Du Livre D’artiste 1960/1980 : Une Introduction à L'art Contemporain. Nouv. éd. rev. et augm. Marseille: Bibliothèque nationale de France, 2012. pp.311, 322, 432."
3VINCA44,1,D2HD5CJR,substring,0.990,,Speaking of book art : interviews with British and American book artists,"Courtney, Cathy. Speaking of Book Art: Interviews with British and American Book Artists. Los Altos Hills, Calif: Anderson-Lovelace, 1999. p. 152."
3VINCA44,2,STSHFPHF,substring,0.990,,Druckworks 1972-2012 : 40 years of books and projects,"Drucker, Johanna. Druckworks 1972-2012 : 40 Years of Books and Projects. 1st ed. Chicago, Ill.: Epicenter, Center for Book and Paper Arts, 2012. pp.5, 66, 71, 78-81, 99, 101, 136."
3VINCA44,3,5JWH4AMJ,substring,0.990,,Offset : artists' books & prints.,"Freeman, Brad. Offset: Artists' Books & Prints. New York, N.Y.: Interplanetary Productions, 1993. p.19."
3ZUC8TKN,1,BEGEG5AI,substring,0.950,yes,Artists books,"Lyons, Joan. Artists' Books : Visual Studies Workshop Press. Rochester: Visual Studies Workshop Press, 2009. pp.90, 162."
469JLCRM,1,A5RE4482,substring,0.990,,Artists' books : the book as a work of art 1963-2000,"Bury, Stephen. Artists’ Books : the Book as a Work of Art 1963-2000. London: Bernard Quaritch Ltd, 2015. p.182."
469JLCRM,2,BCG5FURQ,substring,0.990,,The century of artists' books,"Drucker, Johanna. The Century of Artists’ Books. 2nd ed. New York City: Granary Books, 2004. pp.266-7, 267."
469JLCRM,3,94CKQLVX,substring,0.990,,Artists' books : a critical anthology and sourcebook,"Lyons, Joan. Artists' Books : A Critical Anthology and Sourcebook. Rochester: Visual Studies Workshop Press, 1985. p.217."
469JLCRM,4,SGBJXYRF,substring,0.990,,Esthétique du livre d'artiste 1960/1980 : une introduction à l'art contemporain,"Moeglin-Delcroix, Anne. Esthétique Du Livre D’artiste 1960/1980 : Une Introduction à L'art Contemporain. Nouv. éd. rev. et augm. Marseille: Bibliothèque nationale de France, 2012. p.434."
469JLCRM,5,FAEUXXHV,substring,0.990,,Booktrek : selected essays on artists' books (1972-2010),"Phillpot, Clive. Booktrek: Selected Essays on Artists’ Books (1972-2010). Zurich: JRP/Ringier, 2013. pp.222, 224, 225, 228, 230."
469JLCRM,6,MN3CW7FZ,substring,0.990,,Artists and their books - books and their artists,"Reed, Marcia, and Glenn Phillips. Artists and their books - books and their artists. Los Angeles: The Getty Research Institute, 2018. pp.158, 163, 208."
469JLCRM,7,JV2JKULL,substring,0.990,,Various small books : referencing various small books by Ed Ruscha,"Taylor, Phil. Various Small Books: Referencing Various Small Books by Ed Ruscha. Cambridge, Massachusetts: MIT Press, 2013. pp.27, 40, 255."
469JLCRM,8,E8MAPXUI,substring,0.990,,Learn to read art: artists' books,"Tousley, Nancy, Felipe Ehrenberg, and Sally Alatalo. Learn to Read Art: Artists' Books. Hamilton, Ont: Art Gallery of Hamilton, 1990. p.10."
4KTMAPB9,1,BEGEG5AI,substring,0.950,yes,Artists books,"Lyons, Joan. Artists' Books : Visual Studies Workshop Press. Rochester: Visual Studies Workshop Press, 2009. pp.94, 158."
58LVM8RA,1,BEGEG5AI,substring,0.950,yes,Artists books,"Lyons, Joan. Artists' Books : Visual Studies Workshop Press. Rochester: Visual Studies Workshop Press, 2009. p.149."
5GHUKILR,1,KB2E34DZ,substring,0.990,,Artist/author : contemporary artists' books,"Lauf, Cornelia. Artist/author : Contemporary Artists’ Books. New York: American Federation of Arts, 1998. pp.59, 64, 156."
5I6WDA32,1,A5RE4482,substring,0.990,,Artists' books : the book as a work of art 1963-2000,"Bury, Stephen. Artists’ Books : the Book as a Work of Art 1963-2000. London: Bernard Quaritch Ltd, 2015. p.197."
5I6WDA32,2,JHBWPGKS,substring,0.990,,Sol LeWitt : artist's books,"LeWitt, Sol. Sol LeWitt: Artist’s Books. Sant’Eraclio di Foligno (Foligno): Viaindustriae, 2009. p.69."
5I6WDA32,3,SGBJXYRF,substring,0.990,,Esthétique du livre d'artiste 1960/1980 : une introduction à l'art contemporain,"Moeglin-Delcroix, Anne. Esthétique Du Livre D’artiste 1960/1980 : Une Introduction à L'art Contemporain. Nouv. éd. rev. et augm. Marseille: Bibliothèque nationale de France, 2012. pp.266, 431."
5K8HTT8V,1,BCG5FURQ,substring,0.990,,The century of artists' books,"Drucker, Johanna. The Century of Artists’ Books. 2nd ed. New York City: Granary Books, 2004. p.74, 120n9."
5K8HTT8V,2,FAEUXXHV,substring,0.990,,Booktrek : selected essays on artists' books (1972-2010),"Phillpot, Clive. Booktrek: Selected Essays on Artists’ Books (1972-2010). Zurich: JRP/Ringier, 2013. p.154."
5VPEAK3V,1,SGBJXYRF,substring,0.990,,Esthétique du livre d'artiste 1960/1980 : une introduction à l'art contemporain,"Lauf, Cornelia. Artist/author : Contemporary Artists’ Books. New York: American Federation of Arts, 1998. p. 34. Moeglin-Delcroix, Anne. Esthétique Du Livre D’artiste 1960/1980 : Une Introduction à L'art Contemporain. Nouv. éd. rev. et augm. Marseille: Bibliothèque nationale de France, 2012. pp.156, 157, 430. Phillpot, Clive. Booktrek : Selected Essays on Artists’ Books (1972-2010). Zurich: JRP/Ringier , 2013. p.189. Tousley, Nancy, Felipe Ehrenberg, and Sally Alatalo. Learn to Read Art: Artists' Books. Hamilton, Ont: Art Gallery of Hamilton, 1990."
5ZL3VFEB,1,A5RE4482,substring,0.990,,Artists' books : the book as a work of art 1963-2000,"Bury, Stephen. Artists’ Books : the Book as a Work of Art 1963-2000. London: Bernard Quaritch Ltd, 2015. pp.38, 180."
5ZL3VFEB,2,BCG5FURQ,substring,0.990,,The century of artists' books,"Drucker, Johanna. The Century of Artists’ Books. 2nd ed. New York City: Granary Books, 2004. pp.265-266, 266."
5ZL3VFEB,3,94CKQLVX,substring,0.990,,Artists' books : a critical anthology and sourcebook,"Lyons, Joan. Artists' Books : A Critical Anthology and Sourcebook. Rochester: Visual Studies Workshop Press, 1985. pp.96, 98-99, 216-217."
5ZL3VFEB,4,SGBJXYRF,substring,0.990,,Esthétique du livre d'artiste 1960/1980 : une introduction à l'art contemporain,"Moeglin-Delcroix, Anne. Esthétique Du Livre D’artiste 1960/1980 : Une Introduction à L'art Contemporain. Nouv. éd. rev. et augm. Marseille: Bibliothèque nationale de France, 2012. pp.55, 434."
5ZL3VFEB,5,FAEUXXHV,substring,0.990,,Booktrek : selected essays on artists' books (1972-2010),"Phillpot, Clive. Booktrek: Selected Essays on Artists’ Books (1972-2010). Zurich: JRP/Ringier, 2013. pp.96, 222, 224, 225, 230, 252-255."
5ZL3VFEB,6,MN3CW7FZ,substring,0.990,,Artists and their books - books and their artists,"Reed, Marcia, and Glenn Phillips. Artists and their books - books and their artists. Los Angeles: The Getty Research Institute, 2018. pp.158, 163, 208."
5ZL3VFEB,7,JV2JKULL,substring,0.990,,Various small books : referencing various small books by Ed Ruscha,"Taylor, Phil. Various Small Books: Referencing Various Small Books by Ed Ruscha. Cambridge, Massachusetts: MIT Press, 2013. pp.17, 27, 64, 179, 283 n.27."
632X6CII,1,94CKQLVX,substring,0.990,,Artists' books : a critical anthology and sourcebook,"Lyons, Joan. Artists' Books : A Critical Anthology and Sourcebook. Rochester: Visual Studies Workshop Press, 1985. p.62, 64."
632X6CII,2,BEGEG5AI,substring,0.950,yes,Artists books,"Lyons, Joan. Artists' Books : Visual Studies Workshop Press. Rochester: Visual Studies Workshop Press, 2009. p.111, 155."
63PL2Y3P,1,A5RE4482,substring,0.990,,Artists' books : the book as a work of art 1963-2000,"Bury, Stephen. Artists’ Books : the Book as a Work of Art 1963-2000. London: Bernard Quaritch Ltd, 2015. pp.76, 195."
63PL2Y3P,2,SGBJXYRF,substring,0.990,,Esthétique du livre d'artiste 1960/1980 : une introduction à l'art contemporain,"Moeglin-Delcroix, Anne. Esthétique Du Livre D’artiste 1960/1980 : Une Introduction à L'art Contemporain. Nouv. éd. rev. et augm. Marseille: Bibliothèque nationale de France, 2012. pp.252, 428."
63PL2Y3P,3,DHC5ATH7,substring,0.990,,Livres d'artistes,"Moeglin-Delcroix, Anne. Livres D’artistes. Paris: BPI, Centre Georges Pompidou, 1985. pp.74-75."
658XBXEA,1,D2HD5CJR,substring,0.990,,Speaking of book art : interviews with British and American book artists,"Courtney, Cathy. Speaking of Book Art: Interviews with British and American Book Artists. Los Altos Hills, Calif: Anderson-Lovelace, 1999. p.93."
658XBXEA,2,94CKQLVX,substring,0.990,,Artists' books : a critical anthology and sourcebook,"Lyons, Joan. Artists' Books : A Critical Anthology and Sourcebook. Rochester: Visual Studies Workshop Press, 1985. pp.125, 126."
658XBXEA,3,SGBJXYRF,substring,0.990,,Esthétique du livre d'artiste 1960/1980 : une introduction à l'art contemporain,"Moeglin-Delcroix, Anne. Esthétique Du Livre D’artiste 1960/1980 : Une Introduction à L'art Contemporain. Nouv. éd. rev. et augm. Marseille: Bibliothèque nationale de France, 2012. p.435."
658XBXEA,4,DHC5ATH7,substring,0.990,,Livres d'artistes,"Moeglin-Delcroix, Anne. Livres D’artistes. Paris: BPI, Centre Georges Pompidou, 1985. pp.88-89."
658XBXEA,5,FAEUXXHV,substring,0.990,,Booktrek : selected essays on artists' books (1972-2010),"Phillpot, Clive. Booktrek: Selected Essays on Artists’ Books (1972-2010). Zurich: JRP/Ringier, 2013. p.114."
6AS73ERV,1,BEGEG5AI,substring,0.950,yes,Artists books,"Lyons, Joan. Artists' Books : Visual Studies Workshop Press. Rochester: Visual Studies Workshop Press, 2009. p. 122, 149."
6WGTDZ7D,1,BEGEG5AI,substring,0.950,yes,Artists books,"Lyons, Joan. Artists' Books : Visual Studies Workshop Press. Rochester: Visual Studies Workshop Press, 2009. p.162."
7FR428K6,1,A5RE4482,substring,0.990,,Artists' books : the book as a work of art 1963-2000,"Bury, Stephen. Artists’ Books : the Book as a Work of Art 1963-2000. London: Bernard Quaritch Ltd, 2015. pp.103, 214"
7FR428K6,2,D2HD5CJR,substring,0.990,,Speaking of book art : interviews with British and American book artists,"Courtney, Cathy. Speaking of Book Art: Interviews with British and American Book Artists. Los Altos Hills, Calif: Anderson-Lovelace, 1999. p.181."
7HEG7EAS,1,SGBJXYRF,substring,0.990,,Esthétique du livre d'artiste 1960/1980 : une introduction à l'art contemporain,"Moeglin-Delcroix, Anne. Esthétique Du Livre D’artiste 1960/1980 : Une Introduction à L'art Contemporain. Nouv. éd. rev. et augm. Marseille: Bibliothèque nationale de France, 2012. pp.20, 22, 434."
7HEG7EAS,2,DHC5ATH7,substring,0.990,,Livres d'artistes,"Moeglin-Delcroix, Anne. Livres D’artistes. Paris: BPI, Centre Georges Pompidou, 1985. p.7."
7HEG7EAS,3,FAEUXXHV,substring,0.990,,Booktrek : selected essays on artists' books (1972-2010),"Phillpot, Clive. Booktrek: Selected Essays on Artists’ Books (1972-2010). Zurich: JRP/Ringier, 2013. pp.108, 122, 227, 228, 229."
7HEG7EAS,4,MN3CW7FZ,substring,0.990,,Artists and their books - books and their artists,"Reed, Marcia, and Glenn Phillips. Artists and their books - books and their artists. Los Angeles: The Getty Research Institute, 2018. pp.158, 160-161, 208."
7HEG7EAS,5,JV2JKULL,substring,0.990,,Various small books : referencing various small books by Ed Ruscha,"Taylor, Phil. Various Small Books: Referencing Various Small Books by Ed Ruscha. Cambridge, Massachusetts: MIT Press, 2013. pp.86, 223."
7WIH889K,1,MN3CW7FZ,substring,0.990,,Artists and their books - books and their artists,"Reed, Marcia, and Glenn Phillips. Artists and their books - books and their artists. Los Angeles: The Getty Research Institute, 2018. pp.20-21, 198-199, 208."
7YILJFPS,1,D2HD5CJR,substring,0.990,,Speaking of book art : interviews with British and American book artists,"Courtney, Cathy. Speaking of Book Art: Interviews with British and American Book Artists. Los Altos Hills, Calif: Anderson-Lovelace, 1999. p.27."
7YILJFPS,2,KB2E34DZ,substring,0.990,,Artist/author : contemporary artists' books,"Lauf, Cornelia. Artist/author : Contemporary Artists’ Books. New York: American Federation of Arts, 1998. p.33."
7YILJFPS,3,SGBJXYRF,substring,0.990,,Esthétique du livre d'artiste 1960/1980 : une introduction à l'art contemporain,"Moeglin-Delcroix, Anne. Esthétique Du Livre D’artiste 1960/1980 : Une Introduction à L'art Contemporain. Nouv. éd. rev. et augm. Marseille: Bibliothèque nationale de France, 2012. pp.20, 21, 207, 390, 395, 434."
7YILJFPS,4,FAEUXXHV,substring,0.990,,Booktrek : selected essays on artists' books (1972-2010),"Phillpot, Clive. Booktrek: Selected Essays on Artists’ Books (1972-2010). Zurich: JRP/Ringier, 2013. pp.91, 93, 96, 151, 152, 164 n.9, 187, 206 n.6, 216, 217, 221, 223, 225, 226, 233 n.10, n.1, n.17, n.19, n.21, n.26, n.29, n.35, n.37, n.39."
7YILJFPS,5,JV2JKULL,substring,0.990,,Various small books : referencing various small books by Ed Ruscha,"Taylor, Phil. Various Small Books: Referencing Various Small Books by Ed Ruscha. Cambridge, Massachusetts: MIT Press, 2013. pp.25, 27, 34, 89, 199, 201, 226, 273, 282 n.6, n.9, n.10, 283 n.22."
87H2AQ6Q,1,NN8ZFZNF,substring,0.990,,Reading the object : three decades of books,"Chen, Julie, et. al. Reading the object: three decades of books. Oakland: Flying Fish Press, 2016. pp. 20, 22, 23, 30, 31, 74-79 (foldout), 103."
87H2AQ6Q,2,L3HFQ2SA,substring,0.990,,Beyond the text : artists' books from the collection of Robert J. Ruben,"Ruben, Robert J. Beyond the Text: Artists' Books from the Collection of Robert J. Ruben. New York: Grolier Club, 2010. pp.48, 49."
939UBEML,1,FAEUXXHV,substring,0.990,,Booktrek : selected essays on artists' books (1972-2010),"Phillpot, Clive. Booktrek: Selected Essays on Artists’ Books (1972-2010). Zurich: JRP/Ringier, 2013. p.156."
99HFQJQH,1,EXVACFS7,substring,0.990,,"Book as art VI: December 6, 1993-May 20, 1994, the National Museum of Women in the Arts, Washington, D.C.","Wasserman, Krystyna. Book As Art VI: December 6, 1993-May 20, 1994, the National Museum of Women in the Arts, Washington, D.C. Washington, D.C: The Museum, 1993. p.[7], [9]."
9DAJEMHJ,1,BCG5FURQ,substring,0.990,,The century of artists' books,"Drucker, Johanna. The Century of Artists’ Books. 2nd ed. New York City: Granary Books, 2004. pp.329-30, 330."
9EYQ75JU,1,BEGEG5AI,substring,0.950,yes,Artists books,"Lyons, Joan. Artists' Books : Visual Studies Workshop Press. Rochester: Visual Studies Workshop Press, 2009. pp.104, 151."
9EYQ75JU,2,YT3YGXMT,substring,0.990,,"Two hundred books by Keith Smith : book number 200, an anecdotal bibliography","Smith, Keith A. Two hundred books by Keith Smith: book number 200, an anecdotal bibliography. Rochester, N.Y.: Keith Smith Books, 2000. pp.113-117, 131, 243, 252."
9SMP5TFE,1,A5RE4482,substring,0.990,,Artists' books : the book as a work of art 1963-2000,"Bury, Stephen. Artists’ Books : the Book as a Work of Art 1963-2000. London: Bernard Quaritch Ltd, 2015. p.191."
9SMP5TFE,2,DHC5ATH7,substring,0.990,,Livres d'artistes,"Moeglin-Delcroix, Anne. Livres D’artistes. Paris: BPI, Centre Georges Pompidou, 1985. p.47."
9T8UFUH5,1,S8RLZLKM,substring,0.990,,The book as art : artists' books from the National Museum of Women in the arts,"Wasserman, Krystyna. The Book as Art : Artists’ Books from the National Museum of Women in the Arts. New York: Princeton Architectural Press, 2007. p.45."
A9A6SCSQ,1,5ECYVY6V,substring,0.990,,"Hand, voice & vision: artists' books from Women's Studio Workshop","Walkup, Kathy. Hand, Voice & Vision: Artists’ Books from Women's Studio Workshop. Rosendale, N.Y.: Women’s Studio Workshop, 2010. p.49."
AJCPM2LJ,1,A5RE4482,substring,0.990,,Artists' books : the book as a work of art 1963-2000,"Bury, Stephen. Artists’ Books : the Book as a Work of Art 1963-2000. London: Bernard Quaritch Ltd, 2015. p.213."
B8V3DBT6,1,BEGEG5AI,substring,0.950,yes,Artists books,"Lyons, Joan. Artists' Books : Visual Studies Workshop Press. Rochester: Visual Studies Workshop Press, 2009. pp.89, 163."
BA5CVSPD,1,DHC5ATH7,substring,0.990,,Livres d'artistes,"Moeglin-Delcroix, Anne. Livres D’artistes. Paris: BPI, Centre Georges Pompidou, 1985. p.118."
BKGHTBYL,1,A5RE4482,substring,0.990,,Artists' books : the book as a work of art 1963-2000,"Bury, Stephen. Artists’ Books : the Book as a Work of Art 1963-2000. London: Bernard Quaritch Ltd, 2015. pp.89, 204."
BKGHTBYL,2,BCG5FURQ,substring,0.990,,The century of artists' books,"Drucker, Johanna. The Century of Artists’ Books. 2nd ed. New York City: Granary Books, 2004. pp.335-336, 336."
BKGHTBYL,3,KB2E34DZ,substring,0.990,,Artist/author : contemporary artists' books,"Lauf, Cornelia. Artist/author : Contemporary Artists’ Books. New York: American Federation of Arts, 1998. pp.93, 95, 101."
BKGHTBYL,4,JHBWPGKS,substring,0.990,,Sol LeWitt : artist's books,"LeWitt, Sol. Sol LeWitt : Artist’s Books. Sant’Eraclio di Foligno (Foligno): Viaindustriae, 2009. pp.11-15, 16, 17, 18 20, 21, 23, 25-27, 92-97."
BKGHTBYL,5,94CKQLVX,substring,0.990,,Artists' books : a critical anthology and sourcebook,"Lyons, Joan. Artists' Books : A Critical Anthology and Sourcebook. Rochester: Visual Studies Workshop Press, 1985. pp.110, 111, 210."
BKGHTBYL,6,SGBJXYRF,substring,0.990,,Esthétique du livre d'artiste 1960/1980 : une introduction à l'art contemporain,"Moeglin-Delcroix, Anne. Esthétique Du Livre D’artiste 1960/1980 : Une Introduction à L'art Contemporain. Nouv. éd. rev. et augm. Marseille: Bibliothèque nationale de France, 2012. pp.275, 276, 405, 431."
BKGHTBYL,7,FAEUXXHV,substring,0.990,,Booktrek : selected essays on artists' books (1972-2010),"Phillpot, Clive. Booktrek: Selected Essays on Artists’ Books (1972-2010). Zurich: JRP/Ringier, 2013. pp.105, 259, 263, 266-267, 269 n.13."
BM8GGVK3,1,A5RE4482,substring,0.990,,Artists' books : the book as a work of art 1963-2000,"Bury, Stephen. Artists’ Books : the Book as a Work of Art 1963-2000. London: Bernard Quaritch Ltd, 2015. p.201."
BXPYLPQA,1,AAZM5Y3X,substring,0.990,,The photobook : a history,"Parr, Martin, and Gerry Badger. The Photobook: A History. London: Phaidon, 2004. Volume 3, p.307."
BXRF7M3U,1,BCG5FURQ,substring,0.990,,The century of artists' books,"Drucker, Johanna. The Century of Artists’ Books. 2nd ed. New York City: Granary Books, 2004. pp.80, 300."
BXRF7M3U,2,94CKQLVX,substring,0.990,,Artists' books : a critical anthology and sourcebook,"Lyons, Joan. Artists' Books : A Critical Anthology and Sourcebook. Rochester: Visual Studies Workshop Press, 1985. p.54, 55."
BXRF7M3U,3,BEGEG5AI,substring,0.950,yes,Artists books,"Lyons, Joan. Artists' Books : Visual Studies Workshop Press. Rochester: Visual Studies Workshop Press, 2009. p.96, 155."
BYV9IJBH,1,94CKQLVX,substring,0.990,,Artists' books : a critical anthology and sourcebook,"Lyons, Joan. Artists' Books : A Critical Anthology and Sourcebook. Rochester: Visual Studies Workshop Press, 1985. p.213."
C35V4GE9,1,A5RE4482,substring,0.990,,Artists' books : the book as a work of art 1963-2000,"Bury, Stephen. Artists’ Books : the Book as a Work of Art 1963-2000. London: Bernard Quaritch Ltd, 2015. p.200."
C35V4GE9,2,DHC5ATH7,substring,0.990,,Livres d'artistes,"Moeglin-Delcroix, Anne. Livres D’artistes. Paris: BPI, Centre Georges Pompidou, 1985. p.39."
C4NIKENC,1,A5RE4482,substring,0.990,,Artists' books : the book as a work of art 1963-2000,"Bury, Stephen. Artists’ Books : the Book as a Work of Art 1963-2000. London: Bernard Quaritch Ltd, 2015. p.194."
C4NIKENC,2,94CKQLVX,substring,0.990,,Artists' books : a critical anthology and sourcebook,"Lyons, Joan. Artists' Books : A Critical Anthology and Sourcebook. Rochester: Visual Studies Workshop Press, 1985. p.116."
C4NIKENC,3,SGBJXYRF,substring,0.990,,Esthétique du livre d'artiste 1960/1980 : une introduction à l'art contemporain,"Moeglin-Delcroix, Anne. Esthétique Du Livre D’artiste 1960/1980 : Une Introduction à L'art Contemporain. Nouv. éd. rev. et augm. Marseille: Bibliothèque nationale de France, 2012. p.431."
C4NIKENC,4,FAEUXXHV,substring,0.990,,Booktrek : selected essays on artists' books (1972-2010),"Phillpot, Clive. Booktrek: Selected Essays on Artists’ Books (1972-2010). Zurich: JRP/Ringier, 2013. pp.109, 118, 122."
CAI2PFZC,1,A5RE4482,substring,0.990,,Artists' books : the book as a work of art 1963-2000,"Bury, Stephen. Artists’ Books : the Book as a Work of Art 1963-2000. London: Bernard Quaritch Ltd, 2015. p.211."
CE8YTMRT,1,KB2E34DZ,substring,0.990,,Artist/author : contemporary artists' books,"Lauf, Cornelia. Artist/author : Contemporary Artists’ Books. New York: American Federation of Arts, 1998. pp.48, 60, 64, 156."
CE8YTMRT,2,FAEUXXHV,substring,0.990,,Booktrek : selected essays on artists' books (1972-2010),"Phillpot, Clive. Booktrek: Selected Essays on Artists’ Books (1972-2010). Zurich: JRP/Ringier, 2013. pp.203"
D5FZLMPX,1,BEGEG5AI,substring,0.950,yes,Artists books,"Lyons, Joan. Artists' Books : Visual Studies Workshop Press. Rochester: Visual Studies Workshop Press, 2009. p.160."
D69XVRD2,1,A5RE4482,substring,0.990,,Artists' books : the book as a work of art 1963-2000,"Bury, Stephen. Artists’ Books : the Book as a Work of Art 1963-2000. London: Bernard Quaritch Ltd, 2015. p.202."
D69XVRD2,2,BCG5FURQ,substring,0.990,,The century of artists' books,"Drucker, Johanna. The Century of Artists’ Books. 2nd ed. New York City: Granary Books, 2004. p.181."
D69XVRD2,3,JHBWPGKS,substring,0.990,,Sol LeWitt : artist's books,"LeWitt, Sol. Sol LeWitt: Artist’s Books. Sant’Eraclio di Foligno (Foligno): Viaindustriae, 2009. pp.88-89."
D69XVRD2,4,94CKQLVX,substring,0.990,,Artists' books : a critical anthology and sourcebook,"Lyons, Joan. Artists' Books : A Critical Anthology and Sourcebook. Rochester: Visual Studies Workshop Press, 1985. pp.109, 209-210."
D69XVRD2,5,FAEUXXHV,substring,0.990,,Booktrek : selected essays on artists' books (1972-2010),"Phillpot, Clive. Booktrek: Selected Essays on Artists’ Books (1972-2010). Zurich: JRP/Ringier, 2013. pp.75-76, 104, 266-267."
D97WNGWB,1,BEGEG5AI,substring,0.950,yes,Artists books,"Lyons, Joan. Artists' Books : Visual Studies Workshop Press. Rochester: Visual Studies Workshop Press, 2009. pp.66, 161."
DB89L5FB,1,7YGZYJ5L,substring,0.990,,"Artists of the book, 1988 :","Boston Athenaeum. Artists of the Book, 1988 : a Facet of Modernism : a Traveling Exhibition of the New England Foundation for the Arts. Boston, Mass.: Boston Athenæum, 1988. pp.11, 36-37."
DB89L5FB,2,D2HD5CJR,substring,0.990,,Speaking of book art : interviews with British and American book artists,"Courtney, Cathy. Speaking of Book Art: Interviews with British and American Book Artists. Los Altos Hills, Calif: Anderson-Lovelace, 1999. p. 208."
DDNJVGUE,1,A5RE4482,substring,0.990,,Artists' books : the book as a work of art 1963-2000,"Bury, Stephen. Artists’ Books : the Book as a Work of Art 1963-2000. London: Bernard Quaritch Ltd, 2015. p.195."
DDNJVGUE,2,JHBWPGKS,substring,0.990,,Sol LeWitt : artist's books,"LeWitt, Sol. Sol LeWitt: Artist’s Books. Sant’Eraclio di Foligno (Foligno): Viaindustriae, 2009. pp.62-63."
DDNJVGUE,3,SGBJXYRF,substring,0.990,,Esthétique du livre d'artiste 1960/1980 : une introduction à l'art contemporain,"Moeglin-Delcroix, Anne. Esthétique Du Livre D’artiste 1960/1980 : Une Introduction à L'art Contemporain. Nouv. éd. rev. et augm. Marseille: Bibliothèque nationale de France, 2012. pp.266, 431."
DDNJVGUE,4,DHC5ATH7,substring,0.990,,Livres d'artistes,"Moeglin-Delcroix, Anne. Livres D’artistes. Paris: BPI, Centre Georges Pompidou, 1985. pp.37, 38."
DDNJVGUE,5,FAEUXXHV,substring,0.990,,Booktrek : selected essays on artists' books (1972-2010),"Phillpot, Clive. Booktrek: Selected Essays on Artists’ Books (1972-2010). Zurich: JRP/Ringier, 2013. pp.93, 264."
DKWCVTTB,1,XWS4XW55,substring,0.990,,500 handmade books : inspiring interpretations of a timeless form,"Tourtillott, Suzanne J. E, and Steve Miller. 500 Handmade Books: Inspiring Interpretations of a Timeless Form. New York: Lark Books, 2008. p.18."
DRXZALEB,1,D2HD5CJR,substring,0.990,,Speaking of book art : interviews with British and American book artists,"Courtney, Cathy. Speaking of Book Art: Interviews with British and American Book Artists. Los Altos Hills, Calif: Anderson-Lovelace, 1999. p.20."
DRXZALEB,2,BCG5FURQ,substring,0.990,,The century of artists' books,"Drucker, Johanna. The Century of Artists’ Books. 2nd ed. New York City: Granary Books, 2004. pp.176."
DRXZALEB,3,Z55EI6ES,substring,0.990,,Cooking the books : Ron King and Circle Press,"Lambirth, Andrew. Cooking the Books : Ron King and Circle Press. 1st ed. New Haven, Conn.: Circle Press, 2002. pp. ??"
DRXZALEB,4,KB2E34DZ,substring,0.990,,Artist/author : contemporary artists' books,"Lauf, Cornelia. Artist/author : Contemporary Artists’ Books. New York: American Federation of Arts, 1998. pp.63, 64, 156."
DRXZALEB,5,L3HFQ2SA,substring,0.990,,Beyond the text : artists' books from the collection of Robert J. Ruben,"Ruben, Robert J. Beyond the Text: Artists' Books from the Collection of Robert J. Ruben. New York: Grolier Club, 2010. pp.70, 71."
E3LVUP6J,1,JHBWPGKS,substring,0.990,,Sol LeWitt : artist's books,"LeWitt, Sol. Sol LeWitt : Artist’s Books. Sant’Eraclio di Foligno (Foligno): Viaindustriae, 2009. p.55."
E3LVUP6J,2,SGBJXYRF,substring,0.990,,Esthétique du livre d'artiste 1960/1980 : une introduction à l'art contemporain,"Moeglin-Delcroix, Anne. Esthétique Du Livre D’artiste 1960/1980 : Une Introduction à L'art Contemporain. Nouv. éd. rev. et augm. Marseille: Bibliothèque nationale de France, 2012. pp.264 n4, 431."
E62R9QS4,1,5ECYVY6V,substring,0.990,,"Hand, voice & vision: artists' books from Women's Studio Workshop","Walkup, Kathy. Hand, Voice & Vision: Artists’ Books from Women's Studio Workshop. Rosendale, N.Y.: Women’s Studio Workshop, 2010. pp.64, 88, 109."
EB3SHIFV,1,A5RE4482,substring,0.990,,Artists' books : the book as a work of art 1963-2000,"Bury, Stephen. Artists’ Books : the Book as a Work of Art 1963-2000. London: Bernard Quaritch Ltd, 2015. pp.68, 188."
EB3SHIFV,2,D2HD5CJR,substring,0.990,,Speaking of book art : interviews with British and American book artists,"Courtney, Cathy. Speaking of Book Art: Interviews with British and American Book Artists. Los Altos Hills, Calif: Anderson-Lovelace, 1999. pp. 84, 88ff., 131ff., 136."
EB3SHIFV,3,BCG5FURQ,substring,0.990,,The century of artists' books,"Drucker, Johanna. The Century of Artists’ Books. 2nd ed. New York City: Granary Books, 2004. p.283."
EB3SHIFV,4,94CKQLVX,substring,0.990,,Artists' books : a critical anthology and sourcebook,"Lyons, Joan. Artists' Books : A Critical Anthology and Sourcebook. Rochester: Visual Studies Workshop Press, 1985. pp.123-124."
EB3SHIFV,5,SGBJXYRF,substring,0.990,,Esthétique du livre d'artiste 1960/1980 : une introduction à l'art contemporain,"Moeglin-Delcroix, Anne. Esthétique Du Livre D’artiste 1960/1980 : Une Introduction à L'art Contemporain. Nouv. éd. rev. et augm. Marseille: Bibliothèque nationale de France, 2012. p.435."
EB3SHIFV,6,FAEUXXHV,substring,0.990,,Booktrek : selected essays on artists' books (1972-2010),"Phillpot, Clive. Booktrek: Selected Essays on Artists’ Books (1972-2010). Zurich: JRP/Ringier, 2013. pp.40, 44, 113, 162, 250."
F3KU7F6S,1,FAEUXXHV,substring,0.990,,Booktrek : selected essays on artists' books (1972-2010),"Phillpot, Clive. Booktrek : Selected Essays on Artists’ Books (1972-2010). Zurich: JRP/Ringier , 2013. pp.10, 12."
FGI58BRN,1,D2HD5CJR,substring,0.990,,Speaking of book art : interviews with British and American book artists,"Courtney, Cathy. Speaking of Book Art: Interviews with British and American Book Artists. Los Altos Hills, Calif: Anderson-Lovelace, 1999. pp. 4, 50."
FGI58BRN,2,BCG5FURQ,substring,0.990,,The century of artists' books,"Drucker, Johanna. The Century of Artists’ Books. 2nd ed. New York City: Granary Books, 2004. pp.120n.4, 348-9, 348."
FGI58BRN,3,5JWH4AMJ,substring,0.990,,Offset : artists' books & prints.,"Freeman, Brad. Offset: Artists' Books & Prints. New York, N.Y.: Interplanetary Productions, 1993. pp.17, 19."
FGI58BRN,4,BEGEG5AI,substring,0.950,yes,Artists books,"Lyons, Joan. Artists' Books : Visual Studies Workshop Press. Rochester: Visual Studies Workshop Press, 2009. pp.75, 161."
FGI58BRN,5,S8RLZLKM,substring,0.990,,The book as art : artists' books from the National Museum of Women in the arts,"Wasserman, Krystyna. The Book as Art : Artists’ Books from the National Museum of Women in the Arts. New York: Princeton Architectural Press, 2007. p.122."
FSGBHJDV,1,BEGEG5AI,substring,0.950,yes,Artists books,"Lyons, Joan. Artists' Books : Visual Studies Workshop Press. Rochester: Visual Studies Workshop Press, 2009. pp.64, 158."
FSGBHJDV,2,S8RLZLKM,substring,0.990,,The book as art : artists' books from the National Museum of Women in the arts,"Wasserman, Krystyna. The Book as Art : Artists’ Books from the National Museum of Women in the Arts. New York: Princeton Architectural Press, 2007. p.68."
FVJIGVVJ,1,5ECYVY6V,substring,0.990,,"Hand, voice & vision: artists' books from Women's Studio Workshop","Walkup, Kathy. Hand, Voice & Vision: Artists’ Books from Women's Studio Workshop. Rosendale, N.Y.: Women’s Studio Workshop, 2010. p.40."
FVWFHLNT,1,BEGEG5AI,substring,0.950,yes,Artists books,"Lyons, Joan. Artists' Books : Visual Studies Workshop Press. Rochester: Visual Studies Workshop Press, 2009. pp.32, 161."
G6XSHFBY,1,BEGEG5AI,substring,0.950,yes,Artists books,"Lyons, Joan. Artists' Books : Visual Studies Workshop Press. Rochester: Visual Studies Workshop Press, 2009. pp.83, 164."
GDTEJGHY,1,BCG5FURQ,substring,0.990,,The century of artists' books,"Drucker, Johanna. The Century of Artists’ Books. 2nd ed. New York City: Granary Books, 2004. pp.356 n.3."
GDTEJGHY,2,BEGEG5AI,substring,0.950,yes,Artists books,"Lyons, Joan. Artists' Books : Visual Studies Workshop Press. Rochester: Visual Studies Workshop Press, 2009. pp.96, 157."
GGXTG7D7,1,,none,0.000,,,"*Note: Citations are predominantly about the original, 1923 Russian edition. Edition held at Sloane Art Library is the 2000 reprint from MIT Press."
GGXTG7D7,2,BCG5FURQ,substring,0.990,,The century of artists' books,"Drucker, Johanna. The Century of Artists’ Books. 2nd ed. New York City: Granary Books, 2004. pp.53, 54, 56, 57, 165."
GPHLTR7V,1,P6PLUKGC,em-exact,0.950,,Conveyor.,"Conveyor (Firm). Conveyor. Hoboken, N.J.: Conveyor, 2011. pp.78-83."
GURAG9JG,1,S8RLZLKM,substring,0.990,,The book as art : artists' books from the National Museum of Women in the arts,"Wasserman, Krystyna. The Book as Art : Artists’ Books from the National Museum of Women in the Arts. New York: Princeton Architectural Press, 2007. pp.100-101."
GYXELWPK,1,BCG5FURQ,substring,0.990,,The century of artists' books,"Drucker, Johanna. The Century of Artists’ Books. 2nd ed. New York City: Granary Books, 2004. pp.245-6, 246."
GYXELWPK,2,BEGEG5AI,substring,0.950,yes,Artists books,"Lyons, Joan. Artists' Books : Visual Studies Workshop Press. Rochester: Visual Studies Workshop Press, 2009. pp.76, 158."
H3PKBBDY,1,CR3NFXSJ,substring,0.990,,"Resonance and response : artists' books from Special Collections, Wellesley College Library, June 15-18, 2005","Hatch, Marilyn A. Resonance and Response : Artists’ Books from Special Collections, Wellesley College Library, June 15-18, 2005. Wellesley, Mass.: Wellesley College Library, 2005. pp.64, 86."
H3PKBBDY,2,L3HFQ2SA,substring,0.990,,Beyond the text : artists' books from the collection of Robert J. Ruben,"Ruben, Robert J. Beyond the Text: Artists' Books from the Collection of Robert J. Ruben. New York: Grolier Club, 2010. pp.62, 63."
H7PA7HLA,1,A5RE4482,substring,0.990,,Artists' books : the book as a work of art 1963-2000,"Bury, Stephen. Artists’ Books : the Book as a Work of Art 1963-2000. London: Bernard Quaritch Ltd, 2015. p.201."
HA6VMW7H,1,BCG5FURQ,substring,0.990,,The century of artists' books,"Drucker, Johanna. The Century of Artists’ Books. 2nd ed. New York City: Granary Books, 2004. pp.298-99, 299."
HFL33QJH,1,BEGEG5AI,substring,0.950,yes,Artists books,"Lyons, Joan. Artists' Books : Visual Studies Workshop Press. Rochester: Visual Studies Workshop Press, 2009. pp.103, 166."
HFL33QJH,2,5ECYVY6V,substring,0.990,,"Hand, voice & vision: artists' books from Women's Studio Workshop","Walkup, Kathy. Hand, Voice & Vision: Artists’ Books from Women's Studio Workshop. Rosendale, N.Y.: Women’s Studio Workshop, 2010. p.28."
HH5GIC3E,1,BCG5FURQ,substring,0.990,,The century of artists' books,"Drucker, Johanna. The Century of Artists’ Books. 2nd ed. New York City: Granary Books, 2004. pp.187, 307n.38."
HH5GIC3E,2,5JWH4AMJ,substring,0.990,,Offset : artists' books & prints.,"Freeman, Brad. Offset: Artists' Books & Prints. New York, N.Y.: Interplanetary Productions, 1993. p.20."
HPFMFF5Q,1,A5RE4482,substring,0.990,,Artists' books : the book as a work of art 1963-2000,"Bury, Stephen. Artists’ Books : the Book as a Work of Art 1963-2000. London: Bernard Quaritch Ltd, 2015. pp.17, 196."
HPFMFF5Q,2,BCG5FURQ,substring,0.990,,The century of artists' books,"Drucker, Johanna. The Century of Artists’ Books. 2nd ed. New York City: Granary Books, 2004. pp.123-126, 125, 283, 284n.4."
HPFMFF5Q,3,278G84HQ,substring,0.990,,The journal of artists' books JAB.,"The Journal of Artists' Books JAB. New York, NY: Interplanetary Productions, 1994. <http://newfirstsearch.oclc.org/dbname=WilsonSelectPlus;journal=1085-1461;screen=available;done=referer;FSIP>. no.35 (Spring 2014), p.13."
HPFMFF5Q,4,KB2E34DZ,substring,0.990,,Artist/author : contemporary artists' books,"Lauf, Cornelia. Artist/author : Contemporary Artists’ Books. New York: American Federation of Arts, 1998. pp.122, 128, 160."
HPFMFF5Q,5,94CKQLVX,substring,0.990,,Artists' books : a critical anthology and sourcebook,"Lyons, Joan. Artists' Books : A Critical Anthology and Sourcebook. Rochester: Visual Studies Workshop Press, 1985. pp.206, 219-220."
HPFMFF5Q,6,SGBJXYRF,substring,0.990,,Esthétique du livre d'artiste 1960/1980 : une introduction à l'art contemporain,"Moeglin-Delcroix, Anne. Esthétique Du Livre D’artiste 1960/1980 : Une Introduction à L'art Contemporain. Nouv. éd. rev. et augm. Marseille: Bibliothèque nationale de France, 2012. pp.388, 389, 435."
HPFMFF5Q,7,DHC5ATH7,substring,0.990,,Livres d'artistes,"Moeglin-Delcroix, Anne. Livres D’artistes. Paris: BPI, Centre Georges Pompidou, 1985. pp.87, 88, 89."
HT8PJRIS,1,A5RE4482,substring,0.990,,Artists' books : the book as a work of art 1963-2000,"Bury, Stephen. Artists’ Books : the Book as a Work of Art 1963-2000. London: Bernard Quaritch Ltd, 2015. pp.81, 198."
HT8PJRIS,2,SGBJXYRF,substring,0.990,,Esthétique du livre d'artiste 1960/1980 : une introduction à l'art contemporain,"Moeglin-Delcroix, Anne. Esthétique Du Livre D’artiste 1960/1980 : Une Introduction à L'art Contemporain. Nouv. éd. rev. et augm. Marseille: Bibliothèque nationale de France, 2012. pp.351, 352, 426."
HT8PJRIS,3,DHC5ATH7,substring,0.990,,Livres d'artistes,"Moeglin-Delcroix, Anne. Livres D’artistes. Paris: BPI, Centre Georges Pompidou, 1985. pp.54, 55."
HUK5SEEK,1,A5RE4482,substring,0.990,,Artists' books : the book as a work of art 1963-2000,"Bury, Stephen. Artists’ Books : the Book as a Work of Art 1963-2000. London: Bernard Quaritch Ltd, 2015. pp.91, 205."
HUK5SEEK,2,G7EEP5BC,substring,0.990,,Gerhard Richter : books,"Elger, Dietmar. Gerhard Richter : Books. New York, NY: Gregory R. Miller & Co., 2014. pp.18, 19, 20, 27, 50-51, 52, 55, 57, 73, 79, 101."
HUK5SEEK,3,LTE96PUD,substring,0.990,,Artists who make books,"Kastner, Jeffrey. Artists Who Make Books. Edited by Andrew Roth, Philip Aarons, and Claire Lehmann. London: Phaidon, 2017. 131, 235-236, 238."
HUK5SEEK,4,SGBJXYRF,substring,0.990,,Esthétique du livre d'artiste 1960/1980 : une introduction à l'art contemporain,"Moeglin-Delcroix, Anne. Esthétique Du Livre D’artiste 1960/1980 : Une Introduction à L'art Contemporain. Nouv. éd. rev. et augm. Marseille: Bibliothèque nationale de France, 2012. pp.393, 433."
I38ULPLF,1,A5RE4482,substring,0.990,,Artists' books : the book as a work of art 1963-2000,"Bury, Stephen. Artists’ Books : the Book as a Work of Art 1963-2000. London: Bernard Quaritch Ltd, 2015. p.212"
I38ULPLF,2,BCG5FURQ,substring,0.990,,The century of artists' books,"Drucker, Johanna. The Century of Artists’ Books. 2nd ed. New York City: Granary Books, 2004. pp.147, 147-48."
I38ULPLF,3,KB2E34DZ,substring,0.990,,Artist/author : contemporary artists' books,"Lauf, Cornelia. Artist/author : Contemporary Artists’ Books. New York: American Federation of Arts, 1998. pp.86, 88, 157."
IFKV5B9H,1,A5RE4482,substring,0.990,,Artists' books : the book as a work of art 1963-2000,"Bury, Stephen. Artists’ Books : the Book as a Work of Art 1963-2000. London: Bernard Quaritch Ltd, 2015. pp.59, 184."
IFKV5B9H,2,D2HD5CJR,substring,0.990,,Speaking of book art : interviews with British and American book artists,"Courtney, Cathy. Speaking of Book Art: Interviews with British and American Book Artists. Los Altos Hills, Calif: Anderson-Lovelace, 1999. p.89."
IFKV5B9H,3,94CKQLVX,substring,0.990,,Artists' books : a critical anthology and sourcebook,"Lyons, Joan. Artists' Books : A Critical Anthology and Sourcebook. Rochester: Visual Studies Workshop Press, 1985. p.86."
IFKV5B9H,4,SGBJXYRF,substring,0.990,,Esthétique du livre d'artiste 1960/1980 : une introduction à l'art contemporain,"Moeglin-Delcroix, Anne. Esthétique Du Livre D’artiste 1960/1980 : Une Introduction à L'art Contemporain. Nouv. éd. rev. et augm. Marseille: Bibliothèque nationale de France, 2012. pp.51, 395, 434."
IFKV5B9H,5,FAEUXXHV,substring,0.990,,Booktrek : selected essays on artists' books (1972-2010),"Phillpot, Clive. Booktrek: Selected Essays on Artists’ Books (1972-2010). Zurich: JRP/Ringier, 2013. pp.150, 224, 226-227."
IFKV5B9H,6,MN3CW7FZ,substring,0.990,,Artists and their books - books and their artists,"Reed, Marcia, and Glenn Phillips. Artists and their books - books and their artists. Los Angeles: The Getty Research Institute, 2018. pp.158, 162-163, 208."
IFKV5B9H,7,JV2JKULL,substring,0.990,,Various small books : referencing various small books by Ed Ruscha,"Taylor, Phil. Various Small Books: Referencing Various Small Books by Ed Ruscha. Cambridge, Massachusetts: MIT Press, 2013. pp.17, 25, 27, 135, 272, 283 n.27."
IGQAAHAS,1,DHC5ATH7,substring,0.990,,Livres d'artistes,"Moeglin-Delcroix, Anne. Livres D’artistes. Paris: BPI, Centre Georges Pompidou, 1985. pp.106-107."
IHG8DC77,1,BCG5FURQ,substring,0.990,,The century of artists' books,"Drucker, Johanna. The Century of Artists’ Books. 2nd ed. New York City: Granary Books, 2004. pp.341-3, 342, 343."
IKCYZUGN,1,BEGEG5AI,substring,0.950,yes,Artists books,"Lyons, Joan. Artists' Books : Visual Studies Workshop Press. Rochester: Visual Studies Workshop Press, 2009. pp.114, 162."
ISAUE7M6,1,TWI7C9MN,substring,0.990,,When will the book be done? : Granary's books,"Clay, Steven. 2001. When will the book be done?: Granary's books. New York: Granary Books. pp. 66-67, 184."
ISAUE7M6,2,D2HD5CJR,substring,0.990,,Speaking of book art : interviews with British and American book artists,"Courtney, Cathy. Speaking of Book Art: Interviews with British and American Book Artists. Los Altos Hills, Calif: Anderson-Lovelace, 1999. p.152."
ISAUE7M6,3,STSHFPHF,substring,0.990,,Druckworks 1972-2012 : 40 years of books and projects,"Drucker, Johanna. Druckworks 1972-2012 : 40 Years of Books and Projects. 1st ed. Chicago, Ill.: Epicenter, Center for Book and Paper Arts, 2012. pp.5, 49, 59, 60-61, 62-63, 64-65, 67, 70, 94, 95, 96, 106, 136."
ISAUE7M6,4,278G84HQ,substring,0.990,,The journal of artists' books JAB.,"The Journal of Artists' Books JAB. New York, NY: Interplanetary Productions, 1994. <http://newfirstsearch.oclc.org/dbname=WilsonSelectPlus;journal=1085-1461;screen=available;done=referer;FSIP>. no.36 (Fall 2014), p.3-4."
ISAUE7M6,5,S8RLZLKM,substring,0.990,,The book as art : artists' books from the National Museum of Women in the arts,"Wasserman, Krystyna. The Book as Art : Artists’ Books from the National Museum of Women in the Arts. New York: Princeton Architectural Press, 2007. p.73."
ISTV64ZP,1,D2HD5CJR,substring,0.990,,Speaking of book art : interviews with British and American book artists,"Courtney, Cathy. Speaking of Book Art: Interviews with British and American Book Artists. Los Altos Hills, Calif: Anderson-Lovelace, 1999. pp. 4, 115, 123-25, 208."
ISTV64ZP,2,EXVACFS7,substring,0.990,,"Book as art VI: December 6, 1993-May 20, 1994, the National Museum of Women in the Arts, Washington, D.C.","Wasserman, Krystyna. Book As Art VI: December 6, 1993-May 20, 1994, the National Museum of Women in the Arts, Washington, D.C. Washington, D.C: The Museum, 1993. p.[4], [10]."
IU8B4XC2,1,94CKQLVX,substring,0.990,,Artists' books : a critical anthology and sourcebook,"Lyons, Joan. Artists' Books : A Critical Anthology and Sourcebook. Rochester: Visual Studies Workshop Press, 1985. pp.52, 54."
IU8B4XC2,2,5ECYVY6V,substring,0.990,,"Hand, voice & vision: artists' books from Women's Studio Workshop","Walkup, Kathy. Hand, Voice & Vision: Artists’ Books from Women's Studio Workshop. Rosendale, N.Y.: Women’s Studio Workshop, 2010. pp.25, 79, 99."
IVEFE799,1,A5RE4482,substring,0.990,,Artists' books : the book as a work of art 1963-2000,"Bury, Stephen. Artists’ Books : the Book as a Work of Art 1963-2000. London: Bernard Quaritch Ltd, 2015. p.191."
IVEFE799,2,94CKQLVX,substring,0.990,,Artists' books : a critical anthology and sourcebook,"Lyons, Joan. Artists' Books : A Critical Anthology and Sourcebook. Rochester: Visual Studies Workshop Press, 1985. p.116."
IVEFE799,3,SGBJXYRF,substring,0.990,,Esthétique du livre d'artiste 1960/1980 : une introduction à l'art contemporain,"Moeglin-Delcroix, Anne. Esthétique Du Livre D’artiste 1960/1980 : Une Introduction à L'art Contemporain. Nouv. éd. rev. et augm. Marseille: Bibliothèque nationale de France, 2012. pp.256, 259, 431."
IVEFE799,4,DHC5ATH7,substring,0.990,,Livres d'artistes,"Moeglin-Delcroix, Anne. Livres D’artistes. Paris: BPI, Centre Georges Pompidou, 1985. pp. 74, 75."
IVEFE799,5,FAEUXXHV,substring,0.990,,Booktrek : selected essays on artists' books (1972-2010),"Phillpot, Clive. Booktrek: Selected Essays on Artists’ Books (1972-2010). Zurich: JRP/Ringier, 2013. pp.108, 122."
IW67WSIE,1,75SCFJ8D,substring,0.990,,"Book as art VII : December 19, 1994-September 8, 1995, the National Museum of Women in the Arts, Washington, D.C.","Wasserman, Krystyna. Book As Art VII: December 19, 1994-September 8, 1995, the National Museum of Women in the Arts, Washington, D.C. Washington, D.C: National Museum of Women in the Arts, 1995. p.2."
IXR4AFDV,1,SGBJXYRF,substring,0.990,,Esthétique du livre d'artiste 1960/1980 : une introduction à l'art contemporain,"Moeglin-Delcroix, Anne. Esthétique Du Livre D’artiste 1960/1980 : Une Introduction à L'art Contemporain. Nouv. éd. rev. et augm. Marseille: Bibliothèque nationale de France, 2012. pp.267, 281, 431."
J3PGLNEL,1,94CKQLVX,substring,0.990,,Artists' books : a critical anthology and sourcebook,"Lyons, Joan. Artists' Books : A Critical Anthology and Sourcebook. Rochester: Visual Studies Workshop Press, 1985. p.46, 96."
J3PGLNEL,2,FAEUXXHV,substring,0.990,,Booktrek : selected essays on artists' books (1972-2010),"Phillpot, Clive. Booktrek: Selected Essays on Artists’ Books (1972-2010). Zurich: JRP/Ringier, 2013. pp.192, 227, 228-229, 230, 231, 264."
J3PGLNEL,3,MN3CW7FZ,substring,0.990,,Artists and their books - books and their artists,"Reed, Marcia, and Glenn Phillips. Artists and their books - books and their artists. Los Angeles: The Getty Research Institute, 2018. pp.158, 163, 208."
J3PGLNEL,4,JV2JKULL,substring,0.990,,Various small books : referencing various small books by Ed Ruscha,"Taylor, Phil. Various Small Books: Referencing Various Small Books by Ed Ruscha. Cambridge, Massachusetts: MIT Press, 2013. pp.86, 160, 204, 223."
J3RXS2WM,1,A5RE4482,substring,0.990,,Artists' books : the book as a work of art 1963-2000,"Bury, Stephen. Artists’ Books : the Book as a Work of Art 1963-2000. London: Bernard Quaritch Ltd, 2015. pp.38, 54, 181."
J3RXS2WM,2,BCG5FURQ,substring,0.990,,The century of artists' books,"Drucker, Johanna. The Century of Artists’ Books. 2nd ed. New York City: Granary Books, 2004. pp.321, 322."
J3RXS2WM,3,KB2E34DZ,substring,0.990,,Artist/author : contemporary artists' books,"Lauf, Cornelia. Artist/author : Contemporary Artists’ Books. New York: American Federation of Arts, 1998. pp.34, 35, 40, 94, 123, 128, 159."
J3RXS2WM,4,JHBWPGKS,substring,0.990,,Sol LeWitt : artist's books,"LeWitt, Sol. Sol LeWitt : Artist’s Books. Sant’Eraclio di Foligno (Foligno): Viaindustriae, 2009. p.29."
J3RXS2WM,5,94CKQLVX,substring,0.990,,Artists' books : a critical anthology and sourcebook,"Lyons, Joan. Artists' Books : A Critical Anthology and Sourcebook. Rochester: Visual Studies Workshop Press, 1985. pp.46, 111."
J3RXS2WM,6,SGBJXYRF,substring,0.990,,Esthétique du livre d'artiste 1960/1980 : une introduction à l'art contemporain,"Moeglin-Delcroix, Anne. Esthétique Du Livre D’artiste 1960/1980 : Une Introduction à L'art Contemporain. Nouv. éd. rev. et augm. Marseille: Bibliothèque nationale de France, 2012. pp.24, 25, 156, 278, 279, 373, 426."
J3RXS2WM,7,DHC5ATH7,substring,0.990,,Livres d'artistes,"Moeglin-Delcroix, Anne. Livres D’artistes. Paris: BPI, Centre Georges Pompidou, 1985. pp.36, 37."
J3RXS2WM,8,FAEUXXHV,substring,0.990,,Booktrek : selected essays on artists' books (1972-2010),"Phillpot, Clive. Booktrek: Selected Essays on Artists’ Books (1972-2010). Zurich: JRP/Ringier, 2013. pp.58, 105-106, 189, 258, 259, 261, 264, 269 n.2, 195."
J3RXS2WM,9,E8MAPXUI,substring,0.990,,Learn to read art: artists' books,"Tousley, Nancy, Felipe Ehrenberg, and Sally Alatalo. Learn to Read Art: Artists' Books. Hamilton, Ont: Art Gallery of Hamilton, 1990. p.11."
J3RXS2WM,10,BEGEG5AI,substring,0.990,yes,Artists books,"Vanderlip, Dianne Perry, John Perreault, and Lynn Lester Hershman. Artists Books. Philadelphia: [Moore College of Art], 1973. p.35."
J6YJWAQZ,1,JV2JKULL,substring,0.990,,Various small books : referencing various small books by Ed Ruscha,"Taylor, Phil. Various Small Books: Referencing Various Small Books by Ed Ruscha. Cambridge, Massachusetts: MIT Press, 2013. pp.176, 198-199, 286."
J7X3CPIP,1,BEGEG5AI,substring,0.950,yes,Artists books,"Lyons, Joan. Artists' Books : Visual Studies Workshop Press. Rochester: Visual Studies Workshop Press, 2009. pp.94, 164."
JEMJ588G,1,BCG5FURQ,substring,0.990,,The century of artists' books,"Drucker, Johanna. The Century of Artists’ Books. 2nd ed. New York City: Granary Books, 2004. pp.315-6, 318."
JEMJ588G,2,DHC5ATH7,substring,0.990,,Livres d'artistes,"Moeglin-Delcroix, Anne. Livres D’artistes. Paris: BPI, Centre Georges Pompidou, 1985. pp.46, 47."
JEMJ588G,3,E8MAPXUI,substring,0.990,,Learn to read art: artists' books,"Tousley, Nancy, Felipe Ehrenberg, and Sally Alatalo. Learn to Read Art: Artists' Books. Hamilton, Ont: Art Gallery of Hamilton, 1990. p.11."
JIGAU8LG,1,BEGEG5AI,substring,0.950,yes,Artists books,"Lyons, Joan. Artists' Books : Visual Studies Workshop Press. Rochester: Visual Studies Workshop Press, 2009. pp.23, 162."
K63M3S3M,1,SGBJXYRF,substring,0.990,,Esthétique du livre d'artiste 1960/1980 : une introduction à l'art contemporain,"Moeglin-Delcroix, Anne. Esthétique Du Livre D’artiste 1960/1980 : Une Introduction à L'art Contemporain. Nouv. éd. rev. et augm. Marseille: Bibliothèque nationale de France, 2012. pp.351, 431."
K86CJU3Z,1,EYAM3MR5,substring,0.990,,Creating artists' books,"Bodman, Sarah. Creating Artists’ Books. New York: Watson-Guptill Publications, 2005. p.10."
KBHG9EJS,1,STSHFPHF,substring,0.990,,Druckworks 1972-2012 : 40 years of books and projects,"Drucker, Johanna. Druckworks 1972-2012 : 40 Years of Books and Projects. 1st ed. Chicago, Ill.: Epicenter, Center for Book and Paper Arts, 2012. pp. 12, 67, 111, 119-120, 137."
KRLBW93Q,1,BEGEG5AI,substring,0.950,yes,Artists books,"Lyons, Joan. Artists' Books : Visual Studies Workshop Press. Rochester: Visual Studies Workshop Press, 2009. pp.24, 156."
KX46RJBD,1,A5RE4482,substring,0.990,,Artists' books : the book as a work of art 1963-2000,"Bury, Stephen. Artists’ Books : the Book as a Work of Art 1963-2000. London: Bernard Quaritch Ltd, 2015. p.187."
KX46RJBD,2,BEGEG5AI,substring,0.990,yes,Artists books,"Vanderlip, Dianne Perry, John Perreault, and Lynn Lester Hershman. Artists Books. Philadelphia: [Moore College of Art?], 1973. p.38."
L6IL4VQY,1,BCG5FURQ,substring,0.990,,The century of artists' books,"Drucker, Johanna. The Century of Artists’ Books. 2nd ed. New York City: Granary Books, 2004. p.233."
L6IL4VQY,2,SGBJXYRF,substring,0.990,,Esthétique du livre d'artiste 1960/1980 : une introduction à l'art contemporain,"Moeglin-Delcroix, Anne. Esthétique Du Livre D’artiste 1960/1980 : Une Introduction à L'art Contemporain. Nouv. éd. rev. et augm. Marseille: Bibliothèque nationale de France, 2012. pp.88, 430."
L8RU7JQF,1,BEGEG5AI,substring,0.950,yes,Artists books,"Lyons, Joan. Artists' Books : Visual Studies Workshop Press. Rochester: Visual Studies Workshop Press, 2009. pp.43, 164."
LD8ZNBS9,1,KB2E34DZ,substring,0.990,,Artist/author : contemporary artists' books,"Lauf, Cornelia. Artist/author : Contemporary Artists’ Books. New York: American Federation of Arts, 1998. pp.98."
LGKU4IUP,1,94CKQLVX,substring,0.990,,Artists' books : a critical anthology and sourcebook,"Lyons, Joan. Artists' Books : A Critical Anthology and Sourcebook. Rochester: Visual Studies Workshop Press, 1985. pp.72-74, 73."
LGKU4IUP,2,FAEUXXHV,substring,0.990,,Booktrek : selected essays on artists' books (1972-2010),"Phillpot, Clive. Booktrek: Selected Essays on Artists’ Books (1972-2010). Zurich: JRP/Ringier, 2013. pp.80-81."
MBQLR6E8,1,JHBWPGKS,substring,0.990,,Sol LeWitt : artist's books,"LeWitt, Sol. Sol LeWitt: Artist’s Books. Sant’Eraclio di Foligno (Foligno): Viaindustriae, 2009. p.46."
MJY3ATXT,1,JHBWPGKS,substring,0.990,,Sol LeWitt : artist's books,"LeWitt, Sol. Sol LeWitt: Artist’s Books. Sant’Eraclio di Foligno (Foligno): Viaindustriae, 2009. p.45."
MK94HI98,1,A5RE4482,substring,0.990,,Artists' books : the book as a work of art 1963-2000,"Bury, Stephen. Artists’ Books : the Book as a Work of Art 1963-2000. London: Bernard Quaritch Ltd, 2015. p.183."
ML7SNJPZ,1,BEGEG5AI,substring,0.950,yes,Artists books,"Stoltz, Ulrike, and Uta Schneider. , typography, and artists' books. Berkeley, Calif: Codex Foundation, 2010. pp. 13-16"
MPU5CXQ8,1,SGBJXYRF,substring,0.990,,Esthétique du livre d'artiste 1960/1980 : une introduction à l'art contemporain,"Moeglin-Delcroix, Anne. Esthétique Du Livre D’artiste 1960/1980 : Une Introduction à L'art Contemporain. Nouv. éd. rev. et augm. Marseille: Bibliothèque nationale de France, 2012. pp.77, 426."
MQKDMMI9,1,BCG5FURQ,substring,0.990,,The century of artists' books,"Drucker, Johanna. The Century of Artists’ Books. 2nd ed. New York City: Granary Books, 2004. pp.234, 234."
MVTLPZ9Q,1,BEGEG5AI,substring,0.950,yes,Artists books,"Lyons, Joan. Artists' Books : Visual Studies Workshop Press. Rochester: Visual Studies Workshop Press, 2009. pp.77, 163."
MZDH5LJI,1,A5RE4482,substring,0.990,,Artists' books : the book as a work of art 1963-2000,"Bury, Stephen. Artists’ Books : the Book as a Work of Art 1963-2000. London: Bernard Quaritch Ltd, 2015. p.219."
MZDH5LJI,2,5ECYVY6V,substring,0.990,,"Hand, voice & vision: artists' books from Women's Studio Workshop","Walkup, Kathy. Hand, Voice & Vision: Artists’ Books from Women's Studio Workshop. Rosendale, N.Y.: Women’s Studio Workshop, 2010. pp.29, 68."
MZDH5LJI,3,S8RLZLKM,substring,0.990,,The book as art : artists' books from the National Museum of Women in the arts,"Wasserman, Krystyna. The Book as Art : Artists’ Books from the National Museum of Women in the Arts. New York: Princeton Architectural Press, 2007. p.121."
MZDH5LJI,4,6YHF3EFS,substring,0.990,,Freedom of the presses : artists' books in the twenty-first century,"Weber, Marshall. Freedom of the Presses: Artists' Books in the Twenty-First Century. Booklyn, 2018. p.5"
MZST6UEM,1,G7EEP5BC,substring,0.990,,Gerhard Richter : books,"Elger, Dietmar. Gerhard Richter : Books. New York, NY: Gregory R. Miller & Co., 2014. pp.20, 21, 22, 25, 27, 59, 64, 67, 75, 78, 79-83, 85, 88, 101."
N5UUKHRJ,1,5ECYVY6V,substring,0.990,,"Hand, voice & vision: artists' books from Women's Studio Workshop","Walkup, Kathy. Hand, Voice & Vision: Artists’ Books from Women's Studio Workshop. Rosendale, N.Y.: Women’s Studio Workshop, 2010. p.81."
NLS4GDCR,1,5ECYVY6V,substring,0.990,,"Hand, voice & vision: artists' books from Women's Studio Workshop","Walkup, Kathy. Hand, Voice & Vision: Artists’ Books from Women's Studio Workshop. Rosendale, N.Y.: Women’s Studio Workshop, 2010. pp.6, 72, 110."
NM8P6AT8,1,A5RE4482,substring,0.990,,Artists' books : the book as a work of art 1963-2000,"Bury, Stephen. Artists’ Books : the Book as a Work of Art 1963-2000. London: Bernard Quaritch Ltd, 2015. p.194."
NQEINM55,1,5ECYVY6V,substring,0.990,,"Hand, voice & vision: artists' books from Women's Studio Workshop","Walkup, Kathy. Hand, Voice & Vision: Artists’ Books from Women's Studio Workshop. Rosendale, N.Y.: Women’s Studio Workshop, 2010. pp.9, 63."
NQGTZDTA,1,A5RE4482,substring,0.990,,Artists' books : the book as a work of art 1963-2000,"Bury, Stephen. Artists’ Books : the Book as a Work of Art 1963-2000. London: Bernard Quaritch Ltd, 2015. pp.85, 201."
NQGTZDTA,2,JHBWPGKS,substring,0.990,,Sol LeWitt : artist's books,"LeWitt, Sol. Sol LeWitt : Artist’s Books. Sant’Eraclio di Foligno (Foligno): Viaindustriae, 2009. pp.15, 76-83."
NQGTZDTA,3,94CKQLVX,substring,0.990,,Artists' books : a critical anthology and sourcebook,"Lyons, Joan. Artists' Books : A Critical Anthology and Sourcebook. Rochester: Visual Studies Workshop Press, 1985. pp.110, 210."
NQGTZDTA,4,SGBJXYRF,substring,0.990,,Esthétique du livre d'artiste 1960/1980 : une introduction à l'art contemporain,"Moeglin-Delcroix, Anne. Esthétique Du Livre D’artiste 1960/1980 : Une Introduction à L'art Contemporain. Nouv. éd. rev. et augm. Marseille: Bibliothèque nationale de France, 2012. pp.272, 273, 274, 276, 431."
NQGTZDTA,5,DHC5ATH7,substring,0.990,,Livres d'artistes,"Moeglin-Delcroix, Anne. Livres D’artistes. Paris: BPI, Centre Georges Pompidou, 1985. pp.41, 42."
NQGTZDTA,6,FAEUXXHV,substring,0.990,,Booktrek : selected essays on artists' books (1972-2010),"Phillpot, Clive. Booktrek: Selected Essays on Artists’ Books (1972-2010). Zurich: JRP/Ringier, 2013. pp.105, 259, 265, 266, 268."
NT97YK5X,1,EYAM3MR5,substring,0.990,,Creating artists' books,"Bodman, Sarah. Creating Artists’ Books. New York: Watson-Guptill Publications, 2005. p.67."
NT97YK5X,2,A5RE4482,substring,0.990,,Artists' books : the book as a work of art 1963-2000,"Bury, Stephen. Artists’ Books : the Book as a Work of Art 1963-2000. London: Bernard Quaritch Ltd, 2015."
NT97YK5X,3,BCG5FURQ,substring,0.990,,The century of artists' books,"Drucker, Johanna. The Century of Artists’ Books. 2nd ed. New York City: Granary Books, 2004. pp.76-77."
NT97YK5X,4,94CKQLVX,substring,0.990,,Artists' books : a critical anthology and sourcebook,"Lyons, Joan. Artists' Books : A Critical Anthology and Sourcebook. Rochester: Visual Studies Workshop Press, 1985. pp.96, 98."
NT97YK5X,5,SGBJXYRF,substring,0.990,,Esthétique du livre d'artiste 1960/1980 : une introduction à l'art contemporain,"Moeglin-Delcroix, Anne. Esthétique Du Livre D’artiste 1960/1980 : Une Introduction à L'art Contemporain. Nouv. éd. rev. et augm. Marseille: Bibliothèque nationale de France, 2012. pp.382, 395, 434."
NT97YK5X,6,FAEUXXHV,substring,0.990,,Booktrek : selected essays on artists' books (1972-2010),"Phillpot, Clive. Booktrek: Selected Essays on Artists’ Books (1972-2010). Zurich: JRP/Ringier, 2013 pp.96, 152, 217, 221, 223, 224, 229, 232, 233 n.55."
NT97YK5X,7,MN3CW7FZ,substring,0.990,,Artists and their books - books and their artists,"Reed, Marcia, and Glenn Phillips. Artists and their books - books and their artists. Los Angeles: The Getty Research Institute, 2018. pp.158, 160-161, 208."
NT97YK5X,8,JV2JKULL,substring,0.990,,Various small books : referencing various small books by Ed Ruscha,"Taylor, Phil. Various Small Books: Referencing Various Small Books by Ed Ruscha. Cambridge, Massachusetts: MIT Press, 2013. pp.25, 27, 214, 249."
NY8EIZPN,1,A5RE4482,substring,0.990,,Artists' books : the book as a work of art 1963-2000,"Bury, Stephen. Artists’ Books : the Book as a Work of Art 1963-2000. London: Bernard Quaritch Ltd, 2015. p."
NY8EIZPN,2,94CKQLVX,substring,0.990,,Artists' books : a critical anthology and sourcebook,"Lyons, Joan. Artists' Books : A Critical Anthology and Sourcebook. Rochester: Visual Studies Workshop Press, 1985. p.77."
NY8EIZPN,3,SGBJXYRF,substring,0.990,,Esthétique du livre d'artiste 1960/1980 : une introduction à l'art contemporain,"Moeglin-Delcroix, Anne. Esthétique Du Livre D’artiste 1960/1980 : Une Introduction à L'art Contemporain. Nouv. éd. rev. et augm. Marseille: Bibliothèque nationale de France, 2012. pp.322, 323, 431."
P279W5YK,1,DCLMEBVD,substring,0.990,,Allan Kaprow : a bibliography,"Kaprow, Allan. Allan Kaprow : a Bibliography. Milano: Mousse Pub., 2011. pp. 12, 108-109."
P3T4YANB,1,A5RE4482,substring,0.990,,Artists' books : the book as a work of art 1963-2000,"Bury, Stephen. Artists’ Books : the Book as a Work of Art 1963-2000. London: Bernard Quaritch Ltd, 2015. pp.129, 228."
PBDUAC8I,1,X37HVCXS,substring,0.990,,"Book arts 2007, Bright Hill Center","Bright Hill Press North American Juried Book Arts Exhibition. Book Arts 2007, Bright Hill Center. Treadwell, NY: Bright Hill Press, 2007. pp.7, 13, 22, 23."
PFUBE9GZ,1,SGBJXYRF,substring,0.990,,Esthétique du livre d'artiste 1960/1980 : une introduction à l'art contemporain,"Moeglin-Delcroix, Anne. Esthétique Du Livre D’artiste 1960/1980 : Une Introduction à L'art Contemporain. Nouv. éd. rev. et augm. Marseille: Bibliothèque nationale de France, 2012. pp.145, 436."
PFUBE9GZ,2,DHC5ATH7,substring,0.990,,Livres d'artistes,"Moeglin-Delcroix, Anne. Livres D’artistes. Paris: BPI, Centre Georges Pompidou, 1985. pp.53, 54, 55."
Q4FCFTHP,1,A5RE4482,substring,0.990,,Artists' books : the book as a work of art 1963-2000,"Bury, Stephen. Artists’ Books : the Book as a Work of Art 1963-2000. London: Bernard Quaritch Ltd, 2015. p.204."
Q4FCFTHP,2,JHBWPGKS,substring,0.990,,Sol LeWitt : artist's books,"LeWitt, Sol. Sol LeWitt : Artist’s Books. Sant’Eraclio di Foligno (Foligno): Viaindustriae, 2009. pp.15, 102-103."
Q4FCFTHP,3,SGBJXYRF,substring,0.990,,Esthétique du livre d'artiste 1960/1980 : une introduction à l'art contemporain,"Moeglin-Delcroix, Anne. Esthétique Du Livre D’artiste 1960/1980 : Une Introduction à L'art Contemporain. Nouv. éd. rev. et augm. Marseille: Bibliothèque nationale de France, 2012. pp.272, 274, 431."
Q4FCFTHP,4,FAEUXXHV,substring,0.990,,Booktrek : selected essays on artists' books (1972-2010),"Phillpot, Clive. Booktrek: Selected Essays on Artists’ Books (1972-2010). Zurich: JRP/Ringier, 2013. pp.230, 259."
Q677HNGB,1,94CKQLVX,substring,0.990,,Artists' books : a critical anthology and sourcebook,"Lyons, Joan. Artists' Books : A Critical Anthology and Sourcebook. Rochester: Visual Studies Workshop Press, 1985. p.118."
Q677HNGB,2,SGBJXYRF,substring,0.990,,Esthétique du livre d'artiste 1960/1980 : une introduction à l'art contemporain,"Moeglin-Delcroix, Anne. Esthétique Du Livre D’artiste 1960/1980 : Une Introduction à L'art Contemporain. Nouv. éd. rev. et augm. Marseille: Bibliothèque nationale de France, 2012. pp.162, 316, 424."
Q677HNGB,3,FAEUXXHV,substring,0.990,,Booktrek : selected essays on artists' books (1972-2010),"Phillpot, Clive. Booktrek: Selected Essays on Artists’ Books (1972-2010). Zurich: JRP/Ringier, 2013. p.44, 110."
Q677HNGB,4,BEGEG5AI,substring,0.990,yes,Artists books,"Vanderlip, Dianne Perry, John Perreault, and Lynn Lester Hershman. Artists Books. Philadelphia: [Moore College of Art?], 1973. p.37."
QA2BN7XW,1,D2HD5CJR,substring,0.990,,Speaking of book art : interviews with British and American book artists,"Courtney, Cathy. Speaking of Book Art: Interviews with British and American Book Artists. Los Altos Hills, Calif: Anderson-Lovelace, 1999. pp.95, 137."
QA2BN7XW,2,BCG5FURQ,substring,0.990,,The century of artists' books,"Drucker, Johanna. The Century of Artists’ Books. 2nd ed. New York City: Granary Books, 2004. pp.173, 173-74, 203."
QA2BN7XW,3,5JWH4AMJ,substring,0.990,,Offset : artists' books & prints.,"Freeman, Brad. Offset: Artists' Books & Prints. New York, N.Y.: Interplanetary Productions, 1993. p.20."
QDDTGKNX,1,Q77Q8HL7,substring,0.990,,Peter Downsbrough : the book(s),"Downsbrough, Peter. Peter Downsbrough : the Book(s).Germany: Hatje Cantz, 2011. pp.41, 205, 301."
QN9DCR8N,1,SUH3PR5D,substring,0.990,,Diamond leaves : artist books from around the world,"Xu, Bing, Bingyan Liu, Yue Sun, Marshall Weber, Mark G. Dimunation, Xun Jiang, John Koh, and David Senior. Diamond Leaves: Artist Books from Around the World. Guilin Shi : Guangxi Shi fan da xue chu ban she, 2015. pp.452-458."
QRGVGYBQ,1,BCG5FURQ,substring,0.990,,The century of artists' books,"Drucker, Johanna. The Century of Artists’ Books. 2nd ed. New York City: Granary Books, 2004. pp.249-50, 250."
QSX9EBUN,1,NN8ZFZNF,substring,0.990,,Reading the object : three decades of books,"Chen, Julie, et. al. Reading the object: three decades of books. Oakland: Flying Fish Press, 2016. pp. 9, 72-73, 104."
QTQAU3DB,1,EYAM3MR5,substring,0.990,,Creating artists' books,"Bodman, Sarah. Creating Artists’ Books. New York: Watson-Guptill Publications, 2005. p.25."
QX4XK7CB,1,VH6DIY2I,substring,0.990,,"Book arts 2008, Bright Hill Literary Center","Bright Hill Press North American Juried Book Arts Exhibition. Book Arts 2008, Bright Hill Literary Center. Treadwell, NY: Bright Hill Press, 2008. pp. 9, 39, 40, 41."
R3HHWFNG,1,A5RE4482,substring,0.990,,Artists' books : the book as a work of art 1963-2000,"Bury, Stephen. Artists’ Books : the Book as a Work of Art 1963-2000. London: Bernard Quaritch Ltd, 2015. pp.33, 204 codex, 36."
R3HHWFNG,2,JHBWPGKS,substring,0.990,,Sol LeWitt : artist's books,"LeWitt, Sol. Sol LeWitt : Artist’s Books. Sant’Eraclio di Foligno (Foligno): Viaindustriae, 2009. pp.15, 98-101."
R3HHWFNG,3,SGBJXYRF,substring,0.990,,Esthétique du livre d'artiste 1960/1980 : une introduction à l'art contemporain,"Moeglin-Delcroix, Anne. Esthétique Du Livre D’artiste 1960/1980 : Une Introduction à L'art Contemporain. Nouv. éd. rev. et augm. Marseille: Bibliothèque nationale de France, 2012. pp.275, 276, 431."
RC6MKG3H,1,SGBJXYRF,substring,0.990,,Esthétique du livre d'artiste 1960/1980 : une introduction à l'art contemporain,"Moeglin-Delcroix, Anne. Esthétique Du Livre D’artiste 1960/1980 : Une Introduction à L'art Contemporain. Nouv. éd. rev. et augm. Marseille: Bibliothèque nationale de France, 2012. pp.184, 424."
RDPQWSUU,1,G7EEP5BC,substring,0.990,,Gerhard Richter : books,"Elger, Dietmar. Gerhard Richter : Books. New York, NY: Gregory R. Miller & Co., 2014. pp.23, 24, 32, 67, 95, 96, 97-99, 105, 106."
RJ32JH2D,1,L3HFQ2SA,substring,0.990,,Beyond the text : artists' books from the collection of Robert J. Ruben,"Ruben, Robert J. Beyond the Text: Artists' Books from the Collection of Robert J. Ruben. New York: Grolier Club, 2010. pp.130, 131."
RN5DUW7Z,1,BEGEG5AI,substring,0.950,yes,Artists books,"Lyons, Joan. Artists' Books : Visual Studies Workshop Press. Rochester: Visual Studies Workshop Press, 2009. pp.52, 166."
RTI72K87,1,SGBJXYRF,substring,0.990,,Esthétique du livre d'artiste 1960/1980 : une introduction à l'art contemporain,"Moeglin-Delcroix, Anne. Esthétique Du Livre D’artiste 1960/1980 : Une Introduction à L'art Contemporain. Nouv. éd. rev. et augm. Marseille: Bibliothèque nationale de France, 2012. pp.XII n4, 20, 21, 22, 51, 55, 337, 402, 434."
RTI72K87,2,FAEUXXHV,substring,0.990,,Booktrek : selected essays on artists' books (1972-2010),"Phillpot, Clive. Booktrek : Selected Essays on Artists’ Books (1972-2010). Zurich: JRP/Ringier , 2013. pp. 15, 24, 28, 53, 71, 90-91, 96, 145, 149-152, 155-157, 159, 164, 176, 186-188, 192, 206 n.5, n.9, 208-219, 222, 225-227, 230, 233 n.1, n.15, n.17, n.22, n.23, n.27 n.32, 250."
RTI72K87,3,JV2JKULL,substring,0.990,,Various small books : referencing various small books by Ed Ruscha,"Taylor, Phil. Various Small Books: Referencing Various Small Books by Ed Ruscha. Cambridge, Massachusetts: MIT Press, 2013. pp.8, 9, 10-11, 14, 16-17, 20-23, 25, 27, 142, 158, 180, 188, 190, 210, 273, 281, 282 n.1, n.6."
RZJCU349,1,BCG5FURQ,substring,0.990,,The century of artists' books,"Drucker, Johanna. The Century of Artists’ Books. 2nd ed. New York City: Granary Books, 2004. p.355."
RZJCU349,2,A5RE4482,substring,0.990,,Artists' books : the book as a work of art 1963-2000,"Bury, Stephen. Artists’ Books : the Book as a Work of Art 1963-2000. London: Bernard Quaritch Ltd, 2015. p"
S2L9U7LF,1,BEGEG5AI,substring,0.950,yes,Artists books,"Lyons, Joan. Artists' Books : Visual Studies Workshop Press. Rochester: Visual Studies Workshop Press, 2009. p.26, 162."
S6JDHBSV,1,D2HD5CJR,substring,0.990,,Speaking of book art : interviews with British and American book artists,"Courtney, Cathy. Speaking of Book Art: Interviews with British and American Book Artists. Los Altos Hills, Calif: Anderson-Lovelace, 1999. p. 121."
SS7XET8D,1,BCG5FURQ,substring,0.990,,The century of artists' books,"Drucker, Johanna. The Century of Artists’ Books. 2nd ed. New York City: Granary Books, 2004. pp.234, 235."
SS7XET8D,2,SGBJXYRF,substring,0.990,,Esthétique du livre d'artiste 1960/1980 : une introduction à l'art contemporain,"Moeglin-Delcroix, Anne. Esthétique Du Livre D’artiste 1960/1980 : Une Introduction à L'art Contemporain. Nouv. éd. rev. et augm. Marseille: Bibliothèque nationale de France, 2012. p.436."
SS7XET8D,3,DHC5ATH7,substring,0.990,,Livres d'artistes,"Moeglin-Delcroix, Anne. Livres D’artistes. Paris: BPI, Centre Georges Pompidou, 1985. pp.26-27."
THA5852Y,1,BCG5FURQ,substring,0.990,,The century of artists' books,"Drucker, Johanna. The Century of Artists’ Books. 2nd ed. New York City: Granary Books, 2004. pp.201, 203."
THA5852Y,2,A5RE4482,substring,0.990,,Artists' books : the book as a work of art 1963-2000,"Bury, Stephen. Artists’ Books : the Book as a Work of Art 1963-2000. London: Bernard Quaritch Ltd, 2015. p.183."
TS8GCN76,1,KB2E34DZ,substring,0.990,,Artist/author : contemporary artists' books,"Lauf, Cornelia. Artist/author : Contemporary Artists’ Books. New York: American Federation of Arts, 1998. pp.34, 37."
TS8GCN76,2,SGBJXYRF,substring,0.990,,Esthétique du livre d'artiste 1960/1980 : une introduction à l'art contemporain,"Moeglin-Delcroix, Anne. Esthétique Du Livre D’artiste 1960/1980 : Une Introduction à L'art Contemporain. Nouv. éd. rev. et augm. Marseille: Bibliothèque nationale de France, 2012. pp.176, 431."
TS8GCN76,3,DHC5ATH7,substring,0.990,,Livres d'artistes,"Moeglin-Delcroix, Anne. Livres D’artistes. Paris: BPI, Centre Georges Pompidou, 1985. pp.44, 45."
TS8GCN76,4,FAEUXXHV,substring,0.990,,Booktrek : selected essays on artists' books (1972-2010),"Phillpot, Clive. Booktrek : Selected Essays on Artists’ Books (1972-2010). Zurich: JRP/Ringier , 2013. pp.188, 192."
U2QU4SM9,1,D2HD5CJR,substring,0.990,,Speaking of book art : interviews with British and American book artists,"Courtney, Cathy. Speaking of Book Art: Interviews with British and American Book Artists. Los Altos Hills, Calif: Anderson-Lovelace, 1999. p.27."
U2QU4SM9,2,KB2E34DZ,substring,0.990,,Artist/author : contemporary artists' books,"Lauf, Cornelia. Artist/author : Contemporary Artists’ Books. New York: American Federation of Arts, 1998. pp.51, 110, 128, 160."
U2QU4SM9,3,94CKQLVX,substring,0.990,,Artists' books : a critical anthology and sourcebook,"Lyons, Joan. Artists' Books : A Critical Anthology and Sourcebook. Rochester: Visual Studies Workshop Press, 1985. p.98."
U2QU4SM9,4,SGBJXYRF,substring,0.990,,Esthétique du livre d'artiste 1960/1980 : une introduction à l'art contemporain,"Moeglin-Delcroix, Anne. Esthétique Du Livre D’artiste 1960/1980 : Une Introduction à L'art Contemporain. Nouv. éd. rev. et augm. Marseille: Bibliothèque nationale de France, 2012. pp.20, 38, 395, 434."
U2QU4SM9,5,FAEUXXHV,substring,0.990,,Booktrek : selected essays on artists' books (1972-2010),"Phillpot, Clive. Booktrek: Selected Essays on Artists’ Books (1972-2010). Zurich: JRP/Ringier, 2013. pp.71, 91, 96, 208, 221, 222, 225."
U2QU4SM9,6,JV2JKULL,substring,0.990,,Various small books : referencing various small books by Ed Ruscha,"Taylor, Phil. Various Small Books: Referencing Various Small Books by Ed Ruscha. Cambridge, Massachusetts: MIT Press, 2013. pp.118, 232, 283 n.27."
U2QU4SM9,7,E8MAPXUI,substring,0.990,,Learn to read art: artists' books,"Tousley, Nancy, Felipe Ehrenberg, and Sally Alatalo. Learn to Read Art: Artists' Books. Hamilton, Ont: Art Gallery of Hamilton, 1990."
UAF28AG5,1,FAEUXXHV,substring,0.990,,Booktrek : selected essays on artists' books (1972-2010),"Phillpot, Clive. Booktrek: Selected Essays on Artists’ Books (1972-2010). Zurich: JRP/Ringier, 2013. pp.77, 78, 79, 81."
UAG6U4BG,1,X37HVCXS,substring,0.990,,"Book arts 2007, Bright Hill Center","Bright Hill Press North American Juried Book Arts Exhibition. Book Arts 2007, Bright Hill Center. Treadwell, NY: Bright Hill Press, 2007. pp.7, 57."
UAJB56LT,1,94CKQLVX,substring,0.990,,Artists' books : a critical anthology and sourcebook,"Lyons, Joan. Artists' Books : A Critical Anthology and Sourcebook. Rochester: Visual Studies Workshop Press, 1985. pp.65, 66."
UAJB56LT,2,BEGEG5AI,substring,0.950,yes,Artists books,"Lyons, Joan. Artists' Books : Visual Studies Workshop Press. Rochester: Visual Studies Workshop Press, 2009. pp.20, 151."
UAJB56LT,3,SGBJXYRF,substring,0.990,,Esthétique du livre d'artiste 1960/1980 : une introduction à l'art contemporain,"Moeglin-Delcroix, Anne. Esthétique Du Livre D’artiste 1960/1980 : Une Introduction à L'art Contemporain. Nouv. éd. rev. et augm. Marseille: Bibliothèque nationale de France, 2012. pp.321, 326, 423."
UAJB56LT,4,FAEUXXHV,substring,0.990,,Booktrek : selected essays on artists' books (1972-2010),"Phillpot, Clive. Booktrek: Selected Essays on Artists’ Books (1972-2010). Zurich: JRP/Ringier, 2013. p.76."
URPYB2MG,1,7SFXCRS9,substring,0.990,,"The book made art : a selection of contemporary artists' books, exhibited in the Joseph Regenstein Library, the University of Chicago, February through April 1986","Abt, Jeffrey. The Book Made Art: a Selection of Contemporary Artists' Books, Exhibited in the Joseph Regenstein Library, the University of Chicago, February Through April 1986. Chicago: University of Chicago Library, 1986. p.35."
URPYB2MG,2,BCG5FURQ,substring,0.990,,The century of artists' books,"Drucker, Johanna. The Century of Artists’ Books. 2nd ed. New York City: Granary Books, 2004. pp.319-20, 332n.7."
URPYB2MG,3,R9TPTHIC,substring,0.990,,"Breaking the bindings : American book art now : an exhibition of creative bookmaking produced in the United States since 1980, Elvehjem Museum of Art, 6 May-3 July 1983.","Elvehjem Museum of Art. Breaking the Bindings: American Book Art Now: an Exhibition of Creative Bookmaking Produced in the United States Since 1980, Elvehjem Museum of Art, 6 May-3 July 1983. Madison, Wis.: Elvehjem Museum of Art, 1983. [p.72]."
URPYB2MG,4,94CKQLVX,substring,0.990,,Artists' books : a critical anthology and sourcebook,"Lyons, Joan. Artists' Books : A Critical Anthology and Sourcebook. Rochester: Visual Studies Workshop Press, 1985. p.80, 82-83, 162."
URPYB2MG,5,BEGEG5AI,substring,0.950,yes,Artists books,"Lyons, Joan. Artists' Books : Visual Studies Workshop Press. Rochester: Visual Studies Workshop Press, 2009. p.118, 119, 155."
UX454NTD,1,DHC5ATH7,substring,0.990,,Livres d'artistes,"Moeglin-Delcroix, Anne. Livres D’artistes. Paris: BPI, Centre Georges Pompidou, 1985. p.122."
UZ8WXUCG,1,A5RE4482,substring,0.990,,Artists' books : the book as a work of art 1963-2000,"Bury, Stephen. Artists’ Books : the Book as a Work of Art 1963-2000. London: Bernard Quaritch Ltd, 2015. p.183."
UZ8WXUCG,2,SGBJXYRF,substring,0.990,,Esthétique du livre d'artiste 1960/1980 : une introduction à l'art contemporain,"Moeglin-Delcroix, Anne. Esthétique Du Livre D’artiste 1960/1980 : Une Introduction à L'art Contemporain. Nouv. éd. rev. et augm. Marseille: Bibliothèque nationale de France, 2012. pp.169, 424."
V2JCB6GV,1,BEGEG5AI,substring,0.950,yes,Artists books,"Lyons, Joan. Artists' Books : Visual Studies Workshop Press. Rochester: Visual Studies Workshop Press, 2009. p.161."
V5GBKC3Z,1,A5RE4482,substring,0.990,,Artists' books : the book as a work of art 1963-2000,"Bury, Stephen. Artists’ Books : the Book as a Work of Art 1963-2000. London: Bernard Quaritch Ltd, 2015. p.205."
V5GBKC3Z,2,BCG5FURQ,substring,0.990,,The century of artists' books,"Drucker, Johanna. The Century of Artists’ Books. 2nd ed. New York City: Granary Books, 2004. pp.223."
V5GBKC3Z,3,SGBJXYRF,substring,0.990,,Esthétique du livre d'artiste 1960/1980 : une introduction à l'art contemporain,"Moeglin-Delcroix, Anne. Esthétique Du Livre D’artiste 1960/1980 : Une Introduction à L'art Contemporain. Nouv. éd. rev. et augm. Marseille: Bibliothèque nationale de France, 2012. pp.320, 424."
V5XVCRM6,1,A5RE4482,substring,0.990,,Artists' books : the book as a work of art 1963-2000,"Bury, Stephen. Artists’ Books : the Book as a Work of Art 1963-2000. London: Bernard Quaritch Ltd, 2015. p.197."
V5XVCRM6,2,SGBJXYRF,substring,0.990,,Esthétique du livre d'artiste 1960/1980 : une introduction à l'art contemporain,"Moeglin-Delcroix, Anne. Esthétique Du Livre D’artiste 1960/1980 : Une Introduction à L'art Contemporain. Nouv. éd. rev. et augm. Marseille: Bibliothèque nationale de France, 2012. p.435."
V5XVCRM6,3,DHC5ATH7,substring,0.990,,Livres d'artistes,"Moeglin-Delcroix, Anne. Livres D’artistes. Paris: BPI, Centre Georges Pompidou, 1985. pp.71, 72."
V8GA3YS9,1,BEGEG5AI,substring,0.950,yes,Artists books,"Lyons, Joan. Artists' Books : Visual Studies Workshop Press. Rochester: Visual Studies Workshop Press, 2009. pp.46, 162."
VDUDK9C2,1,BCG5FURQ,substring,0.990,,The century of artists' books,"Drucker, Johanna. The Century of Artists’ Books. 2nd ed. New York City: Granary Books, 2004. pp.302-3, 302."
VDUDK9C2,2,SGBJXYRF,substring,0.990,,Esthétique du livre d'artiste 1960/1980 : une introduction à l'art contemporain,"Moeglin-Delcroix, Anne. Esthétique Du Livre D’artiste 1960/1980 : Une Introduction à L'art Contemporain. Nouv. éd. rev. et augm. Marseille: Bibliothèque nationale de France, 2012. p.431."
VN89TZBV,1,BEGEG5AI,substring,0.950,yes,Artists books,"Lyons, Joan. Artists' Books : Visual Studies Workshop Press. Rochester: Visual Studies Workshop Press, 2009. pp.48, 163."
VVKM5K5N,1,BCG5FURQ,substring,0.990,,The century of artists' books,"Drucker, Johanna. The Century of Artists’ Books. 2nd ed. New York City: Granary Books, 2004. pp.181, 251-252."
VVKM5K5N,2,STSHFPHF,substring,0.990,,Druckworks 1972-2012 : 40 years of books and projects,"Drucker, Johanna. Druckworks 1972-2012 : 40 Years of Books and Projects. 1st ed. Chicago, Ill.: Epicenter, Center for Book and Paper Arts, 2012. pp.5, 14, 49, 52, 53-55, 56, 57, 58 n.5, 59, 63, 64, 67, 88, 93, 99, 106, 115, 136."
VVKM5K5N,3,278G84HQ,substring,0.990,,The journal of artists' books JAB.,"The Journal of Artists' Books JAB. New York, NY: Interplanetary Productions, 1994. <http://newfirstsearch.oclc.org/dbname=WilsonSelectPlus;journal=1085-1461;screen=available;done=referer;FSIP>. no.36 (Fall 2014), p.4."
VVTUGTLE,1,BEGEG5AI,substring,0.950,yes,Artists books,"Lyons, Joan. Artists' Books : Visual Studies Workshop Press. Rochester: Visual Studies Workshop Press, 2009. pp.35, 163."
VVVDQ639,1,BEGEG5AI,substring,0.950,yes,Artists books,"Lyons, Joan. Artists' Books : Visual Studies Workshop Press. Rochester: Visual Studies Workshop Press, 2009. p.160."
VVY2VVZ4,1,BEGEG5AI,substring,0.950,yes,Artists books,"Lyons, Joan. Artists' Books : Visual Studies Workshop Press. Rochester: Visual Studies Workshop Press, 2009. pp.73, 162."
VWUVP8J2,1,A5RE4482,substring,0.990,,Artists' books : the book as a work of art 1963-2000,"Bury, Stephen. Artists’ Books : the Book as a Work of Art 1963-2000. London: Bernard Quaritch Ltd, 2015. p.188."
VWUVP8J2,2,JHBWPGKS,substring,0.990,,Sol LeWitt : artist's books,"LeWitt, Sol. Sol LeWitt: Artist’s Books. Sant’Eraclio di Foligno (Foligno): Viaindustriae, 2009. p.48."
VWUVP8J2,3,SGBJXYRF,substring,0.990,,Esthétique du livre d'artiste 1960/1980 : une introduction à l'art contemporain,"Moeglin-Delcroix, Anne. Esthétique Du Livre D’artiste 1960/1980 : Une Introduction à L'art Contemporain. Nouv. éd. rev. et augm. Marseille: Bibliothèque nationale de France, 2012. pp.266, 267, 431."
VZXP6GCM,1,BEGEG5AI,substring,0.950,yes,Artists books,"Lyons, Joan. Artists' Books : Visual Studies Workshop Press. Rochester: Visual Studies Workshop Press, 2009. p.94,156."
W3LDEBSB,1,A5RE4482,substring,0.990,,Artists' books : the book as a work of art 1963-2000,"Bury, Stephen. Artists’ Books : the Book as a Work of Art 1963-2000. London: Bernard Quaritch Ltd, 2015. p.189."
W3LDEBSB,2,SGBJXYRF,substring,0.990,,Esthétique du livre d'artiste 1960/1980 : une introduction à l'art contemporain,"Moeglin-Delcroix, Anne. Esthétique Du Livre D’artiste 1960/1980 : Une Introduction à L'art Contemporain. Nouv. éd. rev. et augm. Marseille: Bibliothèque nationale de France, 2012. pp.279 n3, 423."
W48KLTKW,1,EYAM3MR5,substring,0.990,,Creating artists' books,"Bodman, Sarah. Creating Artists’ Books. New York: Watson-Guptill Publications, 2005. pp.8, 9, 71."
W4A4UHJH,1,7SFXCRS9,substring,0.990,,"The book made art : a selection of contemporary artists' books, exhibited in the Joseph Regenstein Library, the University of Chicago, February through April 1986","Abt, Jeffrey. The Book Made Art: a Selection of Contemporary Artists' Books, Exhibited in the Joseph Regenstein Library, the University of Chicago, February Through April 1986. Chicago: University of Chicago Library, 1986. p.21"
W99EI378,1,BCG5FURQ,substring,0.990,,The century of artists' books,"Drucker, Johanna. The Century of Artists’ Books. 2nd ed. New York City: Granary Books, 2004. pp.305, 305, 323."
WDBVDSH6,1,BCG5FURQ,substring,0.990,,The century of artists' books,"Drucker, Johanna. The Century of Artists’ Books. 2nd ed. New York City: Granary Books, 2004. pp.142, 202-3, 202, 226n14."
WDBVDSH6,2,L3HFQ2SA,substring,0.990,,Beyond the text : artists' books from the collection of Robert J. Ruben,"Ruben, Robert J. Beyond the Text: Artists' Books from the Collection of Robert J. Ruben. New York: Grolier Club, 2010. pp.88, 89."
WDITEMDJ,1,BCG5FURQ,substring,0.990,,The century of artists' books,"Drucker, Johanna. The Century of Artists’ Books. 2nd ed. New York City: Granary Books, 2004. pp.85-6, 86."
WDITEMDJ,2,94CKQLVX,substring,0.990,,Artists' books : a critical anthology and sourcebook,"Lyons, Joan. Artists' Books : A Critical Anthology and Sourcebook. Rochester: Visual Studies Workshop Press, 1985. p.215."
WDITEMDJ,3,SGBJXYRF,substring,0.990,,Esthétique du livre d'artiste 1960/1980 : une introduction à l'art contemporain,"Moeglin-Delcroix, Anne. Esthétique Du Livre D’artiste 1960/1980 : Une Introduction à L'art Contemporain. Nouv. éd. rev. et augm. Marseille: Bibliothèque nationale de France, 2012. pp.321, 433."
WDITEMDJ,4,FAEUXXHV,substring,0.990,,Booktrek : selected essays on artists' books (1972-2010),"Phillpot, Clive. Booktrek: Selected Essays on Artists’ Books (1972-2010). Zurich: JRP/Ringier, 2013. p.80."
WQ458CVM,1,BEGEG5AI,substring,0.950,yes,Artists books,"Lyons, Joan. Artists' Books : Visual Studies Workshop Press. Rochester: Visual Studies Workshop Press, 2009. pp.58, 157."
WSZILAFT,1,EYAM3MR5,substring,0.990,,Creating artists' books,"Bodman, Sarah. Creating Artists’ Books. New York: Watson-Guptill Publications, 2005. p.8."
WSZILAFT,2,BEGEG5AI,substring,0.950,yes,Artists books,"Lyons, Joan. Artists' Books : Visual Studies Workshop Press. Rochester: Visual Studies Workshop Press, 2009. pp.75, 164."
WV85WPUH,1,BEGEG5AI,substring,0.950,yes,Artists books,"Lyons, Joan. Artists' Books : Visual Studies Workshop Press. Rochester: Visual Studies Workshop Press, 2009. pp.159."
X79CB8BP,1,D2HD5CJR,substring,0.990,,Speaking of book art : interviews with British and American book artists,"Courtney, Cathy. Speaking of Book Art: Interviews with British and American Book Artists. Los Altos Hills, Calif: Anderson-Lovelace, 1999. p.209."
X79CB8BP,2,BCG5FURQ,substring,0.990,,The century of artists' books,"Drucker, Johanna. The Century of Artists’ Books. 2nd ed. New York City: Granary Books, 2004. pp.83-85, 84."
X79CB8BP,3,5JWH4AMJ,substring,0.990,,Offset : artists' books & prints.,"Freeman, Brad. Offset: Artists' Books & Prints. New York, N.Y.: Interplanetary Productions, 1993. p.20."
X79CB8BP,4,278G84HQ,substring,0.990,,The journal of artists' books JAB.,"The Journal of Artists' Books JAB. New York, NY: Interplanetary Productions, 1994. <http://newfirstsearch.oclc.org/dbname=WilsonSelectPlus;journal=1085-1461;screen=available;done=referer;FSIP>. no.36 (Fall 2014), pp.35-6."
X79CB8BP,5,KB2E34DZ,substring,0.990,,Artist/author : contemporary artists' books,"Lauf, Cornelia. Artist/author : Contemporary Artists’ Books. New York: American Federation of Arts, 1998. pp.50-51, 54."
X79CB8BP,6,BEGEG5AI,substring,0.950,yes,Artists books,"Lyons, Joan. Artists' Books : Visual Studies Workshop Press. Rochester: Visual Studies Workshop Press, 2009. pp.121."
XCSC2N87,1,A5RE4482,substring,0.990,,Artists' books : the book as a work of art 1963-2000,"Bury, Stephen. Artists’ Books : the Book as a Work of Art 1963-2000. London: Bernard Quaritch Ltd, 2015. p.194."
XCSC2N87,2,JHBWPGKS,substring,0.990,,Sol LeWitt : artist's books,"LeWitt, Sol. Sol LeWitt: Artist’s Books. Sant’Eraclio di Foligno (Foligno): Viaindustriae, 2009. pp.50-53."
XCSC2N87,3,SGBJXYRF,substring,0.990,,Esthétique du livre d'artiste 1960/1980 : une introduction à l'art contemporain,"Moeglin-Delcroix, Anne. Esthétique Du Livre D’artiste 1960/1980 : Une Introduction à L'art Contemporain. Nouv. éd. rev. et augm. Marseille: Bibliothèque nationale de France, 2012. pp.267, 272, 273, 431."
XDL8DE2V,1,BCG5FURQ,substring,0.990,,The century of artists' books,"Drucker, Johanna. The Century of Artists’ Books. 2nd ed. New York City: Granary Books, 2004. pp.236-237, 241."
XDL8DE2V,2,94CKQLVX,substring,0.990,,Artists' books : a critical anthology and sourcebook,"Lyons, Joan. Artists' Books : A Critical Anthology and Sourcebook. Rochester: Visual Studies Workshop Press, 1985. p.18."
XHDIB9RD,1,JV2JKULL,substring,0.990,,Various small books : referencing various small books by Ed Ruscha,"Taylor, Phil. Various Small Books: Referencing Various Small Books by Ed Ruscha. Cambridge, Massachusetts: MIT Press, 2013. pp.176, 188-189, 286."
XL5ECVPF,1,D2HD5CJR,substring,0.990,,Speaking of book art : interviews with British and American book artists,"Courtney, Cathy. Speaking of Book Art: Interviews with British and American Book Artists. Los Altos Hills, Calif: Anderson-Lovelace, 1999. pp. 94, 135."
XL5ECVPF,2,FAEUXXHV,substring,0.990,,Booktrek : selected essays on artists' books (1972-2010),"Phillpot, Clive. Booktrek: Selected Essays on Artists’ Books (1972-2010). Zurich: JRP/Ringier, 2013. pp.163-164."
XP8YFKPR,1,T5WUKIXI,substring,0.990,,Multiples: the first decade; [catalogue],"Tancock, John L. Multiples: the First Decade; [Catalogue]. [Philadelphia]: [Philadelphia Museum of Art; distributed by Boston Book and Art, Boston], 1971. p.[78], fig.43"
XP9M2U3Q,1,DCLMEBVD,substring,0.990,,Allan Kaprow : a bibliography,"Kaprow, Allan. Allan Kaprow : a Bibliography. Milano: Mousse Pub., 2011. pp.5, 12, 62-65."
XP9M2U3Q,2,SGBJXYRF,substring,0.990,,Esthétique du livre d'artiste 1960/1980 : une introduction à l'art contemporain,"Moeglin-Delcroix, Anne. Esthétique Du Livre D’artiste 1960/1980 : Une Introduction à L'art Contemporain. Nouv. éd. rev. et augm. Marseille: Bibliothèque nationale de France, 2012. pp.143 n6, 430."
XUXNQB4J,1,BCG5FURQ,substring,0.990,,The century of artists' books,"Drucker, Johanna. The Century of Artists’ Books. 2nd ed. New York City: Granary Books, 2004. pp.347-8."
XVFFMZT2,1,,none,0.000,,,Cited*:
XVFFMZT2,2,EYAM3MR5,substring,0.990,,Creating artists' books,"Bodman, Sarah. Creating Artists’ Books. New York: Watson-Guptill Publications, 2005. p.59."
XVFFMZT2,3,A5RE4482,substring,0.990,,Artists' books : the book as a work of art 1963-2000,"Bury, Stephen. Artists’ Books : the Book as a Work of Art 1963-2000. London: Bernard Quaritch Ltd, 2015. p.204."
XVFFMZT2,4,BCG5FURQ,substring,0.990,,The century of artists' books,"Drucker, Johanna. The Century of Artists’ Books. 2nd ed. New York City: Granary Books, 2004. pp.109-11, 110, 120 n.11, 162."
XVFFMZT2,5,STSHFPHF,substring,0.990,,Druckworks 1972-2012 : 40 years of books and projects,"Drucker, Johanna. Druckworks 1972-2012 : 40 Years of Books and Projects. 1st ed. Chicago, Ill.: Epicenter, Center for Book and Paper Arts, 2012. p.90."
XVFFMZT2,6,94CKQLVX,substring,0.990,,Artists' books : a critical anthology and sourcebook,"Lyons, Joan. Artists' Books : A Critical Anthology and Sourcebook. Rochester: Visual Studies Workshop Press, 1985. p.17."
XVFFMZT2,7,QEFHBIF4,substring,0.990,,Thread loves paper,"Marks, Emily. Thread Loves Paper. [Sonoma, Calif. ] : Emily Marks, 2012. p.61."
XVFFMZT2,8,SGBJXYRF,substring,0.990,,Esthétique du livre d'artiste 1960/1980 : une introduction à l'art contemporain,"Moeglin-Delcroix, Anne. Esthétique Du Livre D’artiste 1960/1980 : Une Introduction à L'art Contemporain. Nouv. éd. rev. et augm. Marseille: Bibliothèque nationale de France, 2012. pp.367, 368, 369, 370, 371, 433."
XVFFMZT2,9,DHC5ATH7,substring,0.990,,Livres d'artistes,"Moeglin-Delcroix, Anne. Livres D’artistes. Paris: BPI, Centre Georges Pompidou, 1985. pp.104, 105."
XVFFMZT2,10,,none,0.000,,,"*Citations of A Humument are included in this record if the author is referring to the project in general, or to the 1st - Final (6th) trade editions specifically."
XYWFSLL2,1,BEGEG5AI,substring,0.950,yes,Artists books,"Lyons, Joan. Artists' Books : Visual Studies Workshop Press. Rochester: Visual Studies Workshop Press, 2009. pp.108, 162."
YV3XHZFQ,1,DHC5ATH7,substring,0.990,,Livres d'artistes,"Moeglin-Delcroix, Anne. Livres D’artistes. Paris: BPI, Centre Georges Pompidou, 1985. p.127."
Z3TC8IEP,1,94CKQLVX,substring,0.990,,Artists' books : a critical anthology and sourcebook,"Lyons, Joan. Artists' Books : A Critical Anthology and Sourcebook. Rochester: Visual Studies Workshop Press, 1985. p.20."
Z8TZAPIY,1,94CKQLVX,substring,0.990,,Artists' books : a critical anthology and sourcebook,"Lyons, Joan. Artists' Books : A Critical Anthology and Sourcebook. Rochester: Visual Studies Workshop Press, 1985. p.219."
ZBY9BGV2,1,94CKQLVX,substring,0.990,,Artists' books : a critical anthology and sourcebook,"Lyons, Joan. Artists' Books : A Critical Anthology and Sourcebook. Rochester: Visual Studies Workshop Press, 1985. p.98."
ZBY9BGV2,2,SGBJXYRF,substring,0.990,,Esthétique du livre d'artiste 1960/1980 : une introduction à l'art contemporain,"Moeglin-Delcroix, Anne. Esthétique Du Livre D’artiste 1960/1980 : Une Introduction à L'art Contemporain. Nouv. éd. rev. et augm. Marseille: Bibliothèque nationale de France, 2012. pp.338, 434."
ZBY9BGV2,3,FAEUXXHV,substring,0.990,,Booktrek : selected essays on artists' books (1972-2010),"Phillpot, Clive. Booktrek: Selected Essays on Artists’ Books (1972-2010). Zurich: JRP/Ringier, 2013 p.96, 227, 228."
ZBY9BGV2,4,MN3CW7FZ,substring,0.990,,Artists and their books - books and their artists,"Reed, Marcia, and Glenn Phillips. Artists and their books - books and their artists. Los Angeles: The Getty Research Institute, 2018. pp.158-159, 208."
ZF3UJ73X,1,A5RE4482,substring,0.990,,Artists' books : the book as a work of art 1963-2000,"Bury, Stephen. Artists’ Books : the Book as a Work of Art 1963-2000. London: Bernard Quaritch Ltd, 2015. p.190."
ZF3UJ73X,2,SGBJXYRF,substring,0.990,,Esthétique du livre d'artiste 1960/1980 : une introduction à l'art contemporain,"Moeglin-Delcroix, Anne. Esthétique Du Livre D’artiste 1960/1980 : Une Introduction à L'art Contemporain. Nouv. éd. rev. et augm. Marseille: Bibliothèque nationale de France, 2012. pp.97, 426."
ZF3UJ73X,3,MN3CW7FZ,substring,0.990,,Artists and their books - books and their artists,"Reed, Marcia, and Glenn Phillips. Artists and their books - books and their artists. Los Angeles: The Getty Research Institute, 2018. pp.72-73, 205."
ZIKLIUXS,1,94CKQLVX,substring,0.990,,Artists' books : a critical anthology and sourcebook,"Lyons, Joan. Artists' Books : A Critical Anthology and Sourcebook. Rochester: Visual Studies Workshop Press, 1985. p.46, 96."
ZIKLIUXS,2,SGBJXYRF,substring,0.990,,Esthétique du livre d'artiste 1960/1980 : une introduction à l'art contemporain,"Moeglin-Delcroix, Anne. Esthétique Du Livre D’artiste 1960/1980 : Une Introduction à L'art Contemporain. Nouv. éd. rev. et augm. Marseille: Bibliothèque nationale de France, 2012. pp.21, 434."
ZIKLIUXS,3,E8MAPXUI,substring,0.990,,Learn to read art: artists' books,"Tousley, Nancy, Felipe Ehrenberg, and Sally Alatalo. Learn to Read Art: Artists' Books. Hamilton, Ont: Art Gallery of Hamilton, 1990. p.10"
ZLF4BX44,1,BEGEG5AI,substring,0.950,yes,Artists books,"Lyons, Joan. Artists' Books : Visual Studies Workshop Press. Rochester: Visual Studies Workshop Press, 2009. pp.38, 161."
ZTLPL5X3,1,SGBJXYRF,substring,0.990,,Esthétique du livre d'artiste 1960/1980 : une introduction à l'art contemporain,"Moeglin-Delcroix, Anne. Esthétique Du Livre D’artiste 1960/1980 : Une Introduction à L'art Contemporain. Nouv. éd. rev. et augm. Marseille: Bibliothèque nationale de France, 2012. pp.79 n7, 425."
ZUBAKSXP,1,A5RE4482,substring,0.990,,Artists' books : the book as a work of art 1963-2000,"Bury, Stephen. Artists’ Books : the Book as a Work of Art 1963-2000. London: Bernard Quaritch Ltd, 2015. p.200."
ZUBAKSXP,2,DHC5ATH7,substring,0.990,,Livres d'artistes,"Moeglin-Delcroix, Anne. Livres D’artistes. Paris: BPI, Centre Georges Pompidou, 1985. p.38."
ZW723DS9,1,A5RE4482,substring,0.990,,Artists' books : the book as a work of art 1963-2000,"Bury, Stephen. Artists’ Books : the Book as a Work of Art 1963-2000. London: Bernard Quaritch Ltd, 2015. p.220."
ZW723DS9,2,BCG5FURQ,substring,0.990,,The century of artists' books,"Drucker, Johanna. The Century of Artists’ Books. 2nd ed. New York City: Granary Books, 2004. pp.353-354."
ZW723DS9,3,BEGEG5AI,substring,0.950,yes,Artists books,"Lyons, Joan. Artists' Books : Visual Studies Workshop Press. Rochester: Visual Studies Workshop Press, 2009. pp.41, 159."
ZWNW6KQR,1,BEGEG5AI,substring,0.950,yes,Artists books,"Lyons, Joan. Artists' Books : Visual Studies Workshop Press. Rochester: Visual Studies Workshop Press, 2009. pp.117, 163."
ZX6DJLD4,1,XUKZQZKP,substring,0.950,,Ajam Media Collective,"Ajam Media Collective. “Exhausted Geographies: Mapping the Dream of Pakistan in the Streets of Karachi,” November 13, 2015. https://ajammc.com/2015/11/12/exhausted-geographies-karachi/."
