publisher,wikidata identifier
Art For All,Q132109081
Press line,Q124317717
Antoine Buyse,Q58794438
Ace Gallery,Q4672976
ACTAR,Q4650839
Actes Sud,Q2823584
Actes Sud,Q2823584
Addison Gallery of American Art,Q4681251
Addison Gallery of American Art,Q4681251
Adelina von Fürstenberg,Q4681950
Adrien Maeght,Q33145334
Alain Buyse,Q28152550
Alexis Arnoldt,Q41777359
Alisa Banks,Q99591270
Allworth Press,Q139031844
Anderson Ranch Arts Center,Q54679533
"Anderson, Ritchie & Simon",Q121300365
"Anderson, Ritchie & Simon",Q121300365
Anne Frank House,Q4452658
Anthology Editions,Q124632252
Anton Würth,Q95288974
Aperture Foundation,Q4779388
Aram Sifuentes,Q23664618
Ardea Arts Inc.,Q109553398
Argobooks,Q23902973
Ari Marcopoulos,Q4790114
Arion Press,Q4790763
Arne Wolf,Q110111818
Art & Language Press,Q56422033
Art Farm,Q127513851
Art Gallery of Hamilton,Q4796830
Art Gallery of Ontario,Q670250
Art Press,Q2864718
Art For All,Q132109081
Art & Language,Q558276
Artist Press,Q131287421
Artpolice,Q88331448
Artspeak,Q17013345
Astro Artz,Q106281335
Astrup Fearnley Museum of Modern Art,Q761048
Atelier des Grames,Q2868862
Ateliers Graff,Q106847255
اٹلانٹا کالج آف آرٹ,Q4816044
اٹلانٹا کالج آف آرٹ,Q4816044
اٹلانٹا کالج آف آرٹ,Q4816044
Nexus Press,Q117885051
Nexus Press,Q117885051
Nexus Press,Q117885051
Nexus Press,Q117885051
Nexus Press,Q117885051
Nexus Press,Q117885051
Nexus Press,Q117885051
Nexus Press,Q117885051
Nexus Press,Q117885051
Nexus Press,Q117885051
Nexus Press,Q117885051
Nexus Press,Q117885051
Nexus Press,Q117885051
Nexus Press,Q117885051
Nexus Press,Q117885051
Nexus Press,Q117885051
Nexus Press,Q117885051
Nexus Press,Q117885051
Nexus Press,Q117885051
Nexus Press,Q117885051
Nexus Press,Q117885051
Nexus Press,Q117885051
Atlas Press,Q4034541
Audrey Niffenegger,Q113233
University of Texas Press,Q4005866
University of Texas Press,Q4005866
Barbara A. Fox,Q112873618
Brian Nolan,Q58475654
Barbara Porter,Q117348071
Badlands Unlimited,Q48965141
bailiwick,Q4996207
Bantam Books,Q2609948
Barbara Fahrner,Q139159006
Gladstone Gallery,Q51575015
Barbara Milman,Q106317912
Barbara Rosenthal,Q4859266
Barbarian Press,Q25039572
Béatrice Coron,Q23691925
Beau Geste Press,Q65091791
The Bedford Press,Q100278192
Beinecke Rare Book & Manuscript Library,Q814779
Belleza Infinita,Q131937967
Belleza Infinita,Q131937967
Bern Porter,Q822103
Bernard Quaritch Ltd,Q65034936
National Library of Chile,Q2901485
Bibliothèque municipale de Lyon,Q8622
Bieler Press,Q138379481
Black Dog Publishing,Q4920673
Black Sparrow Books,Q2905471
Blue Heron Press,Q85845536
Booklyn Artist Alliance,Q16948255
Boston Athenæum,Q478013
Bowdoin College Library,Q109450613
Brainstormers,Q16200250
Bread and Puppet Theater,Q903519
Bread and Puppet Theater,Q903519
Brighton Press,Q138379513
Brooklyn Museum,Q632682
Buchhandlung Walther König,Q998441
Buenaventura Press,Q4985484
Bullet Space,Q105368671
Buzz Spector,Q62061918
Byerley,Q5004060
Bywater Bros. Editions,Q111354059
cacls,Q3649398
CCA Kitakyūshū,Q11193101
California Institute of the Arts,Q1026827
Camberwell Press,Q138379521
Cape Goliard Press,Q138379524
Carla Sozzani,Q5041107
Carol Schwartzott,Q108715894
Carole Caroompas,Q5044669
Papyrus Notebooks Publishing House,Q136376051
Casa los fuegos,Q119503514
Castelli Graphics,Q110280176
Castle of Rivoli,Q19844
Catbird Press,Q11722495
Center for Book Arts,Q5059528
CCA Kitakyūshū,Q11193101
Centre culturel suisse,Q2945014
Institut Tessin,Q927844
centre d'édition contemporaine,Q2945154
Centro Di,Q122921489
Centro de Arte y Comunicación,Q1054333
Centro de Arte y Comunicación,Q1054333
Racine Art Museum,Q7279653
Chax Press,Q5088584
Christine Burgin,Q134958516
Christine Burgin Gallery,Q134958529
Christine Kermaire,Q102036264
Chronicle Books,Q5114023
Circle Press,Q138379543
City Lights Bookstore,Q2394278
Clarissa Sligh,Q18347825
Closky,Q130236300
Cneai =,Q17175770
Coach House Books,Q5137585
Coach House Press,Q106918336
The Coca-Cola Company,Q3295867
Codex Foundation,Q138379547
Coffee House Press,Q5140912
Colette Fu,Q27915324
Common Threads Press,Q134385459
Conrad Gleber,Q25389082
Conveyor Editions,Q119496712
cookie press,Q5167102
Copper Canyon Press,Q5168700
Coracle Press,Q75894356
Coracle Press,Q75894356
Cornell University,Q49115
Corraini edizioni,Q19753409
CounterPath Corporation,Q5176904
Crab Quill Press,Q138379559
CrimethInc.,Q1140033
Cristina de Middel,Q16215220
linen tester,Q1638603
Distributed Art Publishers,Q5283109
Distributed Art Publishers,Q5283109
Daily-Bul,Q3012081
Daniel Jubb,Q5217732
Daniela Ruggeri,Q137089406
Dashwood Books,Q137643264
David Stairs,Q67400858
Davison Art Center,Q18342336
Vleeshal Middelburg,Q597597
Deichtorhallen,Q1183156
dele,Q686962
Delft University Press,Q122921520
Andrea Dezsö,Q20479756
Dia Art Foundation,Q1207930
Distributed Art Publishers,Q5283109
Don Celender,Q28873078
Double Elephant Press,Q110280322
Drawing Center,Q3039170
drill press,Q2211295
printed matter,Q1261026
DuMont Media Group,Q877099
DuMont Media Group,Q877099
Earsay,Q5326976
Eating Dog Press,Q138803606
Eclectic Production,Q112727460
Edgar Clement,Q5391748
Edgewise Press,Q18746583
Ediciones Vigía,Q28502771
Ediciones Vigía,Q28502771
Antipyrine / After Hand,Q12300686
Fanal,Q130584553
Editions Howeg,Q72549271
Editions Howeg,Q72549271
Edition and Gallery Hundertmark,Q1285342
Edition Jacob Samuel,Q136109138
Éditions Charles Léopold Mayer,Q3579273
Edition Nautilus,Q1285306
Edition Staeck,Q125524935
Editions Alecto Limited,Q110280371
Éditions Filigranes,Q3579330
Éditions Micheline Szwajcer & Michèle Didier,Q122957026
Éditions Treville,Q105485467
éditions de l'Observatoire,Q51160769
Editora UFG,Q97173552
Ediciones Antigona,Q139382478
Editorial Delirio,Q52637443
not on label,Q28736417
El Croquis,Q382461
Elaine Langerman,Q108712247
Elisabeth Tonnard,Q18294660
Eloísa Cartonera,Q1333254
Eloísa Cartonera,Q1333254
Chazen Museum of Art,Q3666871
—,Q10941604
Emigre,Q528041
Emily Lowe Gallery,Q55183275
Enitharmon Press,Q5378977
Eric Doeringer,Q5386381
Eric Drooker,Q375369
Estrujenbank,Q5849776
European Photography,Q1376878
evil clown,Q2979768
Exit,Q130603817
Extrapool,Q1815376
Freddy Marshall Productions,Q107724728
Fabian Carlsson,Q5603099
human factor,Q117346259
Fakkeldij,Q113130926
Fine Art Society,Q1416883
Floating World Comics,Q130329290
Flying Fish Press,Q116199609
Foolscap Press,Q138379618
Forlag Ed,Q122921638
Wydawnictwo Format,Q16616750
Edition Fotohof,Q62477487
Four Walls Eight Windows,Q5475605
Frac des Pays de la Loire,Q28495401
Fraenkel Gallery,Q22022569
Franco Toselli,Q139516276
Frankfurter Kunstverein,Q1444994
Frans Masereel Centrum,Q2013317
Frans Masereel Centrum,Q2013317
Frith Street Gallery,Q51594301
Fruitmarket Gallery,Q4402028
FuturePress,Q130564315
Günter Brus,Q677218
Gagosian Gallery,Q2748031
Foksal Gallery,Q5464222
Denise René,Q515783
Galerie Der Spiegel,Q1491860
Galerie Krinzinger,Q115861120
MTL Gallery,Q56230194
Galerie St. Petri,Q3056436
Galerie St. Petri,Q3056436
Galerie auf Zeit,Q130247304
Galerie Der Spiegel,Q1491860
Taxispalais – Kunsthalle Tirol,Q104649105
Galerie nationale du Jeu de Paume,Q656296
Galerie nächst St. Stephan,Q19823294
Galleria Toselli,Q97097883
Gefn Press,Q138379624
Gemelli Press,Q138379625
GenderFail,Q60768529
Gene Beery,Q16104610
Gerd de Vries,Q134485126
Getty Research Institute,Q11203476
Gian Enzo Sperone,Q124353714
Hylaea,Q4138286
Gilsland Farm,Q126916028
Gimpel fils,Q3106676
Gingko Press,Q16977475
Granary Books,Q18150386
Granary Books,Q18150386
Hannah Simpson Grant,Q64759245
Gregory Sholette,Q112494992
Grenfell Press,Q110280182
Grizedale,Q5609757
Groninger Museum,Q1542668
Grove Press,Q3777164
Gudrun von Maltzan,Q97015279
Guy Schraenen,Q16729528
H. Hussey,Q76250323
H. Mayer,Q94277111
H. Weston,Q75727093
H. Weston,Q75727093
Hans-Peter Feldmann,Q471419
Hacker Art Books,Q111296079
Hal Bromm Gallery,Q81248036
Hallwalls,Q5643233
Hamilton Press,Q114673121
Hanuman Books,Q21082920
Harcourt,Q5654997
Harlekin Art,Q115861136
Harper Perennial,Q5663419
Harvard Art Museums,Q3783572
Hatje Cantz Verlag,Q1459524
Hatje Cantz Verlag,Q1459524
Heather Weston,Q72689009
Heavy Industry Publications,Q121300405
contemporary art,Q186030
Hedi Kyle,Q29167532
Hermetic Press,Q5741446
High press,Q137603830
Holiseventh Press,Q110280259
Hollander Workshop,Q110280289
Holly Solomon Gallery,Q96381183
Holos Gallery,Q112830042
"Holt, Rinehart, and Winston",Q21809817
Hosanna Press,Q138290547
Hossmann,Q47215176
Institute for Complexity Science and Advanced Computing,Q139780555
Institut Valencià d'Art Modern,Q1600831
Iguana Press,Q137430195
Impressions Gallery,Q16994774
Impronta Casa Editora,Q131157129
Insomniac Press,Q6038286
Interference Archive,Q18972133
International Print Center New York,Q6052565
International Society of Copier Artists,Q25080071
Israel Museum,Q46815
Ivorypress,Q2884367
Julian Crane,Q109339423
Julia Golden,Q117306914
J Prez,Q45391826
JRP-Ringier,Q15820566
JRP-Ringier,Q15820566
Jack Wendler,Q6115722
Jan van Eyck Academie,Q1682433
Novosimskoye,Q1063971
Jardín Publicaciones,Q131283135
Jardín Publicaciones,Q131283135
Jardín Publicaciones,Q131283135
Jared Soares,Q118247721
Jeffery Keedy,Q6175767
Jenny Hunter Groat,Q29192030
Johanna Drucker,Q6216361
John Dilnot,Q98761635
John Eric Broaddus,Q87298845
John Gibson Gallery,Q30253163
John Gossage,Q3181622
John Weber Gallery,Q72853809
Julia Arredondo,Q119981987
Jungle Garden Press,Q116870125
Jürgen Schweinebraden,Q1384403
Jårg Geismar,Q1714963
Keelye Hanmer,Q127340596
Kabinett für aktuelle Kunst,Q1720815
Kaiser Wilhelm Museum,Q1721563
Kamikaze Press,Q138379697
Jardín Publicaciones,Q131283135
Karen Baldner,Q95751534
Osthaus-Museum Hagen,Q314559
Kehrer Verlag,Q1737862
Kelpra Studio,Q110280543
"Kennedy & Sons, Fine Printers",Q95689149
Kent Fine Art,Q18636206
Kickshaws,Q6404383
King Library Press,Q138379701
Kunsthalle Düsseldorf,Q324658
Kunstmuseum Basel,Q194626
Kunstraum München,Q1792598
Kurt Wolff Verlag,Q16650804
Kuzū,Q104856823
Kyōto Shoin,Q11375605
Kölnischer Kunstverein,Q1559479
Bethanien,Q831173
The Accursed Share,Q3211379
Labyrinth Editions,Q138379706
"Landfall Press, Inc.",Q108525432
Lars Müller Publishers,Q1806301
Laura J Davidson,Q91635303
Laura Ratcliffe,Q6499336
Lebeer Hossmann,Q125520820
Lebeer Hossmann,Q125520820
Leeway Foundation,Q108439586
Leilei Guo,Q89735179
Leo Castelli Gallery,Q31407686
Les Presses du réel,Q3234892
Library of America,Q2428855
Library of the Printed Web,Q21592111
artist's book,Q1062404
LigoranoReese,Q18388705
Lilliput Press,Q138379717
The Limited Editions Club,Q109767544
Linda K. Johnson,Q42321854
Lindroth,Q21512980
Lion and Unicorn Press,Q138379722
Lisa Anne Auerbach,Q23418568
Lisson Gallery,Q6559193
Little brown mushrooms,Q111282816
Littoral Press,Q138379724
Liz Zanis,Q107278983
Lois Morrison,Q19802798
National Portrait Gallery,Q238587
Louise Levergneux,Q136451576
Louise Odes Neaderland,Q19519635
Louisiana Museum of Modern Art,Q1410617
Lucio Amelio,Q2773339
Sternberg Press,Q108280947
Mariano Bonomo,Q121597822
William M. Gilliland,Q92179079
Mike Meredith,Q88669973
Michael Peel,Q26207216
The MIT Press,Q73820
Maddy Rosenberg,Q6726673
Magnum Photos,Q372899
Malmö Konsthall,Q633078
Malmö Konsthall,Q633078
Manuel Tzoc,Q130477092
Marco Noire Editore,Q125525202
Maria Yoon,Q30322762
Marian Goodman Gallery,Q61745495
Marianne Boesky Gallery,Q51594553
Mark Addison Smith,Q129016867
Massachusetts Museum of Contemporary Art,Q588474
Massachusetts Museum of Contemporary Art,Q588474
Ediciones Vigía,Q28502771
Ediciones Vigía,Q28502771
Ediciones Vigía,Q28502771
Maten al Mensajero,Q29511039
Mathaf,Q1908321
Maureen Cummins,Q29452354
Maureen Cummins,Q29452354
Meadow Press,Q113510393
Festival Melbourne,Q5445722
The Middletown Press,Q29641526
Milwaukee Art Museum,Q325712
Minneapolis Institute of Art,Q1700481
Minnesota Center for Book Arts,Q6868183
My Days,Q6945233
Mishka Henner,Q6875557
The Monacelli Press,Q38133814
Monthly Review Press,Q19381835
Moonkosh Press,Q138379752
Mousse Publishing,Q134588891
Moved Pictures,Q121300421
multinational corporation,Q161726
Multiples Inc.,Q124332967
Multiples Inc.,Q124332967
Ghost World,Q3104961
Carrillo Gil Art Museum,Q5817917
Museo per la Memoria di Ustica,Q3328417
Museum of Contemporary Craft,Q14709081
Multiples Inc.,Q124332967
Mütter Museum,Q1569444
Mystical Places Press,Q130474362
Mál og menning,Q16422664
N.E. Thing Co.,Q6951536
NAi Publishers,Q4607576
New Society for Visual Arts,Q1697125
Nan Becker,Q117117969
National Gallery of Canada,Q1068063
Smithsonian American Art Museum,Q1192305
National Museum of Women in the Arts,Q861608
Nazraeli Press,Q25022244
Weserburg,Q2563859
New England Foundation for the Arts,Q16990433
New Langton Arts,Q7009735
New Pyramid Press,Q138379765
New Reform,Q122459575
New Reform Gallery,Q137394462
Michael Rosenfeld Gallery,Q28816418
Michael Rosenfeld Gallery,Q28816418
Museum of Modern Art,Q188740
"Printed Matter, Inc.",Q15619211
"Printed Matter, Inc.",Q15619211
Rizzoli International Publications,Q55740815
Something Else Press,Q2299703
Something Else Press,Q2299703
New York University Press,Q7014807
Something Else Press,Q2299703
Nexus Press,Q117885051
Nexus Press,Q117885051
Nexus Press,Q117885051
Ninja Press,Q138379769
North American Review,Q3344093
Institut d'art contemporain de Villeurbanne,Q3151912
NSCAD University,Q1131966
OK Harris Gallery,Q7072631
Octopus Foundation,Q122922119
Oeckler,Q119772688
Otis College of Art and Design,Q7108771
Oxford Brookes University,Q132478
Peter Blüm,Q113815261
Peter Curran,Q60053718
Patricio Medina,Q59604659
Philip Shaw,Q54197752
MoMA PS1,Q1139848
Pace Gallery,Q7121900
Paradise Press,Q138379801
Passagen Verlag,Q526472
Paul Soulellis,Q25688033
Pavillons de Bercy,Q899223
Penguin Books,Q1336200
Perishable Press,Q138474363
Perkolator Press,Q138379821
Peter Blum Edition,Q24204273
PhotoForum,Q97357349
Phyllis Bilick,Q117118051
picture book,Q254554
"Printed Matter, Inc.",Q15619211
Poltroon Press,Q131292552
University of Southern Maine,Q3244049
University of Southern Maine,Q3244049
powerHouse Books,Q7236199
The Polygon Gallery,Q7240975
Presscraft Papers,Q138379853
Princeton Architectural Press,Q3403508
Print Center,Q130592054
"Printed Matter, Inc.",Q15619211
"Printed Matter, Inc.",Q15619211
"Printed Matter, Inc.",Q15619211
"Printed Matter, Inc.",Q15619211
"Printed Matter, Inc.",Q15619211
"Printed Matter, Inc.",Q15619211
Propexus,Q10809046
Punctum Books,Q28455152
Pyracantha Press,Q138379868
Pyramid Atlantic Art Center,Q105098312
Pyramid Atlantic Art Center,Q105098312
Rockport Publishers,Q127543910
Quercus Press,Q138379873
R. Bloch,Q115554601
R. Bloch,Q115554601
Rafał Sikora,Q58433685
Radius Books,Q25051907
Raking Leaves,Q23941070
Trusted Media Brands,Q7300422
Red Angel Press,Q138379883
Red Hen Press,Q17086810
Red Moon Press,Q136464568
Redstone Press,Q18161403
Reindeer Werk,Q19299031
Fierro,Q3659298
Revolver Publishing,Q64211402
Revolver Publishing,Q64211402
Rhode Island School of Design,Q49208
Rice University Art Gallery,Q62050458
Richard Hambleton,Q503470
Ridinghouse,Q7332990
Roaring Brook Press,Q105583931
Robin Crozier,Q55218437
Robin Price,Q58147833
Ronald Feldman Gallery,Q56398280
Rohrhof,Q37700444
Routledge,Q1508259
Roy Colmer,Q51393645
Duff,Q2002666
Saint Mary's University Art Gallery,Q138495560
Salon Verlag,Q15435891
Samira Rahimi,Q65098166
Samuel Dorsky Museum of Art,Q18342605
Chronicle Books,Q5114023
Chronicle Books,Q5114023
Sara Garden Armstrong,Q7421632
Sara Langworthy,Q105090671
Sarah Bodman,Q124481970
Sas Colby,Q19802732
Klüser und Schellman,Q125525115
Schlebrügge.Editor,Q111359203
VCU School of the Arts,Q7906673
Schubert Club,Q7432932
Scolar Press,Q138379909
Scott Helmes,Q94279820
Scripps College Press,Q138474364
Second Story Press,Q7443566
"Self Publish, Be Happy",Q21716367
Seripress,Q130593496
Seth Siegelaub,Q3480661
Seth Siegelaub,Q3480661
Wang Shuju,Q45380995
Sidelinger,Q37013038
Silver Press,Q123914443
Smith College Museum of Art,Q14715853
Something Else Press,Q2299703
Sonnabend Gallery,Q73898673
Under the Sign of the Bull,Q3492146
Southeast Museum of Photography,Q2304653
Spector Books,Q109542531
Spiral Press,Q110280305
Spoleto Festival USA,Q5391767
Spoon Print Press,Q138379949
Springtide Press,Q138379951
Stedelijk Museum Schiedam,Q2779535
Stedelijk Museum voor Actuele Kunst,Q1540707
Van Abbemuseum,Q1782422
de Jong & Co.,Q110085581
Steidl,Q324876
Stephanie Brody-Lederman,Q28086216
Stone Bridge Press,Q3499712
Suhrkamp Verlag,Q301609
Susan Allix,Q94533728
Susan Lowdermilk,Q27983336
TVRT Press,Q130235950
Taller Leñateros,Q65084828
Taller Martin Pescador,Q138379977
Tanglewood Press,Q110280376
Tate Liverpool,Q517612
Teenage Thunder,Q7694457
Temporary Services,Q7698970
Tenfingers Press,Q138379986
Tetrad Press,Q139589587
Thames & Hudson,Q2733669
Cigu District,Q708677
The Ensemble,Q138789691
The Visual Studies Workshop,Q18159081
Theodore Press/Sarah Books,Q138379988
Third Eye Centre,Q20713828
Thomas Sowden,Q75973145
Tia Blassingame,Q98276881
Tommaso Durante,Q96981208
Toni Dove,Q7821257
Tony Rickaby,Q106694809
Tracey Bush,Q115633138
Travis M Shaffer,Q88182742
TriQuarterly,Q7839818
Turkey Press,Q138380006
Tyler School of Art,Q7860144
Ugly Duckling Presse,Q7877804
University of Carabobo,Q367429
University of Chicago Library,Q7895259
University of Chicago Press,Q1814982
University of Louisville,Q1317143
University of Rhode Island,Q1641788
University of Southern Maine,Q3244049
University of Southern Maine,Q3244049
University of Texas Press,Q4005866
University of Vermont Libraries,Q109965851
Verlag der Buchhandlung Walther König,Q122922232
Verlag der Buchhandlung Walther König,Q122922232
Vermont College of Fine Arts,Q7921694
Veronika Schäpers,Q16295241
Villa Arson,Q1107189
municipality of Reims,Q86699184
The Visual Studies Workshop,Q18159081
The Visual Studies Workshop,Q18159081
volcanic eruption,Q7692360
Warwick Harris,Q18985310
WCPR,Q7948021
Wadsworth Atheneum Museum of Art,Q403080
Walker Art Center,Q1851516
Walter Phillips Gallery,Q7965832
Warwick Press,Q138380026
National Museum of Women in the Arts,Q861608
National Museum of Women in the Arts,Q861608
Wellesley College Library,Q138507432
Westfälischer Kunstverein,Q2565288
Westfälischer Kunstverein,Q2565288
Wexford Arts Centre,Q55051753
Whitechapel Gallery,Q1814654
William Blake & Co.,Q119801839
Windhover Press,Q138380046
Writer's Center,Q8038428
Writer's Center,Q8038428
Writers & Books,Q108657544
Writers Forum,Q8038455
Xexoxial Editions,Q124122687
Yale Center for British Art,Q6352575
Yamilys Brito,Q138756094
Yerba Buena Center for the Arts,Q1884883
Z-Press,Q3543550
Association of Polish Artists and Designers,Q2513858
Zoe Beloff,Q15120962
Stedelijk Museum Amsterdam,Q924335
Aran Santamaria,Q122331648
Ashley Minner,Q120966413
Nexus Press,Q117885051
Nexus Press,Q117885051
Nexus Press,Q117885051
Nexus Press,Q117885051
Nexus Press,Q117885051
Nexus Press,Q117885051
Nexus Press,Q117885051
Nexus Press,Q117885051
Nexus Press,Q117885051
Nexus Press,Q117885051
Nexus Press,Q117885051
Nexus Press,Q117885051
Nexus Press,Q117885051
Booklyn Artist Alliance,Q16948255
Buzz Spector,Q62061918
Centro Di,Q122921489
"Museum of Contemporary Art, Chicago",Q118142
Denise Hawrysio,Q115796036
H. Weston,Q75727093
Hans Waanders,Q105090460
Impronta Casa Editora,Q131157129
John Vasquez Mejias,Q132171603
Júlia Barata,Q114991214
Lejana Revista Crítica de Narrativa Breve,Q96724811
Magnum Photos,Q372899
Manuel Tzoc,Q130477092
Mirabelle Jones,Q130802772
Mishka Henner,Q6875557
Muriel Frega,Q133601024
Nexus Press,Q117885051
Pablo Larreta,Q126182801
Pilar Barrios,Q3821855
Pilar Álvarez Pablos,Q125377259
Rabén & Sjögren,Q2062729
Something Else Press,Q2299703
Susan Goethel Campbell,Q19802820
Ugly Duckling Presse,Q7877804
University of Iowa,Q182973
University of Southern Maine,Q3244049
The Visual Studies Workshop,Q18159081
Walker Art Center,Q1851516
Mystical Places Press,Q130474362
Mystical Places Press,Q130474362
signal-to-noise ratio,Q738628
signal-to-noise ratio,Q738628
signal-to-noise ratio,Q738628
Editions Xavier Barral,Q3579558
