cluster,authorityURI,schemes,tags,recs,labels
http://id.loc.gov/authorities/genreForms/gf2017027220.,http://id.loc.gov/authorities/genreForms/gf2017027220.,lcgft,655,975,Artists' books.
http://id.worldcat.org/fast/1750153.,http://id.worldcat.org/fast/1750153.,fast,655,963,Artists' books.
aat|artists-books-books,,aat,655 650,518,Artists' books (books) | artists' books (books)
http://id.worldcat.org/fast/1423861.,http://id.worldcat.org/fast/1423861.,fast,655,324,Specimens.
rbmscv|artists-books,,rbmscv,655,288,Artists' books
http://id.worldcat.org/fast/1423873.,http://id.worldcat.org/fast/1423873.,fast,655,149,Illustrated works.
http://id.loc.gov/authorities/genreForms/gf2014026481.,http://id.loc.gov/authorities/genreForms/gf2014026481.,lcgft,655,119,Poetry.
lcgft|photography-artistic,,lcgft,655,112,"Photography, Artistic."
http://id.worldcat.org/fast/1424028.,http://id.worldcat.org/fast/1424028.,fast,655,65,Exhibition catalogs.
aat|photobooks,,aat,655,64,Photobooks
http://id.worldcat.org/fast/1423828.,http://id.worldcat.org/fast/1423828.,fast,655,56,Poetry.
http://id.loc.gov/vocabulary/rbmscv/cv00024.,http://id.loc.gov/vocabulary/rbmscv/cv00024.,rbmscv,655,53,Accordion fold format.
http://id.worldcat.org/fast/1411628.,http://id.worldcat.org/fast/1411628.,fast,655,52,History.
http://id.loc.gov/authorities/genreForms/gf2014026339.,http://id.loc.gov/authorities/genreForms/gf2014026339.,lcgft,655,48,Fiction.
abo.org|photographic-sequence,,abo.org,655 650,44,Photographic sequence.
abo.org|appropriated-text,,abo.org,655 650,43,Appropriated text.
http://id.loc.gov/authorities/genreForms/gf2014026144.,http://id.loc.gov/authorities/genreForms/gf2014026144.,lcgft,655,39,Photobooks.
http://id.worldcat.org/fast/1919950.,http://id.worldcat.org/fast/1919950.,fast,655,39,Photobooks.
http://vocab.getty.edu/aat/300138699.,http://vocab.getty.edu/aat/300138699.,aat,650 655,32,Collage (technique)
http://id.loc.gov/vocabulary/rbmscv/cv01531.,http://id.loc.gov/vocabulary/rbmscv/cv01531.,rbmscv,655,30,Limitation statements.
http://vocab.getty.edu/aat/300123016.,http://vocab.getty.edu/aat/300123016.,aat,655 650,30,Artists' books (books)
http://id.loc.gov/vocabulary/rbmscv/cv00146.,http://id.loc.gov/vocabulary/rbmscv/cv00146.,rbmscv,655,27,Artists' books.
abo.org|visual-narrative,,abo.org,655 650,25,Visual narrative.
http://id.worldcat.org/fast/1423831.,http://id.worldcat.org/fast/1423831.,fast,655,24,Portraits.
http://id.worldcat.org/fast/1919896.,http://id.worldcat.org/fast/1919896.,fast,655,24,Biographies.
http://id.loc.gov/vocabulary/rbmscv/cv00485.,http://id.loc.gov/vocabulary/rbmscv/cv00485.,rbmscv,655,23,Corrugated board bindings.
http://id.worldcat.org/fast/1423843.,http://id.worldcat.org/fast/1423843.,fast,655,23,Personal narratives.
http://id.worldcat.org/fast/1411642.,http://id.worldcat.org/fast/1411642.,fast,655,21,Facsimiles.
http://id.worldcat.org/fast/1423787.,http://id.worldcat.org/fast/1423787.,fast,655,21,Fiction.
local|typographic-art,,local,655 650,19,Typographic art.
http://id.loc.gov/authorities/genreForms/gf2014026588.,http://id.loc.gov/authorities/genreForms/gf2014026588.,lcgft,655,17,Visual poetry.
http://id.worldcat.org/fast/1726771.,http://id.worldcat.org/fast/1726771.,fast,655,17,Visual poetry.
http://id.loc.gov/vocabulary/rbmscv/cv01435.,http://id.loc.gov/vocabulary/rbmscv/cv01435.,rbmscv,655,15,Handmade papers.
http://id.worldcat.org/fast/1423702.,http://id.worldcat.org/fast/1423702.,fast,655,15,Art.
http://vocab.getty.edu/aat/300200572.,http://vocab.getty.edu/aat/300200572.,aat,655,15,Folded books.
rbmscv|corrugated-board-bindings,,rbmscv,655,15,Corrugated board bindings. | Corrugated board bindings
rbmscv|painted-bindings,,rbmscv,655,14,Painted bindings
http://id.loc.gov/authorities/genreForms/gf2014026266.,http://id.loc.gov/authorities/genreForms/gf2014026266.,lcgft,655,13,Comics (Graphic works)
http://id.worldcat.org/fast/1423689.,http://id.worldcat.org/fast/1423689.,fast,655,13,Photographs.
http://id.worldcat.org/fast/1921613.,http://id.worldcat.org/fast/1921613.,fast,655,13,Comics (Graphic works)
rbmscv|limitation-statements,,rbmscv,655,13,Limitation statements
http://id.loc.gov/authorities/genreForms/gf2014026542.,http://id.loc.gov/authorities/genreForms/gf2014026542.,lcgft,655,12,Short stories.
http://vocab.getty.edu/aat/300178688.,http://vocab.getty.edu/aat/300178688.,aat,655 650,12,Screen prints.
http://id.loc.gov/authorities/genreForms/gf2014026170.,http://id.loc.gov/authorities/genreForms/gf2014026170.,lcgft,655,11,Sayings.
http://id.loc.gov/authorities/genreForms/gf2014026270.,http://id.loc.gov/authorities/genreForms/gf2014026270.,lcgft,655,11,Concrete poetry.
http://id.worldcat.org/fast/1423792.,http://id.worldcat.org/fast/1423792.,fast,655,11,Quotations.
http://id.worldcat.org/fast/1726570.,http://id.worldcat.org/fast/1726570.,fast,655,11,Concrete poetry.
http://id.worldcat.org/fast/1726766.,http://id.worldcat.org/fast/1726766.,fast,655,11,Toy and movable books.
http://rdaregistry.info/termList/RDAMaterial/1025.,http://rdaregistry.info/termList/RDAMaterial/1025.,rdamat,340,11,paper
http://vocab.getty.edu/aat/300068579.,http://vocab.getty.edu/aat/300068579.,aat,655,11,Cut-paper work.
http://id.loc.gov/authorities/genreForms/gf2014026111.,http://id.loc.gov/authorities/genreForms/gf2014026111.,lcgft,655,9,Illustrated works.
http://id.worldcat.org/fast/1411641.,http://id.worldcat.org/fast/1411641.,fast,655,9,Periodicals.
http://vocab.getty.edu/aat/300041393.,http://vocab.getty.edu/aat/300041393.,aat,655,9,Linocuts (prints)
rbmscv|decorated-paper-bindings,,rbmscv,655,9,Decorated paper bindings
http://id.loc.gov/authorities/genreForms/gf2014026342.,http://id.loc.gov/authorities/genreForms/gf2014026342.,lcgft,655,8,Folk literature.
rbmscv|zines,,rbmscv,655,8,Zines
http://id.loc.gov/authorities/genreForms/gf2014026201.,http://id.loc.gov/authorities/genreForms/gf2014026201.,lcgft,655,7,Trivia and miscellanea.
http://id.worldcat.org/fast/1423692.,http://id.worldcat.org/fast/1423692.,fast,655,7,Catalogs.
http://id.worldcat.org/fast/2008859.,http://id.worldcat.org/fast/2008859.,fast,655,7,Art and the war.
http://vocab.getty.edu/aat/300178926.,http://vocab.getty.edu/aat/300178926.,aat,655,7,Letterpress printing.
http://vocab.getty.edu/aat/300201034.,http://vocab.getty.edu/aat/300201034.,aat,655,7,Pop-up books.
https://homosaurus.org/v4/homoit0001102.,https://homosaurus.org/v4/homoit0001102.,homoit,650,7,LGBTQ+ performance art.
rbmscv|accordion-fold-format,,rbmscv,655,7,Accordion fold format
http://id.loc.gov/authorities/genreForms/gf2014026110.,http://id.loc.gov/authorities/genreForms/gf2014026110.,lcgft,655,6,Humor.
http://id.loc.gov/authorities/genreForms/gf2014026210.,http://id.loc.gov/authorities/genreForms/gf2014026210.,lcgft,655,6,Zines.
http://id.loc.gov/authorities/genreForms/gf2017027251.,http://id.loc.gov/authorities/genreForms/gf2017027251.,lcgft,655,6,Pictures.
http://id.worldcat.org/fast/1411637.,http://id.worldcat.org/fast/1411637.,fast,655,6,Juvenile works.
http://id.worldcat.org/fast/1423691.,http://id.worldcat.org/fast/1423691.,fast,655,6,Caricatures and cartoons.
http://id.worldcat.org/fast/1423784.,http://id.worldcat.org/fast/1423784.,fast,655,6,Folklore.
http://vocab.getty.edu/aat/300263000.,http://vocab.getty.edu/aat/300263000.,aat,655,6,Spiral bindings.
rbmscv|fanzines,,rbmscv,655,6,Fanzines
rbmscv|publishers-advertisements,,rbmscv,655,6,Publishers' advertisements
rbmscv|slipcases,,rbmscv,655,6,Slipcases
rbmscv|typefaces-type-evidence,,rbmscv,655,6,Typefaces (Type evidence)
aat|comic-books,,aat,655,5,Comic books
http://id.loc.gov/authorities/genreForms/gf2014026098.,http://id.loc.gov/authorities/genreForms/gf2014026098.,lcgft,655,5,Exhibition catalogs.
http://id.loc.gov/authorities/genreForms/gf2014026150.,http://id.loc.gov/authorities/genreForms/gf2014026150.,lcgft,655,5,Pop-up books.
http://id.loc.gov/authorities/genreForms/gf2014026197.,http://id.loc.gov/authorities/genreForms/gf2014026197.,lcgft,655,5,Toy and movable books.
http://id.loc.gov/vocabulary/rbmscv/cv00737.,http://id.loc.gov/vocabulary/rbmscv/cv00737.,rbmscv,655,5,Slipcases.
http://id.worldcat.org/fast/1423696.,http://id.worldcat.org/fast/1423696.,fast,655,5,Humor.
http://id.worldcat.org/fast/1423704.,http://id.worldcat.org/fast/1423704.,fast,655,5,Maps.
http://id.worldcat.org/fast/1423705.,http://id.worldcat.org/fast/1423705.,fast,655,5,Texts.
http://id.worldcat.org/fast/1919987.,http://id.worldcat.org/fast/1919987.,fast,655,5,Zines.
http://id.worldcat.org/fast/1921748.,http://id.worldcat.org/fast/1921748.,fast,655,5,Trivia and miscellanea.
http://vocab.getty.edu/aat/300041273.,http://vocab.getty.edu/aat/300041273.,aat,655,5,Prints (visual works)
lcgft|conceptual-art,,lcgft,655,5,Conceptual art.
http://id.loc.gov/authorities/genreForms/gf2014026151.,http://id.loc.gov/authorities/genreForms/gf2014026151.,lcgft,655,4,Postcards.
http://id.loc.gov/vocabulary/rbmscv/cv00514.,http://id.loc.gov/vocabulary/rbmscv/cv00514.,rbmscv,655,4,Dust jackets.
http://id.worldcat.org/fast/1423832.,http://id.worldcat.org/fast/1423832.,fast,655,4,Interviews.
http://id.worldcat.org/fast/1423876.,http://id.worldcat.org/fast/1423876.,fast,655,4,Anecdotes.
http://id.worldcat.org/fast/1726707.,http://id.worldcat.org/fast/1726707.,fast,655,4,Postcards.
http://id.worldcat.org/fast/1726740.,http://id.worldcat.org/fast/1726740.,fast,655,4,Short stories.
http://id.worldcat.org/fast/1919895.,http://id.worldcat.org/fast/1919895.,fast,655,4,Bibliographies.
http://id.worldcat.org/fast/1919955.,http://id.worldcat.org/fast/1919955.,fast,655,4,Pop-up books.
http://id.worldcat.org/fast/2003288.,http://id.worldcat.org/fast/2003288.,fast,655,4,Correspondence.
http://vocab.getty.edu/aat/300014224.,http://vocab.getty.edu/aat/300014224.,aat,655,4,Cardboard.
http://vocab.getty.edu/aat/300045643.,http://vocab.getty.edu/aat/300045643.,aat,655,4,Boxes (containers)
http://vocab.getty.edu/aat/300411543.,http://vocab.getty.edu/aat/300411543.,aat,655,4,Handmade paper.
https://homosaurus.org/v4/homoit0001321.,https://homosaurus.org/v4/homoit0001321.,homoit,650,4,Social media.
rbmscv|miniature-books,,rbmscv,655,4,Miniature books
aat|book-objects,,aat,655,3,Book objects
http://id.loc.gov/authorities/genreForms/gf2014026086.,http://id.loc.gov/authorities/genreForms/gf2014026086.,lcgft,655,3,Dictionaries.
http://id.loc.gov/authorities/genreForms/gf2014026133.,http://id.loc.gov/authorities/genreForms/gf2014026133.,lcgft,655,3,Notebooks.
http://id.loc.gov/authorities/genreForms/gf2015026020.,http://id.loc.gov/authorities/genreForms/gf2015026020.,lcgft,655,3,Novels.
http://id.loc.gov/authorities/genreForms/gf2017027262.,http://id.loc.gov/authorities/genreForms/gf2017027262.,lcgft,655,3,Sketchbooks.
http://id.loc.gov/authorities/genreForms/gf2022026082.,http://id.loc.gov/authorities/genreForms/gf2022026082.,lcgft,655,3,Accordion fold books.
http://id.loc.gov/vocabulary/rbmscv/cv00176.,http://id.loc.gov/vocabulary/rbmscv/cv00176.,rbmscv,655,3,Authors' autographs.
http://id.worldcat.org/fast/1423765.,http://id.worldcat.org/fast/1423765.,fast,655,3,Case studies.
http://id.worldcat.org/fast/1423791.,http://id.worldcat.org/fast/1423791.,fast,655,3,Translations.
http://id.worldcat.org/fast/1423820.,http://id.worldcat.org/fast/1423820.,fast,655,3,"Notebooks, sketchbooks, etc."
http://rdaregistry.info/termList/RDAMaterial/1045.,http://rdaregistry.info/termList/RDAMaterial/1045.,rdamat,340,3,wood
http://vocab.getty.edu/aat/300014076.,http://vocab.getty.edu/aat/300014076.,aat,655,3,Burlap.
http://vocab.getty.edu/aat/300028629.,http://vocab.getty.edu/aat/300028629.,aat,655,3,Scrolls (information artifacts)
http://vocab.getty.edu/aat/300041379.,http://vocab.getty.edu/aat/300041379.,aat,655,3,Lithographs.
http://vocab.getty.edu/aat/300041405.,http://vocab.getty.edu/aat/300041405.,aat,655,3,Woodcuts (prints)
http://vocab.getty.edu/aat/300053281.,http://vocab.getty.edu/aat/300053281.,aat,655,3,Screen printing.
http://vocab.getty.edu/aat/300056219.,http://vocab.getty.edu/aat/300056219.,aat,655,3,Translucency.
http://vocab.getty.edu/aat/300162391.,http://vocab.getty.edu/aat/300162391.,aat,655,3,Cloth.
http://vocab.getty.edu/aat/300201033.,http://vocab.getty.edu/aat/300201033.,aat,655,3,Flip books.
http://vocab.getty.edu/aat/300257411.,http://vocab.getty.edu/aat/300257411.,aat,655,3,Cutouts.
http://vocab.getty.edu/aat/300438814.,http://vocab.getty.edu/aat/300438814.,aat,655,3,Accordion books.
https://homosaurus.org/v4/homoit0001378.,https://homosaurus.org/v4/homoit0001378.,homoit,650,3,Transgender people.
https://homosaurus.org/v4/homoit0001381.,https://homosaurus.org/v4/homoit0001381.,homoit,650,3,Transsexual people.
lcgft|collage,,lcgft,655,3,Collage.
lcgft|documentary-photography,,lcgft,655,3,Documentary photography.
lcgft|performance-art,,lcgft,655,3,Performance art.
local|asemic-writing,,local,650,3,Asemic writing.
rbmscv|handmade-papers,,rbmscv,655,3,Handmade papers
rbmscv|private-press-books,,rbmscv,655,3,Private press books
aat|documentary-photography,,aat,655,2,Documentary photography
aat|fanzines,,aat,655,2,Fanzines
fast|artists-books,,fast,655,2,Artists' books.
http://id.loc.gov/authorities/genreForms/gf2014026047.,http://id.loc.gov/authorities/genreForms/gf2014026047.,lcgft,655,2,Autobiographies.
http://id.loc.gov/authorities/genreForms/gf2014026084.,http://id.loc.gov/authorities/genreForms/gf2014026084.,lcgft,655,2,Derivative works.
http://id.loc.gov/authorities/genreForms/gf2014026105.,http://id.loc.gov/authorities/genreForms/gf2014026105.,lcgft,655,2,Flip books.
http://id.loc.gov/authorities/genreForms/gf2014026142.,http://id.loc.gov/authorities/genreForms/gf2014026142.,lcgft,655,2,Personal narratives.
http://id.loc.gov/authorities/genreForms/gf2014026158.,http://id.loc.gov/authorities/genreForms/gf2014026158.,lcgft,655,2,Puzzles and games.
http://id.loc.gov/authorities/genreForms/gf2014026346.,http://id.loc.gov/authorities/genreForms/gf2014026346.,lcgft,655,2,Found poetry.
http://id.loc.gov/authorities/genreForms/gf2014026543.,http://id.loc.gov/authorities/genreForms/gf2014026543.,lcgft,655,2,Flash fiction.
http://id.loc.gov/authorities/subjects/sh85008302.,http://id.loc.gov/authorities/subjects/sh85008302.,lcgft,650,2,Artists' books.
http://id.loc.gov/vocabulary/rbmscv/cv00867.,http://id.loc.gov/vocabulary/rbmscv/cv00867.,rbmscv,655,2,Miniature books.
http://id.loc.gov/vocabulary/rbmscv/cv01163.,http://id.loc.gov/vocabulary/rbmscv/cv01163.,rbmscv,655,2,Concrete poems.
http://id.loc.gov/vocabulary/rbmscv/cv01881.,http://id.loc.gov/vocabulary/rbmscv/cv01881.,rbmscv,655,2,Shaped books.
http://id.worldcat.org/fast/1411635.,http://id.worldcat.org/fast/1411635.,fast,655,2,"Criticism, interpretation, etc."
http://id.worldcat.org/fast/1423821.,http://id.worldcat.org/fast/1423821.,fast,655,2,Obituaries.
http://id.worldcat.org/fast/1423826.,http://id.worldcat.org/fast/1423826.,fast,655,2,Dictionaries.
http://id.worldcat.org/fast/1423840.,http://id.worldcat.org/fast/1423840.,fast,655,2,"Parodies, imitations, etc."
http://id.worldcat.org/fast/1423877.,http://id.worldcat.org/fast/1423877.,fast,655,2,Handbooks and manuals.
http://id.worldcat.org/fast/1423880.,http://id.worldcat.org/fast/1423880.,fast,655,2,Terminology.
http://id.worldcat.org/fast/1919894.,http://id.worldcat.org/fast/1919894.,fast,655,2,Autobiographies.
http://id.worldcat.org/fast/1919958.,http://id.worldcat.org/fast/1919958.,fast,655,2,Puzzles and games.
http://id.worldcat.org/fast/1921663.,http://id.worldcat.org/fast/1921663.,fast,655,2,Found poetry.
http://id.worldcat.org/fast/1922440.,http://id.worldcat.org/fast/1922440.,fast,655,2,Flash fiction.
http://rdaregistry.info/termList/RDAMaterial/1006.,http://rdaregistry.info/termList/RDAMaterial/1006.,rdamat,340,2,cardboard
http://rdaregistry.info/termList/RDAMaterial/1022.,http://rdaregistry.info/termList/RDAMaterial/1022.,rdamat,340,2,metal
http://vocab.getty.edu/aat/300014145.,http://vocab.getty.edu/aat/300014145.,aat,655,2,Tissue paper.
http://vocab.getty.edu/aat/300014247.,http://vocab.getty.edu/aat/300014247.,aat,655,2,Cord (fiber product)
http://vocab.getty.edu/aat/300014252.,http://vocab.getty.edu/aat/300014252.,aat,655,2,Yarn.
http://vocab.getty.edu/aat/300014341.,http://vocab.getty.edu/aat/300014341.,aat,655,2,Sand.
http://vocab.getty.edu/aat/300014668.,http://vocab.getty.edu/aat/300014668.,aat,655,2,Ribbon (material)
http://vocab.getty.edu/aat/300026819.,http://vocab.getty.edu/aat/300026819.,aat,655,2,Picture postcards.
http://vocab.getty.edu/aat/300028705.,http://vocab.getty.edu/aat/300028705.,aat,655,2,Signatures (names)
http://vocab.getty.edu/aat/300041391.,http://vocab.getty.edu/aat/300041391.,aat,655,2,Relief prints.
http://vocab.getty.edu/aat/300041523.,http://vocab.getty.edu/aat/300041523.,aat,655,2,Embossed prints.
http://vocab.getty.edu/aat/300053289.,http://vocab.getty.edu/aat/300053289.,aat,655,2,Block printing (relief printing process)
http://vocab.getty.edu/aat/300053436.,http://vocab.getty.edu/aat/300053436.,aat,655,2,Pochoir (technique)
http://vocab.getty.edu/aat/300121295.,http://vocab.getty.edu/aat/300121295.,aat,655,2,Limited editions.
http://vocab.getty.edu/aat/300178594.,http://vocab.getty.edu/aat/300178594.,aat,655,2,Art photography.
http://vocab.getty.edu/aat/300183668.,http://vocab.getty.edu/aat/300183668.,aat,655,2,Construction paper.
http://vocab.getty.edu/aat/300197601.,http://vocab.getty.edu/aat/300197601.,aat,655,2,Envelopes.
http://vocab.getty.edu/aat/300202344.,http://vocab.getty.edu/aat/300202344.,aat,655,2,Hand binding.
http://vocab.getty.edu/aat/300231732.,http://vocab.getty.edu/aat/300231732.,aat,655,2,Printed textile materials.
http://vocab.getty.edu/aat/300239001.,http://vocab.getty.edu/aat/300239001.,aat,655,2,Stamping (marking)
http://vocab.getty.edu/aat/300253366.,http://vocab.getty.edu/aat/300253366.,aat,655,2,Dos-à-dos bindings.
http://vocab.getty.edu/aat/300264827.,http://vocab.getty.edu/aat/300264827.,aat,650 655,2,Conceptual.
http://vocab.getty.edu/aat/300265728.,http://vocab.getty.edu/aat/300265728.,aat,650 655,2,Photobooks.
http://vocab.getty.edu/aat/300375674.,http://vocab.getty.edu/aat/300375674.,aat,655,2,Staple bindings.
https://homosaurus.org/v4/homoit0000316.,https://homosaurus.org/v4/homoit0000316.,homoit,650,2,Crossdressers.
https://homosaurus.org/v4/homoit0000487.,https://homosaurus.org/v4/homoit0000487.,homoit,650,2,Gay culture.
https://homosaurus.org/v4/homoit0000506.,https://homosaurus.org/v4/homoit0000506.,homoit,650,2,Gay men.
https://homosaurus.org/v4/homoit0000556.,https://homosaurus.org/v4/homoit0000556.,homoit,650,2,Lesbians.
https://homosaurus.org/v4/homoit0000646.,https://homosaurus.org/v4/homoit0000646.,homoit,650,2,Homophobia.
https://homosaurus.org/v4/homoit0001128.,https://homosaurus.org/v4/homoit0001128.,homoit,650,2,Pornography.
https://homosaurus.org/v4/homoit0001285.,https://homosaurus.org/v4/homoit0001285.,homoit,650,2,Sexual assault.
https://homosaurus.org/v4/homoit0001322.,https://homosaurus.org/v4/homoit0001322.,homoit,650,2,Social movements.
https://homosaurus.org/v4/homoit0002579.,https://homosaurus.org/v4/homoit0002579.,homoit,650,2,LGBTQ+ erotic art.
lcgft|artists-books,,lcgft,655,2,Artists' books.
lcgft|landscape-photography,,lcgft,655,2,Landscape photography.
lcgft|miniature-books,,lcgft,655,2,Miniature books.
local|artists-books,,local,655,2,Artists' books
local|conceptual-art,,local,655,2,Conceptual art.
local|graduated-fore-edges,,local,655,2,Graduated fore-edges.
local|sales-catalogs,,local,650,2,Sales catalogs
rbmscv|authors-autographs,,rbmscv,655,2,Authors' autographs
rbmscv|endpapers,,rbmscv,655,2,Endpapers
rbmscv|poems,,rbmscv,655,2,Poems
rbmscv|wooden-bindings,,rbmscv,655,2,Wooden bindings
rbtyp|typefaces-type-evidence,,rbtyp,655,2,Typefaces (Type evidence)
aat|card-games-game-sets,,aat,655,1,Card games (game sets)
aat|die-cutting,,aat,655,1,Die cutting
aat|digital-art-visual-works,,aat,655,1,Digital art (visual works)
aat|papier-m-ch-sculpture,,aat,655,1,Papier-mâché sculpture
aat|pop-up-books,,aat,655,1,Pop-up books
aat|posters,,aat,655,1,Posters
aat|woodcuts-prints,,aat,655,1,Woodcuts (prints)
abo.org|visiual-narrative,,abo.org,655,1,Visiual narrative.
czenas|den-ky,,czenas,655,1,Deníky.
czenas|diaries,,czenas,655,1,Diaries.
czenas|documents,,czenas,655,1,Documents.
czenas|dokumenty,,czenas,655,1,Dokumenty.
czenas|fotografick-publikace,,czenas,655,1,Fotografické publikace.
czenas|p-b-hy,,czenas,655,1,Příběhy.
czenas|photographical-works,,czenas,655,1,Photographical works.
czenas|stories,,czenas,655,1,Stories.
fast|biographies,,fast,655,1,Biographies
fast|pictorial-works,,fast,655,1,Pictorial works.
fast|poetry,,fast,655,1,Poetry.
fast|specimens,,fast,655,1,Specimens.
gmgpc|photographs,,gmgpc,655,1,Photographs.
gmgpc|playing-cards,,gmgpc,655,1,Playing cards.
http://homosaurus.org/v4/homoit0002579.,http://homosaurus.org/v4/homoit0002579.,homoit,650,1,LGBTQ+ erotic art.
http://id.loc.gov/authorities/genreForms/gf2011026169.,http://id.loc.gov/authorities/genreForms/gf2011026169.,lcgft,655,1,Cookbooks.
http://id.loc.gov/authorities/genreForms/gf2011026441.,http://id.loc.gov/authorities/genreForms/gf2011026441.,lcgft,655,1,Pictorial maps.
http://id.loc.gov/authorities/genreForms/gf2014026053.,http://id.loc.gov/authorities/genreForms/gf2014026053.,lcgft,655,1,Braille books.
http://id.loc.gov/authorities/genreForms/gf2014026057.,http://id.loc.gov/authorities/genreForms/gf2014026057.,lcgft,655,1,Catalogs.
http://id.loc.gov/authorities/genreForms/gf2014026082.,http://id.loc.gov/authorities/genreForms/gf2014026082.,lcgft,655,1,Death registers.
http://id.loc.gov/authorities/genreForms/gf2014026094.,http://id.loc.gov/authorities/genreForms/gf2014026094.,lcgft,655,1,Essays.
http://id.loc.gov/authorities/genreForms/gf2014026115.,http://id.loc.gov/authorities/genreForms/gf2014026115.,lcgft,655,1,Interviews.
http://id.loc.gov/authorities/genreForms/gf2014026123.,http://id.loc.gov/authorities/genreForms/gf2014026123.,lcgft,655,1,Lift-the-flap books.
http://id.loc.gov/authorities/genreForms/gf2014026134.,http://id.loc.gov/authorities/genreForms/gf2014026134.,lcgft,655,1,Obituaries.
http://id.loc.gov/authorities/genreForms/gf2014026141.,http://id.loc.gov/authorities/genreForms/gf2014026141.,lcgft,655,1,Personal correspondence.
http://id.loc.gov/authorities/genreForms/gf2014026166.,http://id.loc.gov/authorities/genreForms/gf2014026166.,lcgft,655,1,Registers (Lists)
http://id.loc.gov/authorities/genreForms/gf2014026179.,http://id.loc.gov/authorities/genreForms/gf2014026179.,lcgft,655,1,Split-page books.
http://id.loc.gov/authorities/genreForms/gf2014026246.,http://id.loc.gov/authorities/genreForms/gf2014026246.,lcgft,655,1,Biographical fiction.
http://id.loc.gov/authorities/genreForms/gf2014026297.,http://id.loc.gov/authorities/genreForms/gf2014026297.,lcgft,655,1,Drama.
http://id.loc.gov/authorities/genreForms/gf2014026362.,http://id.loc.gov/authorities/genreForms/gf2014026362.,lcgft,655,1,Graphic novels.
http://id.loc.gov/authorities/genreForms/gf2014026366.,http://id.loc.gov/authorities/genreForms/gf2014026366.,lcgft,655,1,Haiku.
http://id.loc.gov/authorities/genreForms/gf2014026513.,http://id.loc.gov/authorities/genreForms/gf2014026513.,lcgft,655,1,Road fiction.
http://id.loc.gov/authorities/genreForms/gf2014026583.,http://id.loc.gov/authorities/genreForms/gf2014026583.,lcgft,655,1,Utopian fiction.
http://id.loc.gov/authorities/genreForms/gf2014026594.,http://id.loc.gov/authorities/genreForms/gf2014026594.,lcgft,655,1,Western fiction.
http://id.loc.gov/authorities/genreForms/gf2014026912.,http://id.loc.gov/authorities/genreForms/gf2014026912.,lcgft,655,1,Love songs.
http://id.loc.gov/authorities/genreForms/gf2015026060.,http://id.loc.gov/authorities/genreForms/gf2015026060.,lcgft,655,1,Paper dolls.
http://id.loc.gov/authorities/genreForms/gf2016026017.,http://id.loc.gov/authorities/genreForms/gf2016026017.,lcgft,655,1,Erasure poetry.
http://id.loc.gov/authorities/genreForms/gf2016026082.,http://id.loc.gov/authorities/genreForms/gf2016026082.,lcgft,655,1,Festschriften.
http://id.loc.gov/authorities/genreForms/gf2016026085.,http://id.loc.gov/authorities/genreForms/gf2016026085.,lcgft,655,1,Political poetry.
http://id.loc.gov/authorities/genreForms/gf2017027227.,http://id.loc.gov/authorities/genreForms/gf2017027227.,lcgft,655,1,Collages.
http://id.loc.gov/authorities/genreForms/gf2017027230.,http://id.loc.gov/authorities/genreForms/gf2017027230.,lcgft,655,1,Documentary photographs.
http://id.loc.gov/authorities/genreForms/gf2017027241.,http://id.loc.gov/authorities/genreForms/gf2017027241.,lcgft,655,1,Lithographs.
http://id.loc.gov/authorities/genreForms/gf2017027258.,http://id.loc.gov/authorities/genreForms/gf2017027258.,lcgft,655,1,Screen prints.
http://id.loc.gov/authorities/genreForms/gf2017027269.,http://id.loc.gov/authorities/genreForms/gf2017027269.,lcgft,655,1,Woodcuts.
http://id.loc.gov/vocabulary/rbmscv/cv00092.,http://id.loc.gov/vocabulary/rbmscv/cv00092.,rbmscv,655,1,Aluminum bindings.
http://id.loc.gov/vocabulary/rbmscv/cv00176,http://id.loc.gov/vocabulary/rbmscv/cv00176,rbmscv,655,1,Authors' autographs.
http://id.loc.gov/vocabulary/rbmscv/cv00200.,http://id.loc.gov/vocabulary/rbmscv/cv00200.,rbmscv,655,1,Backless bindings.
http://id.loc.gov/vocabulary/rbmscv/cv00203.,http://id.loc.gov/vocabulary/rbmscv/cv00203.,rbmscv,655,1,Poems.
http://id.loc.gov/vocabulary/rbmscv/cv00483.,http://id.loc.gov/vocabulary/rbmscv/cv00483.,rbmscv,655,1,Coptic bindings.
http://id.loc.gov/vocabulary/rbmscv/cv00510.,http://id.loc.gov/vocabulary/rbmscv/cv00510.,rbmscv,655,1,Dos-à-dos bindings.
http://id.loc.gov/vocabulary/rbmscv/cv00618.,http://id.loc.gov/vocabulary/rbmscv/cv00618.,rbmscv,655,1,Printed paper binding labels.
http://id.loc.gov/vocabulary/rbmscv/cv00762.,http://id.loc.gov/vocabulary/rbmscv/cv00762.,rbmscv,655,1,Unopened books.
http://id.loc.gov/vocabulary/rbmscv/cv01089.,http://id.loc.gov/vocabulary/rbmscv/cv01089.,rbmscv,655,1,Watermarks.
http://id.loc.gov/vocabulary/rbmscv/cv01187.,http://id.loc.gov/vocabulary/rbmscv/cv01187.,rbmscv,655,1,Cotton fiber papers.
http://id.loc.gov/vocabulary/rbmscv/cv01503.,http://id.loc.gov/vocabulary/rbmscv/cv01503.,rbmscv,655,1,Kozo fiber papers.
http://id.nlm.nih.gov/mesh/D019494.,http://id.nlm.nih.gov/mesh/D019494.,,655,1,Catalog.
http://id.worldcat.org/fast/1423683.,http://id.worldcat.org/fast/1423683.,fast,655,1,Abstracts.
http://id.worldcat.org/fast/1423772.,http://id.worldcat.org/fast/1423772.,fast,655,1,Conference papers and proceedings.
http://id.worldcat.org/fast/1423783.,http://id.worldcat.org/fast/1423783.,fast,655,1,Problems and exercises.
http://id.worldcat.org/fast/1423786.,http://id.worldcat.org/fast/1423786.,fast,655,1,"Glossaries, vocabularies, etc."
http://id.worldcat.org/fast/1423794.,http://id.worldcat.org/fast/1423794.,fast,655,1,Diaries.
http://id.worldcat.org/fast/1423807.,http://id.worldcat.org/fast/1423807.,fast,655,1,Pictorial maps.
http://id.worldcat.org/fast/1423846.,http://id.worldcat.org/fast/1423846.,fast,655,1,Popular works.
http://id.worldcat.org/fast/1423871.,http://id.worldcat.org/fast/1423871.,fast,655,1,Guidebooks.
http://id.worldcat.org/fast/1423910.,http://id.worldcat.org/fast/1423910.,fast,655,1,Adaptations.
http://id.worldcat.org/fast/1726537.,http://id.worldcat.org/fast/1726537.,fast,655,1,Biographical fiction.
http://id.worldcat.org/fast/1726615.,http://id.worldcat.org/fast/1726615.,fast,655,1,Flip books.
http://id.worldcat.org/fast/1726630.,http://id.worldcat.org/fast/1726630.,fast,655,1,Graphic novels.
http://id.worldcat.org/fast/1726662.,http://id.worldcat.org/fast/1726662.,fast,655,1,Love songs.
http://id.worldcat.org/fast/1726770.,http://id.worldcat.org/fast/1726770.,fast,655,1,Video games.
http://id.worldcat.org/fast/1726776.,http://id.worldcat.org/fast/1726776.,fast,655,1,Western fiction.
http://id.worldcat.org/fast/1726787.,http://id.worldcat.org/fast/1726787.,fast,655,1,Games.
http://id.worldcat.org/fast/1752725.,http://id.worldcat.org/fast/1752725.,fast,655,1,Cookbooks.
http://id.worldcat.org/fast/1774325.,http://id.worldcat.org/fast/1774325.,fast,655,1,Fotonovelas.
http://id.worldcat.org/fast/1919915.,http://id.worldcat.org/fast/1919915.,fast,655,1,Death registers.
http://id.worldcat.org/fast/1919922.,http://id.worldcat.org/fast/1919922.,fast,655,1,Essays.
http://id.worldcat.org/fast/1919936.,http://id.worldcat.org/fast/1919936.,fast,655,1,Lift-the-flap books.
http://id.worldcat.org/fast/1919964.,http://id.worldcat.org/fast/1919964.,fast,655,1,Registers (Lists)
http://id.worldcat.org/fast/1919971.,http://id.worldcat.org/fast/1919971.,fast,655,1,Split-page books.
http://id.worldcat.org/fast/1920770.,http://id.worldcat.org/fast/1920770.,fast,655,1,Braille books.
http://id.worldcat.org/fast/1920779.,http://id.worldcat.org/fast/1920779.,fast,655,1,Sayings.
http://id.worldcat.org/fast/1921680.,http://id.worldcat.org/fast/1921680.,fast,655,1,Haiku.
http://id.worldcat.org/fast/1922530.,http://id.worldcat.org/fast/1922530.,fast,655,1,Road fiction.
http://id.worldcat.org/fast/1922578.,http://id.worldcat.org/fast/1922578.,fast,655,1,Utopian fiction.
http://id.worldcat.org/fast/1941036.,http://id.worldcat.org/fast/1941036.,fast,655,1,Festschriften.
http://id.worldcat.org/fast/1941319.,http://id.worldcat.org/fast/1941319.,fast,655,1,Paper dolls.
http://id.worldcat.org/fast/1941322.,http://id.worldcat.org/fast/1941322.,fast,655,1,Erasure poetry.
http://id.worldcat.org/fast/1941332.,http://id.worldcat.org/fast/1941332.,fast,655,1,Political poetry.
http://id.worldcat.org/fast/1985328.,http://id.worldcat.org/fast/1985328.,fast,655,1,Songs and music.
http://id.worldcat.org/fast/1986233.,http://id.worldcat.org/fast/1986233.,fast,655,1,Woodcuts.
http://id.worldcat.org/fast/1986255.,http://id.worldcat.org/fast/1986255.,fast,655,1,Screen prints.
http://id.worldcat.org/fast/1986256.,http://id.worldcat.org/fast/1986256.,fast,655,1,Collages.
http://id.worldcat.org/fast/1986261.,http://id.worldcat.org/fast/1986261.,fast,655,1,Lithographs.
http://id.worldcat.org/fast/1986270.,http://id.worldcat.org/fast/1986270.,fast,655,1,Documentary photographs.
http://rdaregistry.info/termList/RDAMaterial/1004.,http://rdaregistry.info/termList/RDAMaterial/1004.,rdamat,340,1,Bristol board
http://rdaregistry.info/termList/RDAMaterial/1029.,http://rdaregistry.info/termList/RDAMaterial/1029.,rdamat,340,1,plastic
http://rdaregistry.info/termList/RDAMaterial/1039.,http://rdaregistry.info/termList/RDAMaterial/1039.,rdamat,340,1,textile
http://vocab.getty.edu/aat/300011734.,http://vocab.getty.edu/aat/300011734.,aat,655,1,Earth (soil)
http://vocab.getty.edu/aat/300011914.,http://vocab.getty.edu/aat/300011914.,aat,655,1,Wood (plant material)
http://vocab.getty.edu/aat/300014078.,http://vocab.getty.edu/aat/300014078.,aat,655,1,Canvas (textile material)
http://vocab.getty.edu/aat/300014130.,http://vocab.getty.edu/aat/300014130.,aat,655,1,Rag paper.
http://vocab.getty.edu/aat/300014249.,http://vocab.getty.edu/aat/300014249.,aat,655,1,String (fiber product)
http://vocab.getty.edu/aat/300014614.,http://vocab.getty.edu/aat/300014614.,aat,655,1,Blocks (shaped masses)
http://vocab.getty.edu/aat/300014634.,http://vocab.getty.edu/aat/300014634.,aat,655,1,Dowels.
http://vocab.getty.edu/aat/300014681.,http://vocab.getty.edu/aat/300014681.,aat,655,1,Sticks (object genre)
http://vocab.getty.edu/aat/300015577.,http://vocab.getty.edu/aat/300015577.,aat,655,1,Foldouts.
http://vocab.getty.edu/aat/300022187.,http://vocab.getty.edu/aat/300022187.,aat,650,1,Neo-Dada.
http://vocab.getty.edu/aat/300024549.,http://vocab.getty.edu/aat/300024549.,aat,655,1,Magnets.
http://vocab.getty.edu/aat/300026059.,http://vocab.getty.edu/aat/300026059.,aat,655,1,Catalogs (documents)
http://vocab.getty.edu/aat/300026096.,http://vocab.getty.edu/aat/300026096.,aat,655,1,Exhibition catalogs.
http://vocab.getty.edu/aat/300028577.,http://vocab.getty.edu/aat/300028577.,aat,655,1,Typescripts.
http://vocab.getty.edu/aat/300028882.,http://vocab.getty.edu/aat/300028882.,aat,655,1,Erotica.
http://vocab.getty.edu/aat/300033565.,http://vocab.getty.edu/aat/300033565.,aat,655,1,Nails (fasteners)
http://vocab.getty.edu/aat/300036363.,http://vocab.getty.edu/aat/300036363.,aat,655,1,Fasteners.
http://vocab.getty.edu/aat/300041366.,http://vocab.getty.edu/aat/300041366.,aat,655,1,Aquatints (prints)
http://vocab.getty.edu/aat/300045627.,http://vocab.getty.edu/aat/300045627.,aat,655,1,Bottles.
http://vocab.getty.edu/aat/300045657.,http://vocab.getty.edu/aat/300045657.,aat,655,1,Cans (containers)
http://vocab.getty.edu/aat/300045659.,http://vocab.getty.edu/aat/300045659.,aat,655,1,Cases (containers)
http://vocab.getty.edu/aat/300046300.,http://vocab.getty.edu/aat/300046300.,aat,655,1,Photographs.
http://vocab.getty.edu/aat/300053228.,http://vocab.getty.edu/aat/300053228.,aat,655,1,Drypoint (printing process)
http://vocab.getty.edu/aat/300053241.,http://vocab.getty.edu/aat/300053241.,aat,655,1,Etching (printing process)
http://vocab.getty.edu/aat/300053275.,http://vocab.getty.edu/aat/300053275.,aat,655,1,Photolithography.
http://vocab.getty.edu/aat/300053324.,http://vocab.getty.edu/aat/300053324.,aat,655,1,Overprinting.
http://vocab.getty.edu/aat/300055931.,http://vocab.getty.edu/aat/300055931.,aat,655,1,Poetry.
http://vocab.getty.edu/aat/300055932.,http://vocab.getty.edu/aat/300055932.,aat,655,1,Concrete poetry.
http://vocab.getty.edu/aat/300100194.,http://vocab.getty.edu/aat/300100194.,aat,655,1,Line drawings (drawings)
http://vocab.getty.edu/aat/300124117.,http://vocab.getty.edu/aat/300124117.,aat,655,1,Plant material.
http://vocab.getty.edu/aat/300127269.,http://vocab.getty.edu/aat/300127269.,aat,655,1,Manipulated photographs.
http://vocab.getty.edu/aat/300133032.,http://vocab.getty.edu/aat/300133032.,aat,655,1,Cubes (geometric figures)
http://vocab.getty.edu/aat/300133555.,http://vocab.getty.edu/aat/300133555.,aat,655,1,Hand coloring.
http://vocab.getty.edu/aat/300134997.,http://vocab.getty.edu/aat/300134997.,aat,655,1,Film stills.
http://vocab.getty.edu/aat/300152367.,http://vocab.getty.edu/aat/300152367.,aat,655,1,Chapbooks.
http://vocab.getty.edu/aat/300162056.,http://vocab.getty.edu/aat/300162056.,aat,655,1,Black-and-white photography.
http://vocab.getty.edu/aat/300163347.,http://vocab.getty.edu/aat/300163347.,aat,655,1,Mixed media.
http://vocab.getty.edu/aat/300163644.,http://vocab.getty.edu/aat/300163644.,aat,655,1,Deed books.
http://vocab.getty.edu/aat/300178463.,http://vocab.getty.edu/aat/300178463.,aat,655,1,Handscrolls.
http://vocab.getty.edu/aat/300178549.,http://vocab.getty.edu/aat/300178549.,aat,655,1,Impressions (prints)
http://vocab.getty.edu/aat/300183813.,http://vocab.getty.edu/aat/300183813.,aat,655,1,Hosho.
http://vocab.getty.edu/aat/300185694.,http://vocab.getty.edu/aat/300185694.,aat,655,1,Sails.
http://vocab.getty.edu/aat/300191818.,http://vocab.getty.edu/aat/300191818.,aat,655,1,Handmade.
http://vocab.getty.edu/aat/300194347.,http://vocab.getty.edu/aat/300194347.,aat,655,1,Visual poetry.
http://vocab.getty.edu/aat/300194509.,http://vocab.getty.edu/aat/300194509.,aat,655,1,Bags (generic containers)
http://vocab.getty.edu/aat/300195133.,http://vocab.getty.edu/aat/300195133.,aat,655,1,Book jackets.
http://vocab.getty.edu/aat/300198929.,http://vocab.getty.edu/aat/300198929.,aat,655,1,Portfolios (containers)
http://vocab.getty.edu/aat/300199780.,http://vocab.getty.edu/aat/300199780.,aat,655,1,Ollas (vessels)
http://vocab.getty.edu/aat/300207379.,http://vocab.getty.edu/aat/300207379.,aat,655,1,Stickers.
http://vocab.getty.edu/aat/300211072.,http://vocab.getty.edu/aat/300211072.,aat,655,1,Blocks (toys)
http://vocab.getty.edu/aat/300211178.,http://vocab.getty.edu/aat/300211178.,aat,655,1,Paper dolls.
http://vocab.getty.edu/aat/300211392.,http://vocab.getty.edu/aat/300211392.,aat,655,1,Wrappers (book covers)
http://vocab.getty.edu/aat/300212499.,http://vocab.getty.edu/aat/300212499.,aat,655,1,Shirts (main garments)
http://vocab.getty.edu/aat/300216195.,http://vocab.getty.edu/aat/300216195.,aat,655,1,Handkerchiefs.
http://vocab.getty.edu/aat/300216739.,http://vocab.getty.edu/aat/300216739.,aat,655,1,Pockets (bags)
http://vocab.getty.edu/aat/300217923.,http://vocab.getty.edu/aat/300217923.,aat,655,1,Packs of cards.
http://vocab.getty.edu/aat/300233399.,http://vocab.getty.edu/aat/300233399.,aat,655,1,Die cutting.
http://vocab.getty.edu/aat/300233405.,http://vocab.getty.edu/aat/300233405.,aat,655,1,Impressing.
http://vocab.getty.edu/aat/300234006.,http://vocab.getty.edu/aat/300234006.,aat,655,1,Beads (pierced objects)
http://vocab.getty.edu/aat/300239307.,http://vocab.getty.edu/aat/300239307.,aat,655,1,Ties (fasteners)
http://vocab.getty.edu/aat/300247399.,http://vocab.getty.edu/aat/300247399.,aat,655,1,Life preservers.
http://vocab.getty.edu/aat/300247923.,http://vocab.getty.edu/aat/300247923.,aat,650,1,Folding (process)
http://vocab.getty.edu/aat/300249275.,http://vocab.getty.edu/aat/300249275.,aat,650,1,Ecological art.
http://vocab.getty.edu/aat/300251499.,http://vocab.getty.edu/aat/300251499.,aat,655,1,Concrete poems.
http://vocab.getty.edu/aat/300252980.,http://vocab.getty.edu/aat/300252980.,aat,655,1,Fanzines.
http://vocab.getty.edu/aat/300253051.,http://vocab.getty.edu/aat/300253051.,aat,655,1,Cords (binding components)
http://vocab.getty.edu/aat/300253104.,http://vocab.getty.edu/aat/300253104.,aat,655,1,Interleaving.
http://vocab.getty.edu/aat/300255863.,http://vocab.getty.edu/aat/300255863.,aat,655,1,Acetate film.
http://vocab.getty.edu/aat/300257224.,http://vocab.getty.edu/aat/300257224.,aat,655,1,Board books.
http://vocab.getty.edu/aat/300257370.,http://vocab.getty.edu/aat/300257370.,aat,655,1,Double leaves.
http://vocab.getty.edu/aat/300262844.,http://vocab.getty.edu/aat/300262844.,aat,655,1,Stamps (marks)
http://vocab.getty.edu/aat/300263587.,http://vocab.getty.edu/aat/300263587.,aat,655,1,Coptic bindings.
http://vocab.getty.edu/aat/300263749.,http://vocab.getty.edu/aat/300263749.,aat,655,1,Cloth books (books)
http://vocab.getty.edu/aat/300264038.,http://vocab.getty.edu/aat/300264038.,aat,655,1,Crochet (needlework)
http://vocab.getty.edu/aat/300264218.,http://vocab.getty.edu/aat/300264218.,aat,655,1,Pamphlet bindings.
http://vocab.getty.edu/aat/300264640.,http://vocab.getty.edu/aat/300264640.,aat,655,1,Vinylcuts.
http://vocab.getty.edu/aat/300265621.,http://vocab.getty.edu/aat/300265621.,aat,655,1,Inkjet prints.
http://vocab.getty.edu/aat/300310088.,http://vocab.getty.edu/aat/300310088.,aat,655,1,Broadsheet (format)
http://vocab.getty.edu/aat/300375519.,http://vocab.getty.edu/aat/300375519.,aat,655,1,Kozo (paper)
http://vocab.getty.edu/aat/300379073.,http://vocab.getty.edu/aat/300379073.,aat,655,1,Foil stamping.
http://vocab.getty.edu/aat/300417532.,http://vocab.getty.edu/aat/300417532.,aat,655,1,Accordion folding.
http://vocab.getty.edu/aat/300417761.,http://vocab.getty.edu/aat/300417761.,aat,655,1,Cloth bindings (bookbindings)
http://vocab.getty.edu/aat/300422132.,http://vocab.getty.edu/aat/300422132.,aat,655,1,Book slipcases.
http://vocab.getty.edu/aat/300429554.,http://vocab.getty.edu/aat/300429554.,aat,655,1,Newspaper clippings.
http://vocab.getty.edu/aat/300435283.,http://vocab.getty.edu/aat/300435283.,aat,655,1,Stencil prints.
https://en.homosaurus.org/v4/homoit0000506.,https://en.homosaurus.org/v4/homoit0000506.,homoit,650,1,Gay men.
https://homosaurus.org/v4/homoit0000375.,https://homosaurus.org/v4/homoit0000375.,homoit,650,1,Drag queens.
https://homosaurus.org/v4/homoit0000387.,https://homosaurus.org/v4/homoit0000387.,homoit,650,1,Ecofeminism.
https://homosaurus.org/v4/homoit0000442.,https://homosaurus.org/v4/homoit0000442.,homoit,650,1,Kinks and fetishes.
https://homosaurus.org/v4/homoit0000470.,https://homosaurus.org/v4/homoit0000470.,homoit,650,1,Gay artists.
https://homosaurus.org/v4/homoit0000571.,https://homosaurus.org/v4/homoit0000571.,homoit,650,1,Gender identity.
https://homosaurus.org/v4/homoit0000652.,https://homosaurus.org/v4/homoit0000652.,homoit,650,1,Human rights.
https://homosaurus.org/v4/homoit0000691.,https://homosaurus.org/v4/homoit0000691.,homoit,650,1,Kissing.
https://homosaurus.org/v4/homoit0001052.,https://homosaurus.org/v4/homoit0001052.,homoit,650,1,Nude art.
https://homosaurus.org/v4/homoit0001261.,https://homosaurus.org/v4/homoit0001261.,homoit,650,1,Secrecy.
https://homosaurus.org/v4/homoit0001278.,https://homosaurus.org/v4/homoit0001278.,homoit,650,1,Sexism.
https://homosaurus.org/v4/homoit0001293.,https://homosaurus.org/v4/homoit0001293.,homoit,650,1,Sexual harassment.
https://homosaurus.org/v4/homoit0001299.,https://homosaurus.org/v4/homoit0001299.,homoit,650,1,Sexual practices.
https://homosaurus.org/v4/homoit0001488.,https://homosaurus.org/v4/homoit0001488.,homoit,650,1,Vagina.
https://homosaurus.org/v4/homoit0002398.,https://homosaurus.org/v4/homoit0002398.,homoit,650,1,Black Lives Matter movement.
lcgft|address-books,,lcgft,655,1,Address books.
lcgft|architectural-photography,,lcgft,655,1,Architectural photography.
lcgft|art-calendars,,lcgft,655,1,Art calendars.
lcgft|artists-book,,lcgft,655,1,Artists' book.
lcgft|artists-writings,,lcgft,655,1,Artists' writings.
lcgft|creative,,lcgft,655,1,Creative
lcgft|imaginary-biography,,lcgft,655,1,Imaginary biography.
lcgft|literature-experimental,,lcgft,655,1,"Literature, Experimental."
lcgft|poetry,,lcgft,655,1,Poetry.
lcgft|telegraphs,,lcgft,655,1,Telegraphs.
lcgft|toys-and-movable-books,,lcgft,655,1,Toys and movable books.
lcgft|triptychs,,lcgft,655,1,Triptychs.
lctgm|snapshots,,lctgm,650,1,Snapshots.
local|altered-books,,local,655,1,Altered books
local|conceptual-bookworks,,local,655,1,Conceptual bookworks.
local|corrugated-paperboard-bindings,,local,655,1,Corrugated paperboard bindings.
local|offset-printing,,local,650,1,Offset printing
local|stab-binding,,local,655,1,Stab binding.
none|artists-books,,,655,1,Artists' books.
none|conceptual-art,,,655,1,Conceptual art.
rbgenr|artists-books,,rbgenr,655,1,Artists' books
rbgen|artists-books,,rbgen,655,1,Artists' books
rbmscv|artists-bookszunited-states,,rbmscv,655,1,Artists' bookszUnited States.
rbmscv|bookmarks,,rbmscv,655,1,Bookmarks
rbmscv|chapbooks,,rbmscv,655,1,Chapbooks
rbmscv|comic-books,,rbmscv,655,1,Comic books
rbmscv|paper-cutouts-paper,,rbmscv,655,1,Paper cutouts (Paper)
rbmscv|photobooks,,rbmscv,655,1,Photobooks
rbmscv|pop-up-books,,rbmscv,655,1,Pop-up books
rbmscv|unbound-sheets,,rbmscv,655,1,Unbound sheets
rbmscv|unique-books,,rbmscv,655,1,Unique books
rbpap|paper-evidence-paper,,rbpap,655,1,Paper evidence (Paper)
